track,environment.air_density_kgpm3,environment.headwind_mps,tyres.mu_lateral_ref,tyres.mu_longitudinal_ref,powertrain.power_scale,aero.lift_curve_slope_scale,aero.wing_cd0,aero.stall_angle_deg,aero.baseline_cl,optimum_angle_deg,minimum_lap_time_s,gain_vs_10deg_s
low_downforce,1.16537156656,1.35897333438,1.80162952674,1.65029586935,1.03208913776,1.04330300291,0.0622683917926,19.9735587035,2.57623715812,18,68.9600783809,0.173110397271
low_downforce,1.19217172419,0.797981710548,1.99995516583,1.73559613278,1.02539926941,0.976095679083,0.0638860385306,16.5615110363,2.49006033673,16,67.909024793,0.107285269048
low_downforce,1.19789494257,0.458005625369,1.85215319662,1.94059726904,1.04363034642,0.933344276332,0.0593388738029,16.4104790568,2.21014690416,16,67.502303052,0.218419367511
low_downforce,1.2290500371,2.02276968139,1.83172797815,1.94545293079,0.971379436346,1.06764234366,0.0492500216839,17.5941840813,2.19939339974,17,69.4431816645,0.26083272744
low_downforce,1.1257290133,-1.52043744653,1.85501662304,1.70338771991,1.00610186746,0.93441511997,0.0514931194263,16.6889605829,2.33024483847,16,69.0019856755,0.197354412276
low_downforce,1.12635737759,-3.44768240944,1.8351025189,1.98965289033,0.95799645458,1.07610073399,0.0590882125775,19.2024257419,2.40752947487,18,68.6878793808,0.211533989231
low_downforce,1.26606650336,-3.1048784665,1.9488340234,1.9634745758,0.985196140348,0.901351886959,0.0567551375807,18.3266042466,2.30910577343,18,67.9461700419,0.194471512616
low_downforce,1.25019088706,0.341974497105,1.84390080396,1.99302794477,0.97247481968,1.08394973272,0.0502991006246,17.9369839362,2.57611282698,17,68.4175143946,0.218807683598
low_downforce,1.18332290983,-0.800149257433,1.96951311707,1.66021273184,0.982538769055,1.07141649389,0.0552548080606,18.325045638,2.56263841743,17,69.1381378774,0.12614208275
low_downforce,1.15147761992,2.20035592551,2.01559133159,1.72553973913,1.03505516684,0.970278015877,0.0607165689341,18.203024316,2.20720645654,18,68.1677571123,0.149436934969
low_downforce,1.17873625421,1.26468915659,1.75901624523,1.99273914176,0.9728776462,0.936057438625,0.0638451454132,16.2162039532,2.53272293606,16,69.1044059707,0.167416335873
low_downforce,1.18732096195,0.471662901662,2.053644713,1.97613651949,0.954105111894,0.955145163497,0.0618014645164,20.7200595925,2.43528137962,15,68.4050758409,0.093565964291
low_downforce,1.13079815735,3.1276553707,1.76489661489,1.87303273412,0.951160632852,1.04833148827,0.0504330274936,20.5576865968,2.39534575978,18,70.3208298228,0.236945188343
low_downforce,1.27011292155,1.58680967293,1.97530155998,1.69089072991,0.954828566178,1.09229556379,0.0661386242284,19.2633987322,2.19266854835,17,70.7629300595,0.10958179615
low_downforce,1.12438851137,-3.68241226765,1.89001439005,1.91140896068,0.968005381515,0.958145051184,0.0587652941568,18.1938150205,2.51791387946,18,68.3518780136,0.163389416703
low_downforce,1.21000575859,-0.675478016076,1.78036310197,1.67808837475,1.03222850531,1.08757649376,0.0662071836163,18.1072268377,2.17383922963,18,69.4322196526,0.238992575245
low_downforce,1.27454372943,-0.0475002698936,1.77630947678,1.77766477159,0.994988588458,0.944487861374,0.0609824777278,20.4055459505,2.38040690713,18,69.6176660988,0.210594686116
low_downforce,1.26995083652,-3.05878343142,1.99301565324,1.91846668055,0.95528726613,1.07041540765,0.0485055437398,20.5669497037,2.36303978421,18,68.5426209276,0.200408696774
low_downforce,1.17578097374,0.426097077372,2.02794246573,1.76890812816,0.975671260698,1.0917210706,0.0534829087577,19.0948872252,2.5488100537,17,68.590682206,0.122289725346
low_downforce,1.22272436013,0.567686933813,2.02304516414,1.69810878474,0.990267555647,0.917579962066,0.0671964026028,18.4690577734,2.4931837612,15,68.9660944591,0.0722985252983
low_downforce,1.20100023442,-0.968310033343,2.02228490536,1.96796680263,0.996455808152,0.950418702723,0.0588483751369,20.2535722233,2.46532200775,17,67.2301389461,0.138143186412
low_downforce,1.20674809227,-3.64663862622,2.04271107133,1.92280861121,1.03303022147,0.914035801015,0.0664973767085,20.5042032967,2.16090138164,18,66.7825825499,0.163718731794
low_downforce,1.2434847902,-1.40462702455,1.91260053703,1.95361308336,1.00157876931,1.00956806915,0.0583647950161,20.5750647326,2.58617450026,18,67.4379450638,0.175864778912
low_downforce,1.15146612588,3.31380096804,1.80155970537,1.81674609694,0.978572866504,1.05045875887,0.0644764890558,18.1542000323,2.31943183198,18,70.0276774727,0.177606037289
low_downforce,1.13694832098,3.76276009979,1.91377200085,1.94987146319,1.0361204454,0.999046477755,0.0584168154718,17.3685580918,2.38593776265,17,67.2698496928,0.190498922121
low_downforce,1.24893472578,-1.63457677523,1.89141175998,1.70968335641,0.984719809329,0.969395908545,0.0536045750309,19.8304450764,2.62118565553,18,69.064182992,0.15818949826
low_downforce,1.18147431505,-3.24576191169,1.94090364744,1.82456147101,1.03440795468,1.02694573164,0.0538961605582,18.3982227265,2.56048444001,18,66.809522553,0.201116034922
low_downforce,1.20063031569,-1.49348079436,1.87125382497,1.72748361139,1.02309855862,0.901127431224,0.0670601165774,18.9313259701,2.58802241949,17,68.2665243906,0.127708848306
low_downforce,1.23700196372,-0.311090824369,1.76078318615,1.99301409042,1.01350973897,0.950065416172,0.0585222549172,18.8854774983,2.29275467674,18,68.2281042064,0.2792739795
low_downforce,1.18254728114,1.43315222058,1.89926746216,1.84950659878,0.963340715349,0.987979940961,0.0630281595057,18.1568410654,2.26123905698,17,69.7708119953,0.150113447806
low_downforce,1.27516407412,-3.63672149348,1.91868148439,1.75375619108,1.03897831468,1.00601093965,0.0532556604483,18.11409221,2.38227045181,18,67.4983894663,0.233548244639
low_downforce,1.16973816357,1.72335089556,1.99876600707,1.86329411403,0.958584628548,1.06000124383,0.051324924378,17.5059438342,2.5828947077,17,68.7526634113,0.129397278399
low_downforce,1.16553393617,-3.21502251315,1.82014360095,1.86242266331,1.04490176541,0.995806326019,0.0461719534821,18.4421679498,2.39912758492,18,67.0345115067,0.314433387627
low_downforce,1.24555262325,0.545056647551,1.76573367931,1.95751361099,0.987517496289,1.05093380271,0.0613916647316,20.4639505455,2.52060256835,18,68.7888036099,0.218120449977
low_downforce,1.22705215796,2.86246970241,1.80234039524,1.72025683791,0.974438397696,1.01833467312,0.0482570534357,18.8025047628,2.1759860075,18,70.7240607656,0.262393141299
low_downforce,1.17485192173,0.934219827378,1.75293279561,1.66513402568,0.969630310375,0.963799190271,0.0546585920132,17.9166579773,2.48220001144,17,70.7492282726,0.192993582149
low_downforce,1.22997037941,-1.0888666246,1.93310955406,1.7293786351,0.952666340292,1.06790078597,0.0618685380744,17.3546032638,2.31085348579,17,70.2207634466,0.13444910183
low_downforce,1.20497659595,3.5988643016,2.04341940033,1.6715045767,1.00658933676,1.01569454246,0.0545515353877,19.2123831203,2.36622912329,17,68.9134199059,0.124042320152
low_downforce,1.15935303009,-3.94195751751,1.84605862833,1.94581779688,1.01779656118,1.08870843426,0.0669287495281,17.994068019,2.31717399225,18,67.5002767133,0.220507035584
low_downforce,1.15828010095,-3.13939465191,1.90539985667,1.81868919502,0.992155418148,1.09964498348,0.0562764296875,19.530186271,2.46529622059,18,68.1949093008,0.194012793827
low_downforce,1.27320746646,3.36667871664,1.94865114448,1.77480634166,1.04154230335,1.08775794597,0.0586350438507,17.6900391448,2.61902548032,17,67.6034587176,0.149577876424
low_downforce,1.23186078609,-0.556607591312,2.0807563533,1.78537041033,1.00866743836,1.00052003011,0.0637851533416,19.444212844,2.20870466508,17,68.1074953138,0.124222833963
low_downforce,1.2192108308,0.23227063687,1.94345498761,1.70849745578,1.00006793707,0.969568825262,0.0591800186143,20.6624354645,2.54001428953,17,68.7780340129,0.126040840869
low_downforce,1.14026065453,0.750341376111,1.84194726249,1.81964480302,1.03537731815,0.986319363088,0.0589444141244,20.5173818111,2.27841439179,18,68.1100166025,0.233239331191
low_downforce,1.26863775391,0.0213991049204,2.04853321252,1.94378078971,0.959157998302,0.933672440652,0.0576695073612,18.1319000798,2.25468054427,17,68.7379815464,0.134748794674
low_downforce,1.26577764813,1.22856858946,1.8239858015,1.69107340284,1.01383923883,0.960455308341,0.0643619799093,16.9068758395,2.34152865514,16,69.607109572,0.161659974371
low_downforce,1.22632385035,-0.988100082083,2.03792231072,1.93652948718,1.03904317536,0.904066007567,0.0669034240533,16.8204254863,2.63153915122,16,66.1486599464,0.0982005998942
low_downforce,1.13519769769,3.92858426214,1.94982222724,1.82576718347,0.964606185791,0.975771067047,0.0664108172576,20.3800866902,2.36048991384,15,69.6997469328,0.095200448131
low_downforce,1.22014730963,-2.45355004947,1.98283269012,1.89248836651,0.972527360633,0.907759491365,0.0479426610927,16.6136311024,2.52854951825,16,68.0297861359,0.159184449311
low_downforce,1.2176920516,-2.39221359166,1.95835847296,1.78855441085,1.04194622726,1.00402321316,0.0568705029912,17.0561455094,2.22351953487,17,67.4473796266,0.214313027232
low_downforce,1.16547153432,3.44197657076,1.83036607758,1.98663679551,1.04404609719,0.962502626406,0.0609749334909,17.3307852798,2.64172685623,17,66.9663640032,0.187246121291
low_downforce,1.16296237447,-0.418610109469,1.88662618778,1.79055977816,0.978529806244,0.946296198206,0.0605660248559,20.6250005399,2.2381840929,18,69.5185826192,0.17519498971
low_downforce,1.13831223219,-1.194057949,1.95685731851,1.9468528388,1.01793190915,0.970229858731,0.0489070646821,16.4470802971,2.41921723793,16,66.9039931447,0.19715684285
low_downforce,1.16031014749,3.75565372311,1.93491874563,1.86685616715,0.998606868109,1.04238257037,0.0612661424361,16.4711709411,2.46238973367,16,68.4466152922,0.132137929906
low_downforce,1.12338866497,-2.8535094441,1.80979852909,1.84599196027,1.03173385909,0.927352657885,0.0508512984691,17.3087276495,2.63031884722,17,67.2245910283,0.23457509679
low_downforce,1.2469912184,3.18919686339,1.96813403026,1.81801558612,0.955856902926,1.09974861282,0.0674825912785,19.3265883669,2.25063282144,17,70.1384878443,0.107865276317
low_downforce,1.12498360461,1.65082264739,1.82983823044,1.67695483614,1.02516941582,1.0679614518,0.0460815987188,19.5791655439,2.31116065017,18,68.999523048,0.272590240635
low_downforce,1.2728512818,-0.466842139309,2.00639468701,1.94366845705,1.010192824,0.943159525106,0.0525136110675,18.262045951,2.15977410612,18,67.61243727,0.223984036641
low_downforce,1.22641067155,-1.41632327145,1.95358847659,1.99902233063,0.992951417389,1.08356738504,0.0580073443705,17.2290103735,2.17812299987,17,67.89066959,0.216114441354
low_downforce,1.24015850708,2.98415920991,1.96203940435,1.66936431109,1.03936740878,0.989153978546,0.0504123843774,20.583738758,2.18569488723,18,68.6807244912,0.218571088056
low_downforce,1.13150689442,-2.98658754919,1.76195957654,1.69307004021,1.03897315869,1.08325434941,0.0563854754526,19.6164850454,2.59860886536,18,68.1419488122,0.245664943311
low_downforce,1.15399730652,-3.6012029207,1.75561197247,1.7296884849,1.01312515012,1.02733032134,0.0583855244887,19.5944541591,2.49395612248,18,68.7706996201,0.239167146957
low_downforce,1.12982897668,3.31147974666,2.01426479397,1.88228817727,0.998539642964,0.986331060942,0.0533603513916,19.3400670409,2.25403187997,18,68.1960455057,0.170536682243
low_downforce,1.21007453116,0.108669259725,1.9167678197,1.89914250021,1.01094963377,1.01471454943,0.0454041469972,19.1591152922,2.29459740387,18,67.8056061145,0.267682456922
low_downforce,1.24519369445,-2.92705647828,2.03242402245,1.91613486885,0.998808767628,1.07674091771,0.0557018372203,19.4859156561,2.440170077,18,67.1887081067,0.16942627425
low_downforce,1.17687941339,2.572923596,2.0454015929,1.74211932926,0.970216318389,0.960450388265,0.066112514963,17.5101628762,2.47137249242,15,69.3147609456,0.0645493140076
low_downforce,1.22916524359,-2.83244131611,1.86315404434,1.84325414175,1.02831356473,0.997407896676,0.0600415130438,18.7548472018,2.24090145794,18,67.899258264,0.242988609941
low_downforce,1.22828281581,3.51129185152,1.76122982314,1.8090789887,0.954930513661,1.06356644212,0.0668342732857,18.546009621,2.49567333691,17,70.7764153746,0.147689265611
low_downforce,1.1283736602,-0.619048583212,2.00714193775,1.81399785814,0.97004531472,1.05244902749,0.060101779972,18.6055720558,2.5096427116,17,68.58264572,0.106248565911
low_downforce,1.27411042703,3.85239160081,1.77329800945,1.68912932487,1.04192248112,1.08247715545,0.0623840405679,18.9963205044,2.23979241692,18,69.5369109231,0.241305952603
low_downforce,1.21604568839,-3.28875998108,1.79798747763,1.91829931346,1.04306713547,0.921649981288,0.049840753732,17.521215217,2.56883567755,17,66.8113772278,0.268059494514
low_downforce,1.14142781409,-3.82560123149,1.9064387015,1.83047265322,1.00821156378,1.07690975813,0.0612377502098,17.5585658192,2.23222190603,17,68.081746822,0.207453147305
low_downforce,1.21077646298,0.226667002384,1.8508425703,1.79097005248,1.0153965576,1.01036693331,0.0688308714012,17.9757391008,2.18065522105,17,69.0490795182,0.185223030637
low_downforce,1.26007140913,1.07224062642,2.0588736724,1.99129971697,0.999788249588,0.997674350428,0.0570496347847,18.0093462985,2.29801877324,18,67.4036261503,0.159697818702
low_downforce,1.24516133272,-1.92319726766,2.00934259614,1.94322851916,1.01104615443,0.992852781021,0.0689507934281,19.6606291773,2.33565219405,17,67.3052404784,0.130985555644
low_downforce,1.27898048425,-2.46026458936,1.88619051077,1.81659338788,0.984022108686,0.995939931318,0.0460651120559,18.9645631972,2.58915639251,18,68.4355655642,0.220684442693
low_downforce,1.12029476289,-3.85441447338,1.92184497549,1.76404987156,1.00339805967,1.09769102503,0.0619751368565,17.9187999086,2.31261306412,17,68.3120728821,0.179402425547
low_downforce,1.27643638051,3.93609487763,1.93366893615,1.85689257563,0.953689740144,1.02962153787,0.04666044162,17.2176722282,2.44686160109,17,69.6967215006,0.175743865092
low_downforce,1.21148646196,-3.16139838918,2.09529471105,1.70699641886,1.02512430428,1.09610352279,0.0501717582867,20.9429192925,2.53602996334,18,67.0455017781,0.152785686495
low_downforce,1.13812320173,2.781494868,1.94168082006,1.78667968939,1.03577276044,1.08642918304,0.0589243200547,17.4494129966,2.22987376005,17,68.0889468578,0.1928752209
low_downforce,1.2561534134,0.47107197633,2.08394027276,1.92023521071,0.95254101192,1.06711761426,0.0621263634954,18.7688364987,2.57832282669,15,68.4292963262,0.0795475538422
low_downforce,1.14200620464,-2.52413492235,2.08249253184,1.74154979776,0.991277933488,1.00283541935,0.0521403771485,18.3828227503,2.2723852394,18,68.2038738162,0.152657332436
low_downforce,1.27346590734,-1.23887990744,2.05368803583,1.81372181328,0.988932763948,0.99378249595,0.0591247923234,16.6445773699,2.25552402156,16,68.4289541273,0.134959739399
low_downforce,1.13160406932,1.98525109127,1.87504656446,1.68803142049,1.00618535545,1.04837345651,0.0620932097223,16.9031707953,2.27023740592,16,69.552842265,0.157900427039
low_downforce,1.16372208957,-3.76506188289,1.75597125038,1.94674113916,1.03316508583,0.934514860245,0.0650266783091,17.6850257382,2.51612298535,17,67.284028102,0.225863835966
low_downforce,1.23864627231,2.5322306351,1.9450623129,1.70990067621,0.992049223725,0.985522588497,0.0508429642021,20.9707761649,2.41550404189,18,69.2978296175,0.166149051144
low_downforce,1.23155533868,-0.687654320492,1.95645264631,1.79301455142,0.954678306792,0.961522144439,0.0576352202403,19.9291215925,2.29537589001,17,69.7697607319,0.144042442601
low_downforce,1.1651576778,2.03737980401,1.84151727619,1.78429001272,1.03981318843,0.986389936865,0.0500622994782,18.7625748848,2.16438983415,18,68.4227187266,0.28725538601
low_downforce,1.1978866703,-0.273841160417,1.92879180575,1.74009879548,0.951310606521,1.04868455956,0.0620396017619,20.9541313649,2.5675008333,16,69.8719602363,0.100637191908
low_downforce,1.20345328379,-1.21953297445,1.76627873042,1.98054261574,1.02135180409,1.00583640907,0.0682277171491,17.0707547771,2.27013809326,17,68.0909409144,0.234563308966
low_downforce,1.2169270758,3.17992108421,1.86434052445,1.79606417683,1.0123089681,1.09640668778,0.0694449287315,18.4841746596,2.59991315381,17,68.6643206286,0.122051779654
low_downforce,1.25105872757,-3.57468398026,2.07270171691,1.81643989969,1.02783986763,1.00921317564,0.0626891709919,19.2882223264,2.16596243953,18,67.2838059301,0.165338039196
low_downforce,1.26925603538,1.89301145146,2.00188334655,1.66211839949,1.00121762094,0.919992245176,0.0521785261996,18.5527086922,2.60419784768,17,68.8220983909,0.115317733056
low_downforce,1.15631797519,-2.0754085656,1.76719467869,1.73647572559,1.03393570602,1.0140399531,0.0588795641016,20.5333956999,2.6079174183,18,68.1628874847,0.223905032457
low_downforce,1.2565884157,3.74615112005,2.03547188978,1.77440875777,1.03917368807,1.06091016545,0.069609883537,18.8079403677,2.57649509655,15,67.5186731702,0.0826507487271
low_downforce,1.1689390771,1.22095530728,1.87199720143,1.8902157525,0.97241520367,1.06952367893,0.058107050933,19.9535106302,2.28973240123,18,69.2783724644,0.19881967875
low_downforce,1.24966061396,-1.76466923877,2.08070913134,1.74252144401,1.04196172296,1.05633186491,0.0585605457205,20.0060578172,2.24075583227,18,67.269679181,0.166684518418
low_downforce,1.21142849243,2.71201492221,2.09569286457,1.65329181656,1.0289417636,1.01638052522,0.0504452144805,20.9528951925,2.63183690553,16,67.7260179671,0.108338111345
low_downforce,1.23218999887,-2.36612789924,1.84016664504,1.96222242598,1.01668908584,0.926292781744,0.0506391385301,16.3157942432,2.20494315966,16,67.7900131284,0.251936673826
low_downforce,1.13355660892,-3.83790472973,1.94923758406,1.88780930964,1.02555870755,0.903712451133,0.0620658232056,17.2086416004,2.43119948126,17,66.8974118224,0.164341825223
low_downforce,1.24743482532,-2.85162735739,1.82666950479,1.79169918661,1.01672323404,1.05161791501,0.0572609734178,16.9389315988,2.36101377794,17,68.4131624509,0.219563281832
low_downforce,1.16674256343,1.26543601306,2.01110268547,1.99995243444,1.01592236046,1.08738921946,0.0514437348045,19.0558366608,2.44192103327,18,66.7197030657,0.198139146762
low_downforce,1.16979209257,-1.4032796351,1.9217063937,1.66166058771,1.04388777411,1.04850209876,0.0525259923201,17.3315641781,2.49769676279,17,67.7745018556,0.194597484967
low_downforce,1.25310687609,-3.5778901584,1.94221975381,1.65050627161,0.975345361193,0.945811652487,0.0544357530406,16.6486818215,2.45164754083,16,69.5019468798,0.14109157237
low_downforce,1.22468431649,-1.17298682379,2.02247674438,1.80916297416,0.971439512861,0.933216961834,0.0465074379551,17.1570414904,2.38121021186,17,68.6230989264,0.168349636559
low_downforce,1.15041630399,3.44144660193,1.9360772094,1.84188838032,0.985242588008,1.03066048241,0.0675523907533,19.1089584752,2.35672375054,17,69.1094451072,0.113830157309
low_downforce,1.19438006622,0.244791402628,2.04689932735,1.96646171412,0.994708271751,1.07023741541,0.0470966554006,19.3602802667,2.59622685813,18,66.9224380295,0.172354350611
low_downforce,1.17463575561,-2.18032929178,1.79213266104,1.68308562646,1.03115760292,1.09527983385,0.0590623701362,16.0220744111,2.62459762213,16,68.3992796113,0.186508949765
low_downforce,1.2508984287,-0.298230489235,1.83020042794,1.8199706645,0.982540133651,1.08318266893,0.0456255643089,18.9685809363,2.61098227348,18,68.8367940748,0.240942754665
low_downforce,1.27471138106,-3.14804037871,2.07214643332,1.74412630778,1.02475765693,0.958715755134,0.0485627581923,20.680164115,2.37978164793,18,67.2705183359,0.183225297775
low_downforce,1.13704915177,1.68422613159,1.80287791505,1.68801120449,1.0282258443,0.963481061431,0.0606347690342,19.9113375803,2.48697722294,18,68.9568281237,0.184354352063
low_downforce,1.25375552183,2.46469781035,1.8843395088,1.94268025461,0.959520660956,1.00320514803,0.0645152620506,16.0238713534,2.34133014067,16,69.5877106898,0.139369100903
low_downforce,1.2204271931,-2.54286546601,1.93365157653,1.9811897273,1.03642972716,1.09911900333,0.0546223014172,16.506487829,2.24560951368,16,66.6985212857,0.229412723023
low_downforce,1.18551783618,-3.53537709503,1.85476636427,1.80859416595,0.975130141378,1.09627773079,0.0543280132755,19.6991503975,2.44190596403,18,68.9274932027,0.216469150626
low_downforce,1.18628852737,2.29940060956,1.95894655513,1.99947611711,1.02687956998,1.02615955086,0.0517620797121,18.9384317517,2.37975825237,18,66.9072846521,0.221897513749
low_downforce,1.14417351167,-3.86014659577,1.94708869642,1.98512616539,1.04332449176,0.904899764815,0.063487751263,18.584686371,2.22846487122,18,66.3842623283,0.212859981484
low_downforce,1.13783103717,3.04400567104,2.00373518569,1.99924289826,1.00588633048,0.983876678795,0.0525289299145,18.6690580969,2.22492023525,18,67.5411055697,0.202015961329
low_downforce,1.2029691632,-2.92865648895,1.84507523825,1.88889177006,1.04740428051,0.972290539666,0.0565653007309,18.5477461595,2.48634969165,18,66.822229074,0.246004425455
low_downforce,1.2361745298,3.11239814634,1.93215936222,1.76272756043,1.01190242703,0.975617463123,0.0594237335778,19.1893732775,2.3762605094,18,68.7931774367,0.152462384617
low_downforce,1.17412508642,3.63796776856,2.03440707572,1.78456754582,1.04856773483,0.942207876375,0.0568705555892,19.4862739376,2.22050414071,18,67.5572589702,0.167303311925
low_downforce,1.14738556539,-3.1200347907,1.96011468524,1.88054635201,0.979383939501,0.95786304768,0.0689124945477,17.576534576,2.43073300723,17,68.2343373252,0.108482312909
low_downforce,1.14042803583,-3.26688936887,2.09775043344,1.76823039887,0.96842706008,1.04535709664,0.0468451700092,19.6406468578,2.64039394839,17,67.8974724475,0.121505667664
low_downforce,1.14363032417,-0.0791065089553,1.93144094011,1.69094558109,1.0455399982,0.957101125232,0.0571901524558,16.2676508906,2.49639767305,16,67.7198056353,0.152793359477
low_downforce,1.2459423627,1.44214252606,2.00795936357,1.7393305247,1.02532563774,0.934953492667,0.0671061558361,17.1716680715,2.53831901758,15,67.9656609063,0.0884728313064
low_downforce,1.15877526676,-3.95200886578,2.02696243023,1.93082421236,1.02573298789,1.01231292053,0.0577989725826,18.4314026976,2.53964494821,18,66.146326783,0.16133813845
low_downforce,1.23838455168,1.69354287222,1.8472726981,1.66031127452,1.03898595048,0.962062571226,0.0550896843652,17.1570573119,2.15867598524,17,69.2449532886,0.235317565697
low_downforce,1.13347317006,1.93485305377,1.90635228883,1.66120477749,0.969746295312,0.986363303012,0.0533952956363,17.7054768141,2.56202417387,17,69.953254877,0.128933809258
low_downforce,1.21873609954,-3.95070466243,2.08048169001,1.96814168213,0.965326800755,1.04193086539,0.0457183333443,20.8899473901,2.19983135784,18,67.7826074206,0.218116975183
low_downforce,1.17906303819,3.75450250866,1.78171297179,1.76432705666,0.988732524131,1.09079186132,0.0540775592216,17.1736261099,2.6205588725,17,69.6093114333,0.192973538227
low_downforce,1.15204705548,-2.55127096918,1.99338101939,1.95821796267,0.98157643657,1.06316464219,0.0483147796724,18.7677062227,2.2762727138,18,67.6903102683,0.228394683195
low_downforce,1.23542085408,3.81583443468,1.95861958613,1.97816251921,0.985356716164,1.07385018061,0.0692072684986,18.0270312968,2.29110515985,17,68.6420058259,0.127515702234
low_downforce,1.14178043991,3.91512978008,1.92215086058,1.89662544799,1.02999567494,1.03243482066,0.0527503127597,16.6434348461,2.43374973919,16,67.5091358306,0.183233221988
low_downforce,1.18002347394,2.62898842686,1.79504405793,1.93631892362,0.976886692579,0.998541388296,0.0627251708284,20.8034305616,2.40843174108,18,69.347797834,0.188188106027
low_downforce,1.25119383259,0.0972404675556,2.06883969215,1.6922546437,1.02087601734,0.939593594026,0.0475693169338,18.0608930454,2.29426690904,18,68.0880452004,0.17589067719
low_downforce,1.24606834256,-0.68199224782,1.91537720759,1.89466828419,0.985546192282,0.983639724613,0.048306845328,20.8361883996,2.56433330487,18,68.0915961115,0.202435628089
low_downforce,1.21972494844,-0.480289860154,1.92107750824,1.89408918489,1.00578912645,1.06975133411,0.0562620224936,19.2436256601,2.58014082027,18,67.5945328585,0.180251291295
low_downforce,1.2697953206,-1.25822345635,2.02550452159,1.74341786558,1.0023717863,1.08406221709,0.0612160277887,18.7286323361,2.57105888155,17,68.0583114935,0.109970520582
low_downforce,1.22466163719,-2.92224814674,2.08213676729,1.75661672689,1.00654058867,0.932409691838,0.0562138294979,17.8142703337,2.26982497576,17,67.872452782,0.144431010913
low_downforce,1.1976252921,2.1235269817,1.80936127536,1.7407849585,1.01243318692,1.04270313548,0.0643877256142,18.5130579303,2.20712214476,18,69.6346313869,0.209919190529
low_downforce,1.13341417003,2.8521731438,1.87720037692,1.70851602631,1.03907497699,1.02158937661,0.0697727497065,16.6027924184,2.54690862344,16,68.3660791487,0.114442302284
low_downforce,1.13260739305,-2.25777040882,1.96979190771,1.78762366414,1.03583944007,1.09241937937,0.0657914812532,17.8694519846,2.37162640335,17,67.3029699969,0.154901502388
low_downforce,1.25918816281,3.34218349406,2.01953117043,1.93124275838,1.04728725579,1.06590038736,0.064579348001,18.603339253,2.39208124222,17,66.8042701691,0.145389054352
low_downforce,1.26322374113,-0.65328807606,2.04275106679,1.68945549586,0.969065670161,0.964392596293,0.0614863219436,20.4904667093,2.48858756585,15,69.3525929353,0.0831435158061
low_downforce,1.23776459759,-2.82949297187,2.08059037797,1.8595674939,0.974916772938,0.911917900739,0.0564295072688,19.2550057407,2.46762497207,17,67.9016910381,0.110959123285
low_downforce,1.17068732675,0.805154834748,1.79235055675,1.77083074424,0.980589533546,0.9702122915,0.0603214387216,20.6315270494,2.6213849784,18,69.5399407762,0.159612441127
low_downforce,1.17744939583,-2.26139473541,1.82527599258,1.74184539884,0.989443519841,1.09368591964,0.0690690712041,17.1759818387,2.22307480538,17,69.707033453,0.182179454711
low_downforce,1.25402938524,-1.85947126453,1.7855119675,1.90122985908,0.95236316077,0.969961539436,0.0464322182286,20.5614252363,2.55367843136,18,69.4402961437,0.24784778708
low_downforce,1.1316676516,-0.731725661639,2.02638305178,1.92126015656,0.951974733327,0.977222697673,0.0595400036038,20.8192434583,2.4944875315,16,68.5076660736,0.09960559986
low_downforce,1.25212755338,1.33840564147,1.83188830135,1.90982427163,0.958511636378,0.962211299027,0.045381812756,20.3214142514,2.3648303715,18,69.5987195104,0.249923450017
low_downforce,1.22658429838,1.62484703536,1.75394421276,1.93740712555,1.0217473502,0.910930380005,0.0564573255145,19.9922750727,2.15710079004,18,68.7015788835,0.299997790103
low_downforce,1.14955596673,1.19582568812,2.01030392376,1.82310402688,0.980745812534,1.01818778884,0.0504484199689,18.3605062064,2.60023094519,17,68.2009010567,0.133661852952
low_downforce,1.17458754885,-2.98886997574,2.08024981427,1.68721852838,1.03035146277,0.980585370654,0.0561334691167,17.6692915537,2.33197737853,17,67.4732659083,0.144532704969
low_downforce,1.17147200085,0.216157029065,1.87749864503,1.71100129496,0.993329699833,0.936543719722,0.0658596632676,17.8244225766,2.28015086815,17,69.6671346834,0.144793029199
low_downforce,1.12069903515,2.3762599703,1.89725335952,1.7802470047,0.983813639848,1.00359524424,0.0470333155593,18.9493415835,2.33096332388,18,69.258656387,0.215879662939
low_downforce,1.25526942229,-2.39833532883,1.85396192948,1.70341367894,0.956476780047,0.931723765225,0.0606948645826,17.0534258673,2.51070734287,17,70.2189994139,0.135663613813
low_downforce,1.22324253268,3.60781343326,2.02935275725,1.77227868472,1.02797801069,0.983717263888,0.0562534510229,17.2850984298,2.46602097695,17,67.7863140855,0.130998000566
low_downforce,1.23776117729,-0.074132953373,1.79539807228,1.92704232091,0.972833781238,0.99475845574,0.055387861314,18.9828832982,2.44187799317,18,69.1502463037,0.227395431032
low_downforce,1.15328297285,-2.20772892042,1.8534789415,1.84248785508,1.01303346233,1.06729430988,0.0639202388372,18.7130013332,2.63950401287,18,67.7249105239,0.165925198641
low_downforce,1.15951390132,-2.36697564862,1.83129790023,1.82045198226,1.04368510729,0.956802335139,0.0576584356794,18.9822011908,2.17682145436,18,67.8313510772,0.275135591266
low_downforce,1.15918188401,1.33618478339,1.910293184,1.88413231573,0.967699884841,0.901804343478,0.0561319017966,20.6444555255,2.32869629199,18,69.2143969637,0.16602233296
low_downforce,1.27715542777,1.05627813216,1.89743635308,1.83625704232,0.958628977138,1.05666375457,0.0524997719126,20.7207558257,2.62643673471,18,69.3433239511,0.158221440146
low_downforce,1.15991875255,-0.10212811797,1.97434046555,1.73509210459,0.950647247627,1.06125741851,0.0453581428096,20.9575479617,2.21844720386,18,70.0192394568,0.199948986316
low_downforce,1.1610430734,1.57418862608,2.03001977372,1.88723093133,1.00851114314,0.971736576318,0.0563981573562,16.0884654464,2.63636557466,16,67.1826852233,0.114542590538
low_downforce,1.23917733064,-0.538749956317,1.90387161249,1.85028247115,1.03481199014,1.02653414603,0.0470164665996,20.6272750681,2.5750005416,18,67.064976098,0.241123291326
low_downforce,1.26538629306,-3.78284693099,1.88652567387,1.84724353267,1.00640278713,0.984990516617,0.0694978159738,18.1529437071,2.36420820412,18,68.203342671,0.161547784183
low_downforce,1.20241702172,-1.13768587925,1.80176830695,1.96051860463,1.02020133929,1.05416894247,0.0676946804322,16.4782185255,2.21252702455,16,68.1457674767,0.209474809638
low_downforce,1.23929088729,-1.52666411806,1.83780091889,1.94661535082,1.00715795038,0.915150825429,0.0467301736354,17.2940441131,2.59517021643,17,67.5124976214,0.240593109638
low_downforce,1.27680115759,-2.84464195605,2.06184904374,1.99568189739,1.01106338295,1.09502554861,0.0577800310673,19.9673528952,2.32407949685,18,66.6557193193,0.185160985095
low_downforce,1.22980578272,1.52965099268,1.75325809542,1.72474893046,1.0041298491,1.00445612325,0.0567506431302,19.2486800308,2.17250906099,18,70.1546186186,0.268412337836
low_downforce,1.14330330093,1.45853674666,2.0628564826,1.75883084457,1.04222230085,0.917769201072,0.0528509952073,20.7249262132,2.52680551771,17,66.9404102745,0.132464403017
low_downforce,1.16229342832,0.251472983852,1.75587221591,1.65926914259,0.986257106421,0.946612513715,0.0616635599529,17.7034813872,2.2107527932,17,70.7771894673,0.206812816391
low_downforce,1.19601621609,-0.922626912842,1.91382346793,1.7967498879,1.013201886,1.00528318595,0.0553256051592,16.2229702632,2.63998215736,16,67.7740709895,0.154938777243
low_downforce,1.24690021128,0.671806431141,2.01279773188,1.68822557952,0.968797793463,0.906046001123,0.0452440869477,18.4801595385,2.36448456209,18,69.6025082316,0.156183392597
low_downforce,1.18546489048,-2.12067749438,1.85978498186,1.71367294162,0.997704213631,1.00053090744,0.0544928708214,16.1510979224,2.22972867626,16,69.3493458218,0.202442365142
low_downforce,1.16620720123,3.86674214638,1.89349170785,1.72582374751,0.987603915665,0.988099252742,0.0646561743411,20.755749264,2.60346321707,15,69.496452002,0.0972922692818
low_downforce,1.2166653697,-1.55711258817,1.86922268121,1.73611747519,1.01982131302,0.99369465984,0.0578679101441,16.2554666019,2.64194831788,16,68.1211063398,0.157810322467
low_downforce,1.26459563999,-2.64966174266,1.96788399544,1.90399612063,1.04112707721,0.945320253992,0.0488738641924,19.6613989619,2.39887252532,18,66.5048549358,0.242911468678
low_downforce,1.13452804567,2.95759071603,1.78844059421,1.85626764157,1.03571424494,1.03291782189,0.0637104573935,16.068378203,2.25943831045,16,68.5045610124,0.204711485146
low_downforce,1.27651648744,2.35913529205,2.09773857051,1.85074925559,1.01332810482,1.05280553303,0.0672362605251,19.4771191041,2.18685718424,17,68.0165086349,0.113628122265
low_downforce,1.14744661634,-2.75116467094,2.0303116572,1.83784463215,1.01573023831,0.967660632922,0.0642931606421,20.3119787852,2.25741897278,17,67.4680310439,0.142442983568
low_downforce,1.2588446576,-2.14782815945,1.98403239496,1.81474028277,1.01126565997,1.03323245738,0.0465563772199,20.4104494396,2.16149894897,18,67.9996839631,0.260303662691
low_downforce,1.21495178251,-0.345243140701,1.99321296866,1.9464196634,0.994738123525,1.05204221367,0.0608781495318,17.6571492255,2.37305305894,17,67.7152984905,0.154312069239
low_downforce,1.23052837946,1.33365952984,1.98043828072,1.84402928614,0.967783701572,1.05039168551,0.0673636853412,16.1276112172,2.49347322544,15,69.0439306715,0.0906151694447
low_downforce,1.22326381898,-0.0331845382503,1.7980080075,1.66019984632,1.01485060532,0.914849145864,0.054662142209,17.6365557896,2.64749237661,17,69.1201848078,0.183518818388
low_downforce,1.17165854703,-0.491471266605,2.01288129195,1.71678230172,1.03140471975,1.08592353749,0.0672288155063,17.032834514,2.33915587885,17,67.9050131,0.123189325655
low_downforce,1.26225137127,-0.125718084794,2.08246711841,1.87987334133,0.995789425063,0.990920834784,0.0572305037231,20.0447876753,2.1704943252,18,68.031271569,0.15923963001
low_downforce,1.21556256497,0.227326624488,1.75668863511,1.72382181072,0.991570076987,0.97094100505,0.0541950251754,17.4106881302,2.37244364319,17,69.9664165941,0.231239683297
low_downforce,1.23159088974,-2.9058052837,1.8335591018,1.98052038171,0.974059685755,1.02618758221,0.0505516096814,16.4824596541,2.54572477192,16,68.2110958037,0.209829497537
low_downforce,1.26185146869,3.64972838386,1.87750831023,1.98581179411,0.986521432701,0.927285359565,0.0517875409612,17.9424905867,2.33831258402,17,68.6833457852,0.211433235102
low_downforce,1.26962738499,1.68309499205,1.79795079575,1.9006757598,1.00662230832,1.09293855033,0.0635662112061,19.1942439435,2.34451661202,18,68.8293970786,0.224229638419
low_downforce,1.17648229785,1.60752324468,2.03146682153,1.93473358019,0.950559813959,0.988320298162,0.0544669000953,20.7191495395,2.22932364742,17,69.1147661956,0.146229860192
low_downforce,1.13934835827,-2.43764315024,1.91881859199,1.93537041502,1.0364299394,1.01456644511,0.0452260873836,17.6695051194,2.47805166922,17,66.374568018,0.254156259182
low_downforce,1.27749099167,0.439701756608,1.95803847759,1.7115497862,0.980189065301,1.04021829812,0.0578284247735,19.5130226137,2.31345098296,17,69.6284217534,0.150667236082
low_downforce,1.13462359971,1.59247507958,1.87737255751,1.68903635327,1.01674169603,1.06501125295,0.0536376751797,16.7330145072,2.1866131188,16,69.2764807229,0.20377560535
low_downforce,1.16288346609,3.5593789846,1.91966379187,1.72934141105,1.01916465016,1.01547192848,0.0557387299313,18.2031244178,2.53817646203,18,68.4911374857,0.15214973635
low_downforce,1.14789189417,1.77787773044,2.03853226789,1.72396433422,0.95648689569,1.0265268815,0.0487527121347,17.2093370327,2.18917148712,17,69.9366893729,0.155409393958
low_downforce,1.25897908803,0.764741467423,1.92280218387,1.92108178797,1.02155547517,0.975906952516,0.0489825890175,17.1686510688,2.44749414338,17,67.3648382742,0.221368767454
low_downforce,1.2398884081,2.62051172762,1.90121366069,1.99459215525,0.997258377264,1.08440992911,0.0645208600993,17.8417511466,2.64824706983,17,67.7954285514,0.138030824883
low_downforce,1.27416960759,-3.6350398525,1.99839778906,1.6889902596,1.00134781168,1.04122035518,0.0697432330144,16.0826368369,2.54606576185,15,68.4109370346,0.0891612448507
low_downforce,1.2599549517,-3.72252221295,1.81854027156,1.6866124051,1.03601509076,1.02185310475,0.0649966330791,20.3022150388,2.41340543247,18,68.4679452135,0.204386513553
low_downforce,1.20184830147,-1.5020932837,1.95674703698,1.7484764839,1.04071757282,0.948976377969,0.0656831764608,20.0560295391,2.42491008001,17,67.5563534499,0.138835902318
low_downforce,1.15943084052,3.82460548315,2.03804730968,1.8576773715,1.0325783498,0.900758921603,0.0647261900252,19.626395524,2.32312058039,17,67.5045296155,0.112350028462
low_downforce,1.14277819804,1.46580555277,1.80455876839,1.66988389542,1.02347287729,0.958223618155,0.0595657869329,18.8255861722,2.44320177001,18,69.206672946,0.189595674258
low_downforce,1.24819996116,3.93475005151,1.82589173657,1.81786957077,0.961136372909,0.933591992374,0.0696064175723,16.6171617448,2.50000699638,16,70.3760011983,0.103558868217
low_downforce,1.17167971026,2.28229525817,2.02857311414,1.9907101723,1.01556449774,1.07418056187,0.0450693171015,16.1390999152,2.55617494048,16,66.5782912392,0.179602376838
low_downforce,1.20857136972,-0.940198406502,1.75646269728,1.99953994232,1.03411521085,0.98050470698,0.0453524378833,18.334369966,2.17878072016,18,67.6199164205,0.378909530403
low_downforce,1.25312456799,1.01585958076,2.00650507498,1.91627832832,0.979477570797,0.928610961535,0.0694728275109,16.228873162,2.3478020552,15,68.5610485944,0.0942268241256
low_downforce,1.14805687349,-3.17334834884,2.05928739104,1.65665260527,1.00875808643,1.05066410423,0.0587889065093,17.4921682212,2.39220716404,17,68.136714208,0.122505517304
low_downforce,1.13322476191,-0.379355900856,2.03612622118,1.89491617,0.950260723601,1.08555761527,0.0587552110641,20.6562422102,2.41286936659,17,68.7643539291,0.112971163994
low_downforce,1.20640471102,1.43451135264,1.94046305965,1.72677303979,0.987802448286,1.04638026863,0.0676061774742,19.9519635936,2.29456607471,17,69.5852802825,0.119192061132
low_downforce,1.20247546779,3.21534825921,1.95157844366,1.8689855615,0.974463937324,0.940353402488,0.0689632018353,19.7130778068,2.40635105623,15,69.1983070623,0.0918940080137
low_downforce,1.13531830986,-3.27154070105,1.77798793553,1.93627760484,1.02745813856,0.984533254406,0.0535014857231,19.6842749834,2.47916699347,18,67.2529839516,0.282776903885
low_downforce,1.1467376264,1.74983342105,2.01238656541,1.75376245032,1.00729721855,1.08237608186,0.0519956139731,20.2121457399,2.50008815036,18,68.0578052374,0.148969875187
low_downforce,1.18627509124,2.95212479983,1.80520880728,1.83449823034,0.950658584854,1.00146856777,0.0508781427362,18.0191000966,2.24731162194,18,70.6391987497,0.232410857537
low_downforce,1.14388566273,0.228934113355,1.8561933975,1.95982698769,0.97734764082,0.946211189654,0.0546524872122,18.0372117014,2.52853862697,18,68.3813579237,0.190830274531
low_downforce,1.19721943771,-1.71213435649,1.81585690227,1.98542742145,1.02224714442,0.956464407177,0.0665125544784,19.6658001225,2.23637594089,18,67.7863708847,0.235496585345
low_downforce,1.27506835536,-3.89903680702,2.09017378401,1.69748560934,1.04253512884,0.949083658027,0.0550312455152,16.9554673411,2.22052480227,17,67.3114474183,0.162136685551
low_downforce,1.16994608304,-3.98546145919,1.82587184998,1.72321064273,1.04887630961,1.02827819714,0.0561072183299,19.2043778034,2.20660226336,18,67.9975120905,0.284414298238
low_downforce,1.2559096488,2.20620902519,1.77451844099,1.88320348499,1.03883191782,1.07265350803,0.047390272935,20.7722790228,2.63886205486,18,67.6105431383,0.285667001934
low_downforce,1.14276019127,-0.294880379486,1.94053981591,1.78461861653,0.971009659599,0.90643653771,0.0453751941177,16.7273879528,2.52980670644,16,68.8622277586,0.160460500321
low_downforce,1.27348926401,-3.29244294203,1.80283357296,1.88850054182,1.0421325821,1.02078554102,0.0456058864202,19.641443936,2.20508844638,18,67.4953653838,0.361899898217
low_downforce,1.26231598132,3.81983262944,1.80883165904,1.65894345112,1.00413574847,0.911165294368,0.0580095114282,18.7703600055,2.38533754242,18,70.2054137635,0.180284678871
low_downforce,1.24304863518,3.40213003025,1.86757983733,1.97478972696,0.999232541836,0.926085182861,0.0539315425046,16.2620897344,2.62593989642,16,68.0086390199,0.166417451381
low_downforce,1.21928907151,1.82848857095,1.96517682549,1.84603045641,1.02049483728,0.976502796451,0.0650792948412,16.3230417778,2.55949893931,16,67.6648316689,0.111899498558
low_downforce,1.27340974942,-1.27603896676,2.06143229477,1.90457081351,1.00323127715,1.09699139793,0.0598026023378,19.6310927397,2.47924285221,17,67.2057464326,0.134411765533
low_downforce,1.24213721433,2.38699010482,1.80344992826,1.84118174591,0.968256994868,1.0350344654,0.0553346907521,20.8261539604,2.41128609875,18,69.9314330148,0.209253581864
low_downforce,1.22035701197,-0.604597822824,1.88786009414,1.68919660107,0.993296752103,1.02995542425,0.0538338575077,17.4128795966,2.39816368677,17,69.3524337575,0.185921280729
low_downforce,1.23496323833,-1.76610284992,1.94049038747,1.84471601547,0.971748516235,1.03541544531,0.0635767833746,19.6951017685,2.54017766826,17,68.6916036703,0.121390112898
low_downforce,1.26764949773,-1.27430986295,2.00615540518,1.89429682414,1.03002363163,0.931607933875,0.0460137859887,17.8747488527,2.31124440054,17,66.922425923,0.228468331879
low_downforce,1.13199135936,-3.908630104,1.88915719066,1.85258712582,1.01395988338,1.06066546627,0.0655859653204,18.6858853072,2.31968455746,18,67.7912917691,0.193056490758
low_downforce,1.22800017193,-0.987116933662,1.83620576318,1.79726276039,0.970730026936,0.916583384326,0.0625105152838,18.1713272721,2.24431357,18,69.971712177,0.183312625188
low_downforce,1.24894992367,-1.33572550361,1.8861922478,1.75071755934,1.00906521529,0.938466693611,0.0631308037837,17.9746087047,2.37970387891,17,68.7554830764,0.162407740748
low_downforce,1.1967683826,-0.00086430021674,1.81974177566,1.85359024607,0.994864089381,0.901806366536,0.0655481753793,20.3959149554,2.15632442414,18,69.3884521072,0.206005023156
low_downforce,1.12325840054,0.744653836356,1.98644345772,1.90600277635,1.02173925011,0.978597529923,0.0552637521117,17.5678321054,2.44309358143,17,67.0700028527,0.168391722912
low_downforce,1.13993325275,3.64409040469,1.99101307125,1.99782469768,0.987066322085,0.944427603163,0.0681729127463,20.2817450517,2.64085427021,15,67.7162941522,0.0774038878721
low_downforce,1.12117981796,-3.78098279726,1.87873571895,1.93587293758,1.0376681856,1.03641978749,0.0492270959519,20.0177606589,2.44127622399,18,66.4495930751,0.278806885365
low_downforce,1.19730421701,1.58823056707,2.07134430009,1.77542923039,0.959968227839,1.07681608004,0.0699392433575,17.5598054023,2.40340985989,15,69.3677010803,0.0623430664054
low_downforce,1.1728846998,-1.20170754861,1.79430707757,1.8778960559,1.02820136571,0.951141512745,0.0533146102193,18.0913523078,2.33479292136,18,67.9121498133,0.28014802613
low_downforce,1.13477455458,-1.4958459392,1.77203957146,1.87137029914,1.00090825065,1.00801947557,0.0473135253788,16.5680366769,2.18444406197,16,68.8781539262,0.272810670648
low_downforce,1.14340260737,-0.497238775562,1.85459742074,1.72688552929,0.996433241221,0.990839758105,0.0458527630556,19.7565788532,2.64253337789,18,68.6707708265,0.210108094956
low_downforce,1.14107074581,-2.99059157505,1.79737732661,1.72007114238,1.00246584458,0.912150285617,0.0509845408079,18.8958771266,2.20016569696,18,69.3367375021,0.275693767695
low_downforce,1.20311057247,2.46845977057,1.95492719522,1.71283018704,0.987703684148,0.922065202588,0.047447766697,18.0411135127,2.46730764951,18,69.1936892577,0.161536784874
low_downforce,1.23873878908,-0.290507738426,1.78805646104,1.8083269934,1.0482036815,0.994064713757,0.0545528967678,18.0379085283,2.59681930084,18,67.5860772063,0.249136271283
low_downforce,1.19144134339,2.68558057651,1.86765394577,1.86580277245,1.00547528299,0.911384205896,0.0599266282359,19.8807760408,2.19822866488,18,68.9434707204,0.204386607304
low_downforce,1.14485703654,3.32305291632,2.09361784923,1.8235822965,0.96034125716,0.939723910147,0.0622834876164,17.0461156596,2.60410756502,15,68.767571468,0.0531006237527
low_downforce,1.14849943343,-3.34636175039,1.95939993472,1.74398379719,1.01582916415,1.06842793136,0.0680477780273,17.1173352935,2.52880124496,17,67.777529607,0.116867061451
low_downforce,1.22953554327,-1.83276803217,1.85066921816,1.94733441993,0.964260220995,0.952082853178,0.0628938447179,16.5933787109,2.52483139694,16,68.8429979918,0.14712342657
low_downforce,1.21868589492,1.76780160397,1.89464094171,1.82259923109,0.991220395275,1.08434422955,0.0564355733667,16.7917263856,2.49858608801,16,68.786492572,0.16081976217
low_downforce,1.24357618419,-3.11674132135,1.99592432619,1.77244688737,0.998458971777,1.03377046978,0.0647212727011,20.4712301451,2.22563191132,17,68.5095458675,0.149791586986
low_downforce,1.18105885325,-3.06553616622,1.9213539803,1.76653791332,0.983442750149,0.904444048253,0.0627328130891,17.3083690559,2.43995447406,17,68.828685799,0.132324935585
low_downforce,1.16950528604,0.204192715888,1.78756766743,1.83610976864,0.979262618085,0.90821635456,0.0579502033549,16.5498717715,2.35032179268,16,69.6129878455,0.187779228718
low_downforce,1.15613140817,-2.37241238832,1.80789115925,1.85732219874,1.02903298438,0.974116094725,0.0668346299732,17.3467736822,2.40149131847,17,67.8647074052,0.198870242686
low_downforce,1.21081369136,-2.83932991546,1.90158265291,1.91650778088,0.977274041637,1.064985721,0.0614350761482,18.1931215497,2.24535273949,18,68.6603888738,0.202078081744
low_downforce,1.24458608378,1.59115231329,1.93275175448,1.77917617933,0.960259469532,1.00989416573,0.0566118986683,20.5959707791,2.44099568333,17,69.7759004931,0.136486231739
low_downforce,1.21119511588,0.281433824628,2.0893758674,1.67932275648,1.03961374225,0.908528353877,0.065154577905,17.3187389901,2.3611079695,15,67.712128834,0.0915467182925
low_downforce,1.12876050324,-3.2355769521,2.09707564256,1.82602175078,0.961734353404,0.97213555528,0.0467596763237,19.1695348919,2.647590903,17,67.7826032082,0.116857404327
low_downforce,1.25620921983,0.834034330889,2.06133299144,1.83177096387,1.04404444541,0.978004889029,0.0623694001534,16.3531742566,2.6184691363,16,66.5924440998,0.103962016224
low_downforce,1.23549993776,3.45999814011,2.00676853178,1.93607753189,1.04126115166,0.995497661125,0.0492937398895,17.6623343162,2.28537731412,17,66.9545115707,0.215970784715
low_downforce,1.25775231259,1.52453881052,2.03491234465,1.96595796773,1.01759010846,0.903016647716,0.067147373603,16.6511295155,2.34147099895,16,67.286592124,0.112821203721
low_downforce,1.15967326706,0.325143484696,1.85349506969,1.82666921139,1.00179764247,1.08058897617,0.0633325533296,19.4099072369,2.57590502065,18,68.4277401578,0.158682439423
low_downforce,1.20509308282,-2.28773592891,1.79486915498,1.83921791829,1.04218869837,0.919987010895,0.0619922459704,20.7068269302,2.64646449092,18,67.3527774888,0.204566943186
low_downforce,1.23399782794,-2.36561413186,2.00257881504,1.84050645837,0.953318289935,1.06189260832,0.047697231259,18.5180293622,2.29354464307,18,69.0575398384,0.194934806525
low_downforce,1.24276117236,3.56553351378,1.86978518054,1.89217696687,0.95667001853,1.07453635548,0.054274591369,19.9984132651,2.20517839434,18,70.128723776,0.214439449487
low_downforce,1.18302146459,-2.93098077359,2.01574914501,1.83232923857,0.98811202783,0.974090198966,0.0520148267053,19.1348377054,2.57314939327,18,67.638447738,0.145793068076
low_downforce,1.22587074408,2.0815968088,1.81037715035,1.73366938115,0.983024668473,1.09951255904,0.0662491788746,20.9049538646,2.28617354887,18,70.3367235078,0.175487751615
low_downforce,1.17890933851,0.5736547615,1.83622048011,1.81097841405,1.03274854352,0.99080961373,0.0483137538967,18.9693133781,2.40996925477,18,67.9197104545,0.267115523082
low_downforce,1.19406962366,-0.236158828605,1.81857894194,1.84782391584,0.980067419418,1.03221009524,0.0583120128107,18.1564241434,2.41572813276,18,69.2201283622,0.205163215617
low_downforce,1.21464827798,-3.31976915415,1.87548472676,1.98167475261,1.01378946698,0.959034630724,0.0591208813037,16.5561335413,2.30333021132,16,67.4201063358,0.205453655107
low_downforce,1.12188532872,-1.59969907299,2.04132158903,1.98172970608,0.984092484171,0.973103014121,0.0664855740475,18.41930557,2.20578465061,17,67.7691660601,0.129219001316
low_downforce,1.27984694676,-3.23768308723,1.83708144479,1.77307437939,1.03443538832,0.92140564911,0.0577579086274,17.8174446624,2.31865949794,17,68.1155768665,0.232787739973
low_downforce,1.24079001364,2.31660329773,1.82139183054,1.76803325146,1.01045443284,1.00866901446,0.0610474948486,18.7730711354,2.22882144713,18,69.4836360028,0.217363705009
low_downforce,1.21555139659,1.45111550049,2.08706432879,1.72095577875,1.00088101819,0.952177492733,0.0589908433914,16.226154297,2.39375082259,15,68.4392392708,0.0964375751945
low_downforce,1.12509149629,0.0132595494564,1.7801869231,1.88881872504,1.0100668668,0.992955282642,0.0492977074041,18.5745035305,2.3612783821,18,68.3372616973,0.288483359896
low_downforce,1.27374607618,-0.0908452228378,1.84365014057,1.71431777035,0.961907786948,0.916294789999,0.066093942702,17.2817137027,2.23808748112,17,70.82076378,0.146939362294
low_downforce,1.24930905702,0.67630749868,1.89674284775,1.99309303895,1.04116607035,0.965207700792,0.0627756598843,20.8478430685,2.62985663315,18,66.5698765173,0.172631302871
low_downforce,1.26032785603,0.394445742318,2.09615189357,1.93615897651,1.03704496321,1.01615447105,0.0466326649511,18.0797421343,2.4159917965,18,66.1693207341,0.201203384135
low_downforce,1.18569009175,-0.732050113441,1.97161873696,1.95958571392,0.959756831108,0.981143801319,0.0625561200544,20.0834274917,2.18688112601,18,68.9556848135,0.154333532883
low_downforce,1.17295884064,2.0792195488,1.88840133132,1.87848373629,1.00862982995,1.0798770291,0.0657660375812,18.230789035,2.40086231887,18,68.3260950522,0.160235750493
low_downforce,1.25500690348,-3.03167934041,1.91798074752,1.77838948078,0.993883825814,1.07070760463,0.0651093564954,18.5074064928,2.51799244461,17,68.4813452154,0.139051756149
low_downforce,1.12503676392,3.83249026013,1.77737253774,1.82942366092,0.996857119882,1.04520402987,0.0562332091997,18.0346133256,2.2721231318,18,69.5874016912,0.243912591418
low_downforce,1.1833296927,2.34694630956,1.78893488888,1.88218063556,0.95658982838,1.04075684766,0.0474529451361,17.026389661,2.18903119927,17,70.3185544188,0.265243617227
low_downforce,1.2253046821,3.68084287909,1.9666084843,1.98124924238,0.950246612258,1.07177340183,0.0603312264696,19.6263377087,2.29852051148,17,69.3902089872,0.139888025844
low_downforce,1.2556037869,-1.04487453824,2.05207551897,1.94459823182,1.04216133937,1.09442148084,0.0523124952081,18.8712265806,2.64822254426,18,65.7509864176,0.177212632883
low_downforce,1.23076485775,-0.948241077593,1.90352575909,1.85192555639,0.983666412385,1.00846564958,0.0585427787748,20.9153971499,2.50251547015,18,68.5723190397,0.163008707168
low_downforce,1.1726814575,1.49145803971,1.98215934909,1.67538254804,1.0375424862,0.95743616171,0.0532943089444,16.9205273188,2.60471696785,16,67.7679749794,0.133939579236
low_downforce,1.25165421966,-0.560132516226,1.80691364481,1.73831052223,0.971146115646,1.05266381449,0.0610516821324,16.1965187207,2.32073788056,16,70.3169098117,0.177186741035
low_downforce,1.25780004586,3.14715915911,2.09533859074,1.90979425576,0.967901516163,0.968344582246,0.0499852476899,17.1659255556,2.3348257928,17,68.5288633455,0.134989698443
low_downforce,1.18984229005,-3.70799148074,1.78501423247,1.6578071482,0.976098370998,1.09371734798,0.0655359540805,16.7686722091,2.56288790043,16,70.015608997,0.148725796124
low_downforce,1.20999548427,-1.10672458883,2.09212257412,1.67321122262,1.04968062793,1.02590947119,0.0617696049704,20.8671662103,2.26821097008,17,67.4388376986,0.133223507628
low_downforce,1.1543292579,1.30188977128,1.75527957083,1.78280309828,0.950967826416,1.08225756047,0.0505423699493,18.5166211901,2.32771482921,18,70.7697931302,0.250567008102
low_downforce,1.23944036171,-3.76313675606,2.03896451824,1.67135527256,1.04679128992,1.06164683859,0.0648818824811,18.953015162,2.21775051524,18,67.6187134492,0.156127069349
low_downforce,1.21524925894,2.12972793883,1.93560354225,1.78914251,1.03897456729,1.03045899108,0.0542997349564,18.6236233365,2.46114068691,18,67.6303921087,0.192522970861
low_downforce,1.16453921022,-1.3943817605,1.85747340522,1.87015764839,0.969861057707,1.09050671847,0.0597974647522,18.6913194467,2.55660638289,18,68.8495368855,0.168509575359
low_downforce,1.23534010092,-2.76590600677,2.03948034705,1.97059464862,0.95233573187,1.09482367443,0.0611552048121,17.3463265227,2.30950815546,17,68.4355344098,0.136983226754
low_downforce,1.12457734855,-3.31632434742,2.02731722352,1.98970230493,1.04961366198,1.01877432952,0.0545384528566,19.9787670378,2.16457094414,18,65.8752810134,0.248194081067
low_downforce,1.27761798863,-3.94294631643,1.93301875043,1.71853840728,1.04956705412,1.07198399027,0.0505903183222,17.5803660027,2.42261313008,17,67.2388629521,0.232685051324
low_downforce,1.19768958933,-3.54410822026,1.79870067738,1.84268515322,0.993789397604,0.928081401845,0.055014323045,16.4660172307,2.63850517069,16,68.3372438044,0.187614057364
low_downforce,1.16590589866,-3.95800462036,2.05864977949,1.92014263248,1.01932428121,1.02217065682,0.0570164784005,16.2555901582,2.62936280437,16,66.1064371225,0.133134990269
low_downforce,1.12856073699,3.09254646875,1.90376754374,1.88588485912,0.998766405151,1.02108881366,0.0633797713071,19.0921766083,2.50082790663,17,68.3512384488,0.136710316734
low_downforce,1.16987499643,-3.87672229237,2.0355466104,1.78739144226,0.969036766537,1.0921980283,0.0630418281978,20.719957959,2.41286810167,17,68.5317780948,0.109502642748
low_downforce,1.12704652686,-1.06021207135,1.99023764726,1.81568861478,0.99838039607,1.01519196841,0.0563878354706,20.5089015917,2.62438094072,17,67.6501663993,0.129166145672
low_downforce,1.27795928475,-0.0395346580156,1.95117264688,1.84530801719,1.02159258809,1.00419083294,0.0628873297391,17.4833820044,2.60561182136,17,67.4872193758,0.134634940882
low_downforce,1.21637764555,1.14212831699,2.0101496035,1.93824435366,0.969853032272,1.05438333974,0.0584850840814,16.8153165105,2.33375817426,16,68.5282259827,0.137322717512
low_downforce,1.22033025007,-0.454253574438,1.82551998357,1.86761054084,1.01132525864,1.00505502116,0.0590462293788,20.5251008231,2.6211475159,18,68.0110885738,0.194437201939
low_downforce,1.18320417629,-1.39892042144,1.91414630058,1.70177242133,0.971057325494,0.922884174545,0.0616498645228,20.1756975543,2.64372752591,15,69.393362581,0.0986223113959
low_downforce,1.21517221778,0.132590079746,1.7614095561,1.66468464947,0.97953252215,1.02069367588,0.0667086166424,18.9569315416,2.21689130359,18,70.9842070682,0.192757953871
low_downforce,1.13468627524,2.7090239587,2.09216200692,1.76857086111,1.03724304576,0.955662501735,0.0512197232481,20.7733427778,2.21501167454,18,67.4759633665,0.169192799486
low_downforce,1.19505949871,-3.61890208663,1.89309943051,1.69622267774,1.03184536386,0.972147208055,0.056028749978,20.9123055929,2.42504698,18,67.9769424114,0.205496608253
low_downforce,1.25128404273,-2.09497861442,2.07042036678,1.92244321067,0.974939892915,0.971663915928,0.0471918495085,18.7516901597,2.33276834846,18,67.8087474036,0.182910408167
low_downforce,1.2683454123,3.59376126704,2.04372559865,1.84485812742,0.990123203131,0.965735245561,0.0693101541622,17.9859649714,2.27040027056,15,68.8608892336,0.0892688747159
low_downforce,1.22534363246,-3.71976961218,1.99476616814,1.85768669867,1.03269777268,1.01580478642,0.0683433431286,20.3305425661,2.48089727972,17,66.7816375484,0.131101048878
low_downforce,1.23015004402,2.60723135675,1.97395842219,1.65523606212,0.96597911415,1.03149912084,0.0578318818347,19.894925181,2.37705134337,17,70.3121783819,0.111806968758
low_downforce,1.13887739887,-0.635715079457,1.78248127705,1.87562565216,1.04573379401,1.0008538715,0.0655885656375,19.4962627847,2.62464943455,18,67.2896000252,0.200526813027
low_downforce,1.25739878542,-0.456734741411,1.906671705,1.76574345542,1.00756284531,0.9826803656,0.0516663538277,19.5952755025,2.55357763564,18,68.2964587666,0.189049742566
low_downforce,1.27435050398,1.96430664896,1.75971797397,1.68088221453,0.985917858834,0.914955193387,0.0624088302954,17.9922899795,2.5387669282,17,70.4513100456,0.159318284851
low_downforce,1.24355931894,-3.55324537962,2.03768092178,1.95023520854,0.997167354233,1.02396611342,0.0600385496224,16.1774042232,2.28054013326,16,67.3288172762,0.156401681855
low_downforce,1.15422908449,-1.23121131583,2.06955266433,1.65250453481,1.02034636747,0.985219073897,0.0504368368568,20.7489818106,2.21291931578,18,68.2339265708,0.174114143626
low_downforce,1.26892971475,-3.04220456676,2.07399567323,1.99633816308,0.974792905325,1.07029023408,0.0461150685859,16.0518033226,2.46489740833,16,67.1689158593,0.173014666577
low_downforce,1.15482255299,-2.18321970835,1.84769921225,1.81572444862,1.03784709458,1.04383663967,0.0477962648184,17.66630748,2.49558038837,17,67.2773441012,0.257088341591
low_downforce,1.19726995535,1.48164036057,1.93776290388,1.93729069815,0.970247223949,1.07637598726,0.0474930874703,20.9531959088,2.16779112811,18,68.9578675254,0.246950719559
low_downforce,1.26697983285,-1.11384855097,2.00291634295,1.79317494615,1.04186762579,0.970828310376,0.045057970183,18.8690825042,2.22721967197,18,67.2649135267,0.256445181341
low_downforce,1.18081052651,-3.10253235043,1.78421323961,1.93071553858,0.964012190201,1.05701356883,0.055751476177,18.4101523319,2.35792269164,18,69.1698506997,0.252399458762
low_downforce,1.12927325663,-2.02086911043,1.95727770341,1.95925128769,1.01086068121,0.915923580732,0.0666688426575,20.108166147,2.55719307295,17,66.9488685272,0.121702307918
low_downforce,1.1976371694,-0.217797091848,1.93297735639,1.70854265554,1.01836017187,0.947781158885,0.0455677624689,20.5217835505,2.48499510676,18,68.1890282572,0.208725318018
low_downforce,1.23988868786,3.11599758468,2.05454672229,1.81092877397,1.01615424419,0.918543441318,0.057044076827,19.9766182699,2.63070834498,16,67.5426452137,0.0975586592914
low_downforce,1.2442467891,2.7282963803,1.99379491615,1.95107206819,0.955214026674,0.997223317741,0.0542572443034,17.711521945,2.21557386785,17,69.2839445121,0.164888226094
low_downforce,1.19020553771,-1.02598943575,1.85979218688,1.84723422174,1.01889120464,0.93455673541,0.0531488092406,20.7693327416,2.25898602603,18,68.1529727043,0.253673240565
low_downforce,1.2697053675,-3.96643515593,1.79780652568,1.91149171265,1.01080101893,1.07249204919,0.0593045717876,16.0023561587,2.17041747973,16,68.3973894908,0.248841462234
low_downforce,1.20656511142,2.43120519001,2.04090447166,1.94226347084,0.956061871889,0.956481451863,0.0683769732262,20.9963406643,2.39212979351,15,68.9169626279,0.0753485111801
low_downforce,1.17905692601,2.04111613874,1.99848557523,1.85297478703,1.03938785458,1.05161287332,0.0652594440359,17.9208717839,2.52145937685,17,67.0336221938,0.122021564819
low_downforce,1.25739498626,-3.3898756562,2.07117646038,1.69915259883,1.03609875638,1.05380650484,0.0634940326637,20.9801192208,2.35041286083,17,67.4149565745,0.130086644814
low_downforce,1.14793350929,2.20561251658,1.95588077788,1.98385948539,1.01582985227,0.950763777926,0.0459314639625,18.6008064515,2.20457826425,18,67.437899603,0.259317679052
low_downforce,1.27492317378,3.60604536762,1.85646706237,1.82571288757,0.971018428531,1.09874327368,0.0470156511118,17.5249001713,2.22316387233,17,70.0422639973,0.243969592463
low_downforce,1.19918731396,-1.41964191135,2.07315574714,1.71804207759,0.966728621119,0.908064218257,0.0498110340168,20.9040517841,2.18784316743,18,69.342741318,0.149072671945
low_downforce,1.20295827038,0.418454416541,1.77021769573,1.80404025218,0.983575646456,1.0822298552,0.0494692400222,20.0931944257,2.3018319572,18,69.7040841203,0.2834206323
low_downforce,1.14752947672,-3.92775152747,1.88332377395,1.79480243534,1.01218127072,0.913402140528,0.0461068271612,18.4249374869,2.53645496639,18,67.6108438848,0.235927338492
low_downforce,1.14071181515,3.24612156145,1.92904557605,1.72812951094,0.953725834452,0.95561590264,0.0477106732087,20.3841589437,2.25365322432,18,70.4718685414,0.17705614912
low_downforce,1.12516140237,3.83488425021,2.0236081313,1.93205674833,1.0499181942,1.04489461076,0.0630377384532,17.0840667858,2.33531683234,17,66.6752320203,0.150316606737
low_downforce,1.2643907516,1.68139519354,1.92220953314,1.88385625983,0.951829189023,1.09225756837,0.0613891769557,16.2510934228,2.16526615227,16,70.0840946475,0.15985809286
low_downforce,1.23035398663,-0.173215625388,1.98244139635,1.89231343606,0.978459778756,0.981072476691,0.0514028372474,18.0205348223,2.42396161654,18,68.2848755341,0.172756312041
low_downforce,1.23561859067,-2.05846286639,1.9675242856,1.75290693751,0.988954536653,0.962309543831,0.0523201898343,16.0486260344,2.61824295931,16,68.3261519902,0.138670121198
low_downforce,1.14367148183,-1.05348248521,1.78036548866,1.92010430621,0.996714405188,1.03672917202,0.0461075806701,19.768251038,2.21821160197,18,68.6339799821,0.329210528154
low_downforce,1.20631515169,1.28923828511,1.80301404572,1.99549795853,0.961272843494,1.07830161546,0.0532875119633,17.0433067641,2.41063317402,17,69.2272175551,0.228841711866
low_downforce,1.26577916924,-1.13533746782,1.89792629471,1.78541646652,1.04221978961,0.92932378982,0.0500606477031,20.8260117746,2.2798641663,18,67.7262094945,0.25970582576
low_downforce,1.17574037929,-1.71209027034,1.93011383422,1.73801296087,0.964392526742,1.03573930445,0.0664415685295,18.5826721642,2.6170498101,15,69.3339459782,0.0907741611931
low_downforce,1.13043713626,0.211179695782,1.91734284292,1.66842325781,1.03629625573,0.947172904509,0.0459024350537,19.6520531369,2.51711480203,18,67.9522272502,0.209834510265
low_downforce,1.2537287742,0.959828061651,2.05431035981,1.8739192302,1.0215129861,0.959515202502,0.052172890724,19.7213528044,2.45519318243,18,67.0833198797,0.15907684591
low_downforce,1.1359667362,3.52627784298,2.07546913012,1.90601080746,1.04234512319,0.977208193551,0.0490342683125,17.1489470321,2.55438470216,17,66.2547462674,0.154840186992
low_downforce,1.16566858073,-3.77567107218,1.80385016404,1.66268170336,0.993863348432,1.05847113496,0.0492502489913,18.8863454179,2.64835942334,18,69.0529574404,0.22464103646
low_downforce,1.17437996916,-0.0586879886821,2.0315867757,1.88780380507,0.99640279186,0.954551368634,0.0646285562384,19.5545833321,2.30904194387,17,67.9381260226,0.11871058418
low_downforce,1.25915723243,-1.0277350167,1.85602535297,1.69242320933,0.990010830674,0.968113167041,0.0671743720355,19.2254372961,2.52093239986,17,69.5736946315,0.123877441169
low_downforce,1.18938085959,1.58480404404,1.81567300644,1.79437135935,0.972071401613,1.09018818058,0.0578888544497,17.6794394459,2.53324783663,17,69.700427544,0.175738331112
low_downforce,1.14424383318,1.88049558822,1.9980962394,1.78376993186,1.02290406696,1.04822698237,0.0666182704561,19.37103012,2.36150916612,17,67.9881208872,0.118105741089
low_downforce,1.15437266032,-2.97846699043,1.9282287691,1.69136014309,1.00478853974,0.916392049584,0.0617104270567,16.7309495574,2.21454752121,16,68.9900089576,0.155007742224
low_downforce,1.13068268003,3.71825276583,2.09888351293,1.75030910359,0.981975854988,0.991174381413,0.0574058343843,17.2295497115,2.50470189799,15,68.6405715167,0.0789019725827
low_downforce,1.25535639723,-3.34356091197,2.00489194974,1.85847243273,0.980832386122,1.08026339561,0.0542289908943,20.9299111192,2.42286456991,18,68.0205343765,0.172418595846
low_downforce,1.27814955713,0.482523867615,2.06208824801,1.72080611285,0.979600187217,0.949409368927,0.052502530569,17.7444450853,2.17166767652,17,69.3713135363,0.151325887813
low_downforce,1.12387813168,-0.0803010659295,2.05634509158,1.70689117387,0.962478858939,0.957754432455,0.0660910794585,19.2289799413,2.20979561978,15,69.7744279185,0.0841962726277
low_downforce,1.26768106877,1.68471378308,1.96813385127,1.81143332579,0.999082180572,0.92814063505,0.0578559352817,17.7035118032,2.23368755339,17,68.8429346599,0.165642745213
low_downforce,1.27632365867,-0.188032702287,2.01451284616,1.80391313314,0.979434612874,1.0265213918,0.0698086235014,20.6912025174,2.17071088742,17,69.2691258589,0.113421993481
low_downforce,1.22515366767,1.47026700281,1.96197232609,1.98998095483,0.985583597685,0.968004953986,0.0500202455287,18.7928055093,2.41894122903,18,67.8881373838,0.195347241612
low_downforce,1.127666825,-0.979322841965,1.9621522398,1.71846006174,1.03412159196,0.983623630191,0.0566294603107,17.0277789677,2.34943232668,17,67.806634654,0.17494691595
low_downforce,1.25599908629,1.3967130843,2.05007807961,1.76274080956,0.971497286909,0.936655183152,0.0578834112262,19.4403936957,2.2063627055,17,69.4847569854,0.122940509946
low_downforce,1.13075008084,-0.464428598874,2.07965525005,1.7550108736,0.977183017554,1.09175654847,0.0547873608725,19.8936346796,2.22655908097,17,68.799006472,0.141467661647
low_downforce,1.25153590836,0.807971106937,2.04120864185,1.79060440076,0.982362973104,0.949517681786,0.0468865295816,17.7992037282,2.63894415257,17,68.2053530438,0.131104021895
low_downforce,1.22891274482,1.18568472322,1.95446795666,1.70637111705,1.03830450073,0.990116321385,0.0556875206989,16.1859631968,2.3598878353,16,68.1302322403,0.165552066827
low_downforce,1.19087027241,3.251795653,1.86993095647,1.79758479904,0.973241633179,0.99943695839,0.0510945589284,19.3390932302,2.57692410894,18,69.436819259,0.168834452992
low_downforce,1.21684895623,-1.54157562028,1.83055283568,1.74746706006,0.992314851092,1.07323657005,0.0467615587804,20.4222561182,2.43594065017,18,69.0539565831,0.257547900951
low_downforce,1.14621413037,-1.91323145879,1.89020242688,1.9293247994,1.03353616413,1.05743807665,0.068513310936,20.4038531981,2.18531551275,18,67.4244179344,0.212853736896
low_downforce,1.22125526252,-3.64909805992,1.85040391527,1.88236537873,0.97039842306,0.901388525533,0.0473920945127,17.5329039751,2.15849145578,17,69.1876647563,0.265795354529
low_downforce,1.15638873169,-1.71616335086,1.79085439479,1.81448352107,1.0360509553,1.05624376122,0.0638206789148,17.0645127297,2.61728721484,17,67.676646442,0.196950651579
low_downforce,1.25685290799,-3.45755943379,1.79136606729,1.81934267115,1.04817119584,0.917139412618,0.0600055127877,16.3815813343,2.27757515199,16,67.8405946284,0.231035569969
low_downforce,1.15791705291,1.83926142377,1.76926615057,1.69227510335,1.00619614992,0.937814707692,0.0566269344318,18.0672014891,2.37993690246,18,69.8067926169,0.216787489382
low_downforce,1.25451248202,3.94213281992,1.94048829637,1.89895799378,1.03690007668,0.961710893201,0.0498910110321,20.2187910192,2.19053440132,18,67.7513950301,0.250749022262
low_downforce,1.21916077962,-2.67419173961,1.9328954207,1.97891821395,1.02570663163,0.990480817945,0.0662829133795,16.1099379912,2.26948569833,16,67.0857899361,0.173236915965
low_downforce,1.18517899458,-1.31226812596,1.77124975918,1.95100158784,1.01764896854,0.926789443778,0.0547678487399,16.1256557512,2.42516280207,16,67.877344355,0.230137814669
low_downforce,1.16567965044,-1.87668335252,1.86754469834,1.70017193065,1.01967005019,1.03593685884,0.0542195439838,17.4685237515,2.62216473654,17,68.1901098013,0.184841470937
low_downforce,1.18840255556,0.199625511911,2.0626954568,1.77528587856,1.01898625484,0.983811810372,0.0496017693421,16.7538645901,2.44086252479,16,67.4370445882,0.148930361765
low_downforce,1.15931317349,1.66256285993,1.90947996013,1.95914397751,0.965207418828,1.06612015526,0.055409844983,19.9732402857,2.30009513194,18,68.9689131678,0.195717337877
low_downforce,1.16668415677,2.86619772606,2.09464048571,1.89954736986,0.968757940838,1.06111941385,0.0626900238669,20.7367257384,2.2540506579,16,68.6881373407,0.099537318149
low_downforce,1.25263822078,0.575442341548,1.89636230363,1.91511456699,1.01159994851,0.981155605907,0.048421367552,16.0726472705,2.45889247187,16,67.7262153204,0.20640054339
low_downforce,1.2618569084,0.0248221261325,1.82096273873,1.95966483383,1.03284118438,1.01855567919,0.068646874904,18.6816651055,2.38537363016,18,67.6390668223,0.207003523695
low_downforce,1.23644267341,2.01483996692,2.00628318796,1.98469668237,0.953214730988,0.917129287355,0.0499615403404,16.974505177,2.53755219875,16,68.5115149119,0.131432165183
low_downforce,1.26575376278,-0.37769611331,2.01154946483,1.92471840476,0.999443204295,1.02424690689,0.056093136117,20.1975345383,2.3848291019,18,67.60192171,0.169529245921
low_downforce,1.15345926794,3.36753743744,2.00590677367,1.87049556273,1.02426542137,0.914077482825,0.0503138798811,20.5607305928,2.56764949524,18,67.1615292682,0.153413348143
low_downforce,1.15242694444,-2.4397108604,2.00381701151,1.73349521691,0.976726927937,1.0290775888,0.0555452978661,20.8501021034,2.44388356952,17,68.7288234663,0.133885317215
low_downforce,1.2009824896,0.237291063725,2.08254118537,1.87068844125,1.03574800566,0.926134672004,0.0651263403179,20.4196712322,2.27161690135,17,66.9692315896,0.123243821008
low_downforce,1.26055859114,-1.81760645874,1.76504101997,1.80088121062,0.965479021924,1.03072733025,0.0592436712996,17.7622435086,2.36645966332,17,70.1285361647,0.215665865244
low_downforce,1.27277117466,0.507771163914,1.82440464298,1.75077839028,1.00130522916,1.08772430134,0.0662369818517,20.5577910115,2.52032347502,18,69.2433926559,0.158732347111
low_downforce,1.25578150601,2.66924245815,2.04823760613,1.73024828408,0.959316510456,1.04879648489,0.0677155791452,16.4684535174,2.44851402195,15,69.8059693051,0.0636366456957
low_downforce,1.19874816839,-0.518918796288,1.85959258919,1.82382500722,1.01645984153,0.954942573149,0.0486511235253,16.3583159024,2.36679647089,16,68.1854381839,0.219314148048
low_downforce,1.21769918307,-0.225349368526,2.02925591068,1.87596494778,1.03100814724,0.951780436355,0.0585606804616,16.8229303501,2.61977899268,16,66.6276272381,0.123385660555
low_downforce,1.23778587312,-2.43766067226,1.95408393579,1.92572236921,1.03565201319,1.09726383093,0.0629170423533,19.1620627915,2.25279099983,18,66.972615693,0.21494656235
low_downforce,1.24101123898,-1.08452511713,2.03269984211,1.7327149961,0.995172692229,1.00814080981,0.0642304388935,19.0940055519,2.58657433095,15,68.281070111,0.0864285890001
low_downforce,1.15396625997,3.10449163274,2.09839661003,1.87025179273,0.980142933787,1.09841744384,0.0590108783191,17.7626790108,2.26659662998,17,68.4387931442,0.116271493827
low_downforce,1.12725836337,2.77255272196,1.93175952562,1.78671293526,1.01072936329,1.07788434983,0.0491540923686,19.449202554,2.41179051732,18,68.3080033947,0.205338272821
low_downforce,1.27029505368,-2.61933852953,2.012630081,1.95435845604,1.0428940455,1.02894986344,0.0479649287893,17.0647333254,2.21920525204,17,66.3353745758,0.256859643033
low_downforce,1.2445869746,3.40930130149,2.07066856726,1.95196949136,1.00738638564,1.01667761896,0.065852414831,17.4468332657,2.23998166504,17,67.7598384638,0.119208261243
low_downforce,1.12198902279,0.437380515969,1.78011138266,1.93880003618,0.958510695352,0.925696289922,0.0478775214819,19.6590877615,2.35456891491,18,69.5152395146,0.259367666158
low_downforce,1.20641279629,-1.34319146945,1.8740013983,1.92890255831,1.02478514408,0.912162171069,0.0492087899874,16.4465627828,2.19107038655,16,67.6596720804,0.244439631956
low_downforce,1.16260680646,3.15676260805,1.75581450602,1.70057566226,1.01267174304,0.948509264489,0.0588387053667,16.3201551699,2.59829205439,16,69.5234843305,0.167858430875
low_downforce,1.13886448545,1.44502785799,2.01339738394,1.87086404404,1.00064095139,0.936048852183,0.0588965547609,19.532727258,2.4126916392,17,67.8517614812,0.127462014834
low_downforce,1.22767303831,0.197819692069,1.80800656013,1.75010941003,0.965003321487,0.94239729449,0.0625826033243,20.9867323502,2.20234516176,18,70.6905818493,0.188996670187
low_downforce,1.2115120987,-2.71142744929,1.87371865064,1.98010837557,0.961665612125,1.07107307193,0.064596775618,16.0048888389,2.26168068141,16,68.9652538569,0.173409284435
low_downforce,1.19811678154,-3.11215193452,1.96711590313,1.77681049984,0.994962012757,0.946298518021,0.0503773822035,19.2246389027,2.4189251765,18,68.1523284909,0.187599952644
low_downforce,1.27257946823,1.82715020906,1.85817370026,1.76048436577,0.973930115837,1.07419286751,0.0697888443572,18.9274510242,2.36022791257,17,70.1778030703,0.129892514682
low_downforce,1.12890492546,2.24480770987,1.89537181906,1.75339426549,0.962462468419,0.953731308366,0.0690752365642,16.5640898245,2.62206951367,15,69.8334194108,0.0753768508949
low_downforce,1.25725809802,0.262167282626,2.09676164098,1.79845995231,0.956661626559,1.02727263726,0.0478536994544,16.5036069109,2.40504570385,16,68.9302700418,0.128593545985
low_downforce,1.1993536626,1.06033491724,1.95031564048,1.84502664197,1.03891698085,1.08279672936,0.0660494930534,19.5702142847,2.64738375541,17,67.0406166581,0.126638487268
low_downforce,1.1718068207,1.12552524528,1.9642752736,1.95700937277,0.976496143051,1.0330010328,0.0617460927941,16.5846788853,2.16306288948,16,68.7461192048,0.158912347221
low_downforce,1.22473498253,-0.0805892954376,2.03610279399,1.79958849137,1.00651699428,0.930036122723,0.0567286169005,16.0478826394,2.30365939795,16,68.0739748148,0.139570518366
low_downforce,1.1616122862,0.615795728258,1.93363232729,1.82329315043,1.01231500496,1.01388494635,0.0494537807217,19.7984770562,2.19788937202,18,68.2749215663,0.244257004839
low_downforce,1.24406944317,-2.00714337414,1.82836850918,1.73000640813,0.969122716864,0.992937808573,0.0635401162262,19.4909716275,2.42105206319,18,70.0310748431,0.158494076361
low_downforce,1.17820709133,-3.27133675938,1.97176153989,1.65969136967,0.955933793585,1.01920104592,0.0460438795752,20.5933761918,2.55880743367,18,69.4939383908,0.152671759947
low_downforce,1.27225498434,-0.645306073026,1.78615506114,1.87691884875,1.02525064235,0.987844377689,0.0692787144299,17.3443078289,2.50229686192,17,68.1651982429,0.184635498061
low_downforce,1.20532721135,-0.109064287449,1.91096656119,1.82267120416,0.994159566199,1.08055533348,0.0610925506947,17.8233104005,2.50480692645,17,68.4740463743,0.153255074522
low_downforce,1.15551426595,-2.02849477294,1.80419464266,1.8398764917,1.03824595635,0.952392893256,0.0498007491162,16.6825167323,2.47093840214,16,67.4811996738,0.235362757558
low_downforce,1.12734429491,1.44144961618,2.05763442652,1.84055781216,0.988593609565,0.907798082752,0.0667507208147,18.1597897968,2.1572528574,17,68.6578993757,0.101953646592
low_downforce,1.24986514059,-2.45697917759,1.99973481424,1.86692911171,0.996940382187,0.962991137644,0.0688125425105,17.2152978535,2.36169856861,17,67.9765614156,0.11510915563
low_downforce,1.26134632538,3.94306893663,2.05947625221,1.97284376501,1.04411243681,0.93413136705,0.057569456433,20.7803915877,2.36773752882,18,66.5746692987,0.154966393589
low_downforce,1.2562285776,0.84410467586,1.91633617535,1.67649816236,0.995016994721,1.0231459007,0.0681836381171,19.3399801216,2.47255740452,16,69.5151898032,0.103140127593
low_downforce,1.22910979436,-1.13874737105,2.00759044089,1.86959381835,1.0271984612,1.03191098091,0.0510278456302,20.434241472,2.21280843687,18,67.2667343057,0.23369603896
low_downforce,1.20903739025,3.16680638721,1.75914053995,1.89264751928,0.992104741765,0.93486339462,0.056450772005,17.6165439092,2.28179655803,17,69.5605105431,0.237845578592
low_downforce,1.19302662676,-2.99510130752,1.98033470416,1.80928530994,1.02145535236,0.981717532961,0.0580692939136,20.1947946899,2.56128345985,18,67.1471161408,0.151555809977
low_downforce,1.20598013901,-0.969674421974,1.81501268556,1.8920236316,1.02569988897,0.931936578823,0.0644454410995,20.5545745534,2.6359399572,18,67.584509577,0.177794244616
low_downforce,1.24627806144,-1.59610448931,1.91323987939,1.9990990329,0.980658163511,0.973698500344,0.0539965113143,20.7526064441,2.16001737923,18,68.3912697405,0.245257240831
low_downforce,1.23198207703,-0.180869709284,1.77463376148,1.83406502268,1.00296805607,0.911808048022,0.0694859195985,18.3387118423,2.19226885815,18,69.5039458925,0.206986060544
low_downforce,1.24299737268,2.90155709816,2.0032910172,1.93072973444,0.957453088597,0.903934357251,0.0580928683092,17.3618991532,2.57131841628,15,68.7978318277,0.0955217003175
low_downforce,1.15010713723,-1.6481751934,1.8447978455,1.7174916456,0.972042979374,0.997660899688,0.0613567885622,20.2602324683,2.62587273713,17,69.5321370442,0.133504975688
low_downforce,1.25842771521,0.00800869449234,2.02802972718,1.80919252269,1.0072573375,0.940059714127,0.0615364812391,18.4988446361,2.33891669905,17,68.0854440443,0.128191849939
low_downforce,1.16296177625,2.38200802201,1.87425602928,1.8921117024,1.04653944124,0.924971653055,0.0465236432503,20.9542157909,2.52114009007,18,67.0019775979,0.249210859403
low_downforce,1.21947040194,-0.335652700734,1.92338701821,1.77729595296,0.961865432433,1.08634219365,0.0488248009997,19.8724987909,2.16669820076,18,69.888289693,0.230384842741
low_downforce,1.13288929811,-2.53664007116,1.85294525532,1.96609957519,1.01941761869,0.961270220757,0.0503173190789,20.8767161579,2.58750976855,18,66.8430754936,0.245409024563
low_downforce,1.26744808674,-1.51297919681,1.75131017728,1.77282960389,1.02605167774,0.987319480659,0.0591655037505,16.7631391412,2.36989979685,16,68.8398338668,0.22323749466
low_downforce,1.2798836021,2.45823972488,1.9209634386,1.67065789537,0.994473585376,1.07401932052,0.0665068613998,17.5315823784,2.43264611848,17,69.760221645,0.111657788621
low_downforce,1.16580422776,1.97703365018,1.75709186111,1.81949111012,0.984940601251,0.994181404258,0.0450914846995,19.6837654629,2.31020673313,18,69.712928221,0.295017143271
low_downforce,1.22719547479,-3.74555974601,1.95273334553,1.70267830757,1.04254537225,0.972450022928,0.0657533500061,16.918270017,2.25959074205,16,67.8611034029,0.155765222681
low_downforce,1.19888022913,-3.05525837184,2.02423321319,1.66012195604,1.00696187371,0.912350208893,0.0493647021282,18.1727533386,2.57266737977,17,68.0214146817,0.140300041411
low_downforce,1.22593820805,1.81688908626,1.94215793808,1.69773385999,0.972190454076,0.944820581705,0.0525628260791,19.1288162828,2.44294304444,17,69.8061673289,0.140161243743
low_downforce,1.26913003615,-1.509519473,2.00331069152,1.65184304786,1.02677680711,0.967372806381,0.0615968397097,19.1292155172,2.52007295055,17,68.121620096,0.114298291332
low_downforce,1.14894126688,1.70957243497,1.89899784124,1.98492756206,0.999575624297,0.976928882865,0.0605297496126,19.0266137639,2.56124380549,18,67.6743980709,0.156441320403
low_downforce,1.25591589091,-0.260037910295,1.95569938427,1.87654256014,1.01316572668,0.927861108622,0.0518928802546,17.8019420803,2.26742567283,17,67.8742771826,0.211070315702
low_downforce,1.16320425293,3.28355785171,1.85117555877,1.80119383882,1.02370672951,1.04562303844,0.0685383152431,19.4594680212,2.46753353856,17,68.5470923628,0.145488726147
low_downforce,1.12222695596,0.842634735728,1.77905408198,1.82980965745,0.958104748288,1.04271293405,0.0695437071956,20.5560620255,2.17127838538,18,70.6648883057,0.181667350267
low_downforce,1.27340903531,0.652559261976,1.76268568133,1.81544563046,1.01116307448,0.998510924787,0.0583409734706,16.5448444768,2.43625186455,16,69.0411869771,0.207752673562
low_downforce,1.16301005433,0.208381415927,2.02030091172,1.93654580196,1.01402668594,1.03858156647,0.0467167066412,17.0707943068,2.53943213853,17,66.7132162632,0.189059175696
low_downforce,1.20525641943,2.46177583679,1.99208920951,1.94769939339,0.960480280098,1.01127856805,0.0487385717351,16.0170880135,2.19962620011,16,69.0530777596,0.179994058629
low_downforce,1.14460218784,0.132005597991,2.02548591733,1.95156628612,0.974837067873,1.09699569956,0.0493569021068,19.0663701627,2.57421443967,18,67.5788081019,0.158079961685
low_downforce,1.21101238622,2.16395291821,2.03980859444,1.78298605017,0.980608021708,0.940122206044,0.0547045916243,16.9782858385,2.4700977479,16,68.7244760154,0.108942620172
low_downforce,1.23527261514,2.05222714602,1.76810509561,1.94527965628,1.03209920796,0.924371376172,0.0581980075702,18.9200156805,2.45877325924,18,67.9155636369,0.248434127632
low_downforce,1.13315907256,1.24254380107,2.08851616682,1.8936486242,0.983597356234,0.983988234274,0.052309012348,17.8173573476,2.17933524122,17,68.1563728448,0.159176865394
low_downforce,1.14662680446,-2.29787034316,1.7834172009,1.96733741369,1.01066698155,1.07277100918,0.0592350558559,16.1345703716,2.18487400764,16,68.2001786198,0.247214975486
low_downforce,1.2124253182,-1.8693382996,2.0527432417,1.70212708342,0.962849142453,1.0726885909,0.0501121873894,17.0280977135,2.17815807146,17,69.5701288999,0.167482731761
low_downforce,1.18276053569,-2.83340072729,1.87979480807,1.72769537593,0.950648093821,1.01614754517,0.05014096668,18.3714710018,2.46468038144,18,69.901487271,0.18491654417
low_downforce,1.27566365222,-2.79866257857,1.82330611374,1.81690826118,0.978628702406,1.00936228696,0.0565658053747,16.2326237355,2.41799955477,16,69.2399386345,0.192656277554
low_downforce,1.15621544367,-1.578827,1.82565771435,1.90632779049,1.03893111068,1.01405703601,0.0530095545261,18.4711385387,2.56131638468,18,66.9453525083,0.254796942528
low_downforce,1.19799613189,-1.75281940731,1.80231283145,1.78142661275,0.9716534539,0.937909534729,0.0580047342751,18.2041571189,2.41686375163,18,69.7265795545,0.196353583146
low_downforce,1.25838126428,1.80778247596,2.09168869054,1.71112043392,0.969131752205,0.932940137571,0.0627562582998,19.0199580982,2.38673821163,15,69.4531148925,0.0712010971889
low_downforce,1.27966772914,-1.53724280659,1.88024885232,1.91661881187,1.01531853852,1.02160254892,0.0639379664786,19.7716280531,2.29447892689,18,67.9472708559,0.209559207524
low_downforce,1.13731669723,-1.91572450234,1.78331687992,1.92926736312,0.958170054937,0.982795589198,0.0583765406314,17.3367710802,2.45253171073,17,69.3189138848,0.202341938843
low_downforce,1.16439253348,-1.5838788375,2.05718344574,1.73482297008,0.993814519832,0.942556382125,0.0465835786042,16.1264395879,2.57196487889,16,67.8793921857,0.134388998773
low_downforce,1.25332517602,2.86719639225,1.91713824045,1.67156780253,1.04321130337,0.99458708459,0.058485463961,18.5058285489,2.176149193,18,68.8967820814,0.203278457015
low_downforce,1.13422081002,0.359486127756,1.99612362353,1.73955941713,0.981714615874,1.03033633602,0.048357002761,19.7786293474,2.50308213464,18,68.6692412394,0.153057986795
low_downforce,1.1825709094,-0.465567219888,1.97201189366,1.65108519192,0.982261266082,0.966770072797,0.0585765657431,20.0578451102,2.28801709007,17,69.712056354,0.133199933724
low_downforce,1.13836509296,3.00125988545,1.75279255448,1.86102605372,1.0457075702,0.910540751952,0.0630371901464,20.1343738601,2.62209246765,18,67.8619243745,0.200612972205
low_downforce,1.15821949272,-1.28694478497,1.77440261828,1.92721875535,1.0090207446,0.945803262263,0.047736961112,17.0980628244,2.43785342268,17,68.0142436053,0.276018323119
low_downforce,1.1589469904,-0.969736350007,1.86473161968,1.68679601267,1.04553128776,1.01381000618,0.0639730554255,16.6243001503,2.29987970185,16,68.3596313618,0.175250218771
low_downforce,1.12903468228,0.648884886235,1.7945575335,1.79925868235,0.980823264101,0.989593680364,0.0601272084977,20.8089441442,2.51364064438,18,69.4517573011,0.17763243796
low_downforce,1.25163427326,1.73788859619,2.0002491201,1.70160808322,1.02073606509,0.978448437009,0.056701269772,20.7605960526,2.40830674693,17,68.4079057665,0.140332704366
low_downforce,1.22625832431,0.679358914289,2.00495929859,1.96173536703,1.03240826124,0.969770650579,0.0591247621766,17.2895834567,2.19716709912,17,67.0591145356,0.193002927557
low_downforce,1.14167282224,-2.67396274857,1.89302423353,1.89114669364,0.995887822877,0.967388808484,0.0656007603664,18.4780164504,2.16239643111,18,68.4821878842,0.194918709247
low_downforce,1.24505960481,0.228124548424,1.77637574311,1.94467507023,1.02805241001,1.08016024076,0.0595181724825,20.9739408364,2.44687255879,18,67.8042173373,0.260641101716
low_downforce,1.23320532073,-0.0471730740478,1.98872803973,1.80996914687,1.0314834592,1.01685999748,0.0456478762187,16.9018615046,2.64815387872,16,66.9309095068,0.17641364871
low_downforce,1.188038578,-2.18783023401,1.90584309113,1.66560202156,0.975940445382,0.955707451368,0.0458426446877,20.1976201094,2.56162154319,18,69.3287728314,0.182772383275
low_downforce,1.27743927799,2.1099030624,1.93792936362,1.71352640438,0.956376524103,1.05769693356,0.0535717365185,19.2622366401,2.44044250675,17,70.2522129172,0.140929978573
low_downforce,1.23152690677,-3.61748099006,2.06819653395,1.6509334245,1.04520974898,1.08313259642,0.0571700751473,19.9236213693,2.64764175711,17,66.8945181094,0.123965984829
low_downforce,1.17056945752,0.983081417495,1.81159955633,1.86954104373,0.988087123764,0.969388486588,0.0532941355183,18.1826909392,2.53332507859,18,68.8017366988,0.212163406099
low_downforce,1.22120888804,-0.777302516476,1.87540050193,1.9658079175,1.04566652374,0.957182445348,0.0657761502883,20.2877895812,2.27109730577,18,67.0788614091,0.218798870037
low_downforce,1.15230792698,3.18106210115,1.90546963366,1.75817998572,0.983229099878,1.04538410745,0.0695100174827,18.7169974341,2.57882417377,15,69.3791814815,0.0878106270391
low_downforce,1.18222964345,-1.42495618879,2.09712530994,1.8609202744,0.952086843655,1.07602956857,0.0484606985838,18.5221495344,2.150189034,18,68.9049040199,0.177404845252
low_downforce,1.15444033525,2.16449537133,2.06654608095,1.65412981135,0.970371736392,0.967529562793,0.0486363594511,20.4803193115,2.22617638253,17,69.8310956573,0.135575968035
low_downforce,1.19740063665,2.05667898851,1.79348482275,1.73659217933,1.04145489814,1.02932925901,0.0522270828461,20.6413693239,2.36724868589,18,68.5781753909,0.266805338658
low_downforce,1.17704657724,-3.74766999327,1.85074870424,1.85543069688,1.04341180095,0.942916709464,0.069099437291,16.3037893271,2.5266730754,16,67.0712994165,0.156582273689
low_downforce,1.27022976191,0.40660215841,1.78951617034,1.80352652055,1.0483735107,1.07320822556,0.0460365473296,20.6315164816,2.17361213158,18,68.2405229174,0.353990907381
low_downforce,1.1801106831,-3.45181943763,1.97182248787,1.8650025055,0.98766347097,1.01110563809,0.0465778986274,20.4613695378,2.28655847865,18,67.9697656761,0.235924826122
low_downforce,1.20508005964,2.23704377551,2.09262252659,1.90716267645,1.01488262949,0.920541690144,0.0688502834339,16.6323708177,2.39992742382,15,67.3123811202,0.0807690924134
low_downforce,1.18489042462,1.47146878669,1.9297795226,1.69927089532,1.01669680429,1.05051354752,0.0501813199391,18.5975526592,2.2350701676,18,68.884191503,0.224048761776
low_downforce,1.23089473165,-0.619333213539,2.03942879457,1.86584041189,0.968900005995,1.01808933227,0.0592120409868,17.6768105114,2.37507837397,17,68.5612152085,0.121620321914
low_downforce,1.12522209937,2.28986047193,1.93274687113,1.80529686226,1.03673903845,0.907438314329,0.0658745759051,16.357164937,2.36140793483,16,67.8626088723,0.131151200674
low_downforce,1.13154676718,3.84753887923,1.91725672566,1.80138886303,1.01185932237,1.02294103146,0.0528311158986,18.5044360079,2.36251197317,18,68.5207490406,0.193491419719
low_downforce,1.14550568959,-1.54716910213,1.77760865012,1.97437457848,0.958602626328,1.0021048579,0.0521974412864,18.0903209516,2.4019551092,18,69.1609927057,0.253946896288
low_downforce,1.176673816,-2.5710540348,1.94088666663,1.94836265914,0.977262301286,1.09081124367,0.0666333487255,18.2119769915,2.29381598862,18,68.3100207564,0.15861474362
low_downforce,1.18733068932,-3.92247022351,2.0806412346,1.80768711787,1.03784257882,1.07282522156,0.0627903799521,20.2331243235,2.19130222144,18,66.8755572462,0.16803038324
low_downforce,1.22281468069,1.7188700557,1.82002783589,1.72738954886,0.97284579297,1.05279300302,0.0604946947957,18.1220064477,2.32615270245,18,70.424300321,0.181844879805
low_downforce,1.25631333048,1.15148751635,1.89708771472,1.78881022628,1.02653524672,1.05042438688,0.0606396292011,16.2235153791,2.15338176494,16,68.6755509673,0.195711532237
low_downforce,1.17364836451,-3.35725597567,1.96949779362,1.65181850948,0.99893424653,1.07286684767,0.0621700103964,20.1308568886,2.54406581384,17,68.6067735832,0.11680178477
low_downforce,1.23108549675,-1.06456450164,2.07075921984,1.71717855017,0.958535891717,0.95523759029,0.0568620206416,17.1927651365,2.18138337448,17,69.7476543575,0.120558657188
low_downforce,1.24781879554,1.49868473747,1.76610027403,1.96591742953,0.969477277542,1.08556090769,0.0477559688491,16.0341988875,2.40886397972,16,69.3454398656,0.243055659547
low_downforce,1.27320467976,-3.53632725089,2.06277076627,1.94995191471,1.01806773873,0.96579647149,0.0649877497029,19.0157913182,2.34808900841,17,66.6933861514,0.137948883815
low_downforce,1.13337543612,-3.28788860354,2.02513965722,1.86728683657,1.02601350959,0.998912076332,0.0547363534071,20.0257496246,2.58228292949,18,66.3811400161,0.158726144318
low_downforce,1.21153819345,-0.549264561437,1.79677972019,1.89348266365,0.971439010562,0.967018715656,0.0487954857047,16.6973107295,2.4139135941,16,69.2519299517,0.219820455402
low_downforce,1.16570198398,-1.01555414437,1.91457140422,1.99740947327,1.00026804306,0.903482748132,0.0457442584166,17.4703326459,2.26732755031,17,67.5678742005,0.252312226455
low_downforce,1.25441376395,-2.39497714836,2.09547350579,1.97797642651,0.97910909645,0.923138930238,0.0619054136734,18.3563721104,2.15984470204,17,67.8304344063,0.138314031569
low_downforce,1.21195505262,1.76554333662,1.92336307433,1.91488468365,1.04076876678,1.06877792263,0.0491866640924,20.0291334336,2.50686266227,18,66.8396360256,0.2369707109
low_downforce,1.17948468216,0.9059731747,1.89798634704,1.9608991294,0.965117719379,1.03629858593,0.0608813504552,16.0150523306,2.29700503427,16,69.0647690054,0.161447411167
low_downforce,1.26822099412,2.6562908924,2.09651866466,1.68083078358,0.982329730916,0.918767307829,0.0468910949127,18.7663938326,2.34871831326,17,69.220758854,0.126283490665
low_downforce,1.20648739117,-1.9351342203,2.009265841,1.6702206255,0.98705397293,1.07256937213,0.0536482381227,17.5929615646,2.6466925234,17,68.5756524274,0.119596873283
low_downforce,1.13997540171,-3.48602044272,1.88999575234,1.91661290409,0.967267129375,0.943316141867,0.0491235035524,18.8584040505,2.2082195999,18,68.7539201462,0.251513890344
low_downforce,1.22209362507,-2.68321423848,1.75301318846,1.9019734955,1.04958540381,1.04890384499,0.0674557702508,19.4519924301,2.25632047157,18,67.6902678375,0.27650905312
low_downforce,1.24560137393,1.46983620696,1.82367526876,1.88200628423,0.990231509251,0.90808032754,0.0463264869372,20.2887398145,2.58098723618,18,68.6270301123,0.232201781635
low_downforce,1.12769701384,1.74440588409,1.96686366121,1.75144150978,0.977665846296,0.988848770024,0.0461085350063,18.955512295,2.23350729294,18,69.3729735226,0.201598465197
low_downforce,1.17282045122,-1.47023816075,2.03646534497,1.71328995823,0.95597971187,1.07348998165,0.0513574903854,17.2898324559,2.42687681534,17,69.3513922299,0.129305812921
low_downforce,1.17175717621,-2.6754308243,1.82553815703,1.72789708863,1.02900576027,1.02107113529,0.0684778594143,16.1453795368,2.28718238014,16,68.6432665989,0.175405324118
low_downforce,1.26596288473,0.556377016683,2.0054898015,1.90184861049,1.03675577441,0.98467520245,0.0595547942292,18.3614109638,2.64625355462,17,66.5659489496,0.136095604449
low_downforce,1.22985721716,1.12887563851,1.98263546778,1.7544233397,1.03849616015,1.03646249055,0.066646330705,19.4093321324,2.20835701982,18,68.1177043207,0.153400001547
low_downforce,1.1857633709,-3.16040139304,1.81028164523,1.89863682811,1.02009124524,1.02677419844,0.0596011934203,20.6360444092,2.60923319686,18,67.417548082,0.220465573179
low_downforce,1.27105992465,1.65922183876,1.75382895638,1.98929737593,1.04543732328,1.01399219665,0.06310898481,18.1918824173,2.36180421034,18,67.6648916008,0.26982929731
low_downforce,1.2008136829,2.83745735271,1.89195212685,1.6866960431,0.976535825598,0.925069120545,0.0530560133403,16.248236495,2.48906017847,16,69.9895697856,0.13891584542
low_downforce,1.18426419435,3.0356954598,2.08314704357,1.87024909387,1.02671913281,0.99734976048,0.0583702050517,20.7476724294,2.15131942138,18,67.556357203,0.159798901125
low_downforce,1.19813669763,3.24597281249,1.79509851364,1.68984805763,1.02878408817,1.05727614167,0.053339843456,18.1721997755,2.63230297978,18,68.8776268374,0.210040884014
low_downforce,1.2231347485,2.52336544486,2.0281258891,1.75425236114,0.969757317152,0.964279229889,0.0670393217357,18.4715802095,2.4135626119,15,69.4891407076,0.0729776145397
low_downforce,1.18411678992,1.96641459123,1.90281835758,1.76571194998,0.954231517603,0.976219810127,0.0570261806303,17.6874192375,2.39790878113,17,70.1831888922,0.138535293162
low_downforce,1.18301517157,-1.45992623626,1.78322904921,1.82378737826,0.969153390484,1.07960722787,0.0601912183827,18.1326828611,2.31645634474,18,69.8347536393,0.224171380543
low_downforce,1.22114008037,-0.344103995005,2.03640848586,1.66162579891,1.0338973259,1.02931247394,0.0625164221407,16.6168400556,2.5831020429,16,67.7167202114,0.0985690816945
low_downforce,1.18062843517,-1.37650828955,1.83563253789,1.761693637,1.0302755777,1.0791053794,0.0627644275505,16.3691233872,2.40686240665,16,68.2452339561,0.18454430084
low_downforce,1.26371168692,3.76288548109,2.01773873432,1.95634858002,0.99705335333,0.985576239302,0.0561754286678,18.4756208036,2.33144377383,18,68.0034004756,0.155985034181
low_downforce,1.19124100844,-0.0368343116789,1.91456866874,1.98726375196,0.95490997157,1.02716968189,0.0455499099939,17.9171134263,2.54384312549,17,68.4848949337,0.200074067159
low_downforce,1.23961700196,3.27776830311,1.900374657,1.65726197446,0.980028690722,0.921086357939,0.0694066889701,17.6883479251,2.37339603974,15,70.4982400104,0.0912196091599
low_downforce,1.18667396084,2.70425399447,1.88083811822,1.75065678024,1.00468573787,0.955279907131,0.0472857853253,19.3614981297,2.27986737717,18,69.1598437718,0.235239932319
low_downforce,1.17212887097,-1.1980326926,2.01129007957,1.93187020591,0.953376690038,1.02441137165,0.0544078879759,17.6931161216,2.23899359532,17,68.8200975463,0.165844824993
low_downforce,1.26030556762,-2.58873822389,2.07475210082,1.83132144811,1.02808259069,0.925948879613,0.0646946659134,20.7276044012,2.35031880544,17,67.0366409047,0.121102092922
low_downforce,1.20866908325,-1.0088748145,1.93022623906,1.86262792126,0.969107131209,0.956562100802,0.048263248878,20.3867107425,2.64967650693,18,68.4278814571,0.168666188919
low_downforce,1.25232880761,-3.85520856252,1.99329247444,1.82433382962,0.955712404445,0.951879877737,0.0600668061931,16.7184398294,2.53417880702,16,68.8016841718,0.107741413529
low_downforce,1.18949164056,3.35982886462,1.85576563867,1.76996259737,1.03117274335,0.954233840908,0.0632343780943,20.9807585357,2.31465422329,18,68.7337186554,0.181419644919
low_downforce,1.13801004355,-1.50584906751,1.99715444223,1.90223540884,1.01127227255,0.984507691836,0.0663894768621,20.2022033227,2.16269619894,18,67.7098145568,0.159587212456
low_downforce,1.15084905414,-1.24645620902,1.79111879304,1.84091273693,1.04797367588,1.04536108849,0.066010481823,19.0293654629,2.29538220371,18,67.8044896018,0.243309773458
low_downforce,1.16733521265,2.27200512771,2.00534176391,1.69170577447,1.00301400564,0.9587469255,0.0613191586567,17.300877298,2.43851098373,16,68.8518982946,0.099112825987
low_downforce,1.12996745682,-0.866521551093,1.9042248414,1.85561649641,1.00242421776,0.936275461212,0.046295090537,18.3513871895,2.16051980592,18,68.3507383718,0.271240798788
low_downforce,1.25805207153,-1.80671720283,1.90875641834,1.69726369838,1.00883588467,0.948312604235,0.0491178468114,17.9020482288,2.43388784474,17,68.6465303638,0.202116328921
low_downforce,1.16137115265,-2.06556094093,1.75983606411,1.74943303297,0.951287730343,0.915012528534,0.0486185856016,17.8882453144,2.50941479887,17,70.3298285083,0.217057833442
low_downforce,1.25749872213,-2.78450693404,1.80756337453,1.73683192553,1.01764630429,1.02036482158,0.053328069267,20.6244546188,2.61725768374,18,68.3385074631,0.229333110893
low_downforce,1.22915686539,0.0772834331514,1.99617137746,1.96410738211,1.00835110067,1.06638680121,0.0573489662096,20.0751296838,2.42598085623,18,67.1995906053,0.174437864328
low_downforce,1.27671831166,-0.456849898494,1.84393686548,1.68602598419,0.998977801818,1.03916076765,0.0489327671776,20.9692998347,2.38639496022,18,69.4534162557,0.239334274519
low_downforce,1.2787142182,2.58423460823,1.90709335685,1.93146344613,1.02731299148,0.951444160612,0.0605373625113,18.3152163902,2.34332220177,18,67.7638498846,0.193615724915
low_downforce,1.1202414648,-0.285425329783,2.05522384561,1.73689116416,0.964213744832,1.04116604498,0.0544652530398,20.6667343809,2.60222315257,15,68.7620919703,0.0935713696202
low_downforce,1.12515337776,1.93355249591,1.93091050205,1.72016041893,1.0173964803,0.9972994468,0.0662866046632,19.2332868985,2.52245777575,17,68.489120558,0.106789501164
low_downforce,1.18885977625,3.87552224878,1.88784897894,1.86473844222,1.00507234365,0.927265433051,0.0589780471856,17.011445362,2.18286868202,17,69.0006143793,0.193707680887
low_downforce,1.17295446193,3.77551048124,1.76719848419,1.79991900329,1.02978538549,0.918317908235,0.0559110894111,18.6406012598,2.25319435204,18,69.0669378886,0.25978120216
low_downforce,1.20508723647,-3.65592259817,1.76691560685,1.76181368525,1.04989224964,1.01180629161,0.0510432214275,16.2689202813,2.51444469784,16,67.6190373815,0.247548217683
low_downforce,1.25990730742,-2.57608943551,1.87219752516,1.66162051559,0.991422614817,1.06093885084,0.0484185611663,17.1514159388,2.16379760662,17,69.8014948684,0.251504342445
low_downforce,1.14911212137,0.897435131353,1.97331137453,1.75711045663,1.03136291518,0.978424801709,0.0628639205803,20.9333867667,2.36615797737,17,67.8898587054,0.140242391714
low_downforce,1.25438397614,-2.50936211051,2.07077819865,1.75386860814,0.952620027721,0.979623025787,0.0661760926372,20.0925311971,2.28592473267,15,69.5235361117,0.0845774347778
low_downforce,1.18923630924,-1.64440866421,1.93703052543,1.85570306054,0.989288305179,1.04732179914,0.0601217835222,20.0467087437,2.55500448313,17,68.0736400307,0.145365321666
low_downforce,1.22125914757,3.67750849528,1.75574885261,1.71893144072,0.95286443829,0.985974468664,0.0644845166355,16.7011428539,2.36010923041,16,71.5453015436,0.148139815297
low_downforce,1.20287801187,2.95393768534,2.01485484878,1.70876442612,1.04931714918,1.02673621825,0.0501036650951,17.7584214124,2.39116363183,17,67.5999105332,0.179168535773
low_downforce,1.12526926123,-3.64506852885,1.95802687765,1.66274043997,1.02765732866,1.05224884043,0.0587284654668,18.7530414607,2.1763625047,18,68.32552737,0.20203266635
low_downforce,1.22449517349,1.42638057382,1.80725037425,1.80485036125,0.98723482998,1.08021474613,0.0640649503592,19.4979969563,2.63603662957,17,69.2522973423,0.153189218035
low_downforce,1.1679576169,-2.36150507974,1.93143664183,1.66433724905,0.977606293121,1.06811485698,0.0591458891221,18.1805170112,2.51152474902,17,69.3578261475,0.130881694327
low_downforce,1.2137055577,0.239813732003,2.06560247732,1.72013959631,1.01150696837,0.967804040444,0.052736353142,18.4736063872,2.59670218933,17,67.7508562099,0.11447521755
low_downforce,1.24848837076,0.578037395602,1.78469890575,1.89166496323,0.978368734887,1.08249219745,0.0509815356602,20.7328488912,2.52185703997,18,69.0980843905,0.248331104895
low_downforce,1.2559772879,-3.81951736162,1.86010640453,1.98645929307,0.98355448623,1.08171068531,0.0570546482623,17.6576755779,2.46653604613,17,67.9159278415,0.218097198648
low_downforce,1.24211448991,-3.22101780432,1.81111972694,1.71725432896,0.95518967426,1.09157656542,0.0475703332679,20.0254529643,2.57292795769,18,69.9757564312,0.224625509892
low_downforce,1.23595720621,1.21269526393,2.00452359585,1.66167980245,1.00798798324,1.07747008509,0.0478981225221,19.4442250713,2.3649082647,18,68.7902317095,0.182778931497
low_downforce,1.22518231273,-2.43680507789,1.80121646482,1.87835728142,1.04079471768,0.924680958079,0.056526057041,18.942504718,2.18933231845,18,67.8074363738,0.296460193121
low_downforce,1.26202107093,0.378486339793,1.76997369566,1.6819543942,1.00007632586,1.06063480866,0.0501344085846,16.1917227194,2.56694691288,16,69.6386832904,0.209177667292
low_downforce,1.27232756511,-1.75577834546,1.76776120397,1.67614095666,1.00966437591,1.06742285372,0.0671452313846,19.8706813038,2.25053218892,18,69.9233383143,0.218674705943
low_downforce,1.27611621717,1.18867769319,1.81752229305,1.65808527603,0.982731105492,0.906698080895,0.0564812885554,20.5986306382,2.42181596093,18,70.4046670295,0.175442512097
low_downforce,1.23535314601,1.54318957715,1.92301897638,1.74698831546,0.983823333169,1.04017913978,0.0641106039603,20.0369783187,2.22674493213,17,69.7780094639,0.148894515196
low_downforce,1.18652502455,-3.58977834721,1.84928929665,1.96932851466,1.0306643307,1.02685679573,0.0697569072736,19.8198774142,2.6256190916,18,66.7225744902,0.170668576303
low_downforce,1.21447615885,-3.26092840479,2.08275476039,1.67879867075,0.986227224116,1.06442255139,0.0591736929883,19.312928034,2.54956162654,15,68.3379196771,0.0934335036729
low_downforce,1.26568760597,-2.51632836988,2.01066522478,1.67405713906,0.970046681671,1.09400304615,0.0674753551543,18.6124930601,2.35790221114,15,69.6135403329,0.0956865227391
low_downforce,1.12195349125,3.94401742797,1.92313322078,1.78467929597,1.01942263773,0.977889636842,0.0672643313617,16.2378340396,2.41200030108,16,68.5150293195,0.114750172387
low_downforce,1.13152646405,-1.30776543766,2.07263251045,1.9261522207,1.01486316063,0.993885450511,0.0548913680002,18.5025323876,2.24709439089,18,66.9127112022,0.178796718293
low_downforce,1.15530668999,-1.17731664673,2.04669318127,1.68424535482,1.03987215475,1.06511575738,0.0663219214848,18.5433336779,2.54492817318,15,67.3287869428,0.0943321924438
low_downforce,1.23652616114,1.99625811094,2.09966538925,1.66571917466,0.950388607177,1.01130072564,0.067330405582,18.4514250528,2.36028657576,15,70.2526505649,0.0510702922634
low_downforce,1.24563274088,1.49724413647,1.85678657112,1.8064808188,0.999272726571,0.931133479696,0.0468564008482,17.968736069,2.4102933179,18,68.8708924074,0.229462898297
low_downforce,1.25601800634,2.55963143488,1.87595133869,1.88946614261,0.968665104743,0.914062290087,0.0460945441908,20.0621436431,2.23653206698,18,69.5767310565,0.242566059593
low_downforce,1.26773169278,1.92493966271,1.94961470196,1.68962673632,0.987999197485,0.944522609511,0.0678837734567,18.5255106016,2.43238881282,15,69.673046794,0.0902648020065
low_downforce,1.17704862805,2.33338768468,1.9565500969,1.8420966574,0.982206050476,1.04096444995,0.058376429247,20.2870614083,2.41235994673,17,68.8149392553,0.142014826295
low_downforce,1.26637702701,3.40307796619,2.0145660701,1.95905650053,0.997725680032,1.00394915666,0.0652105288186,20.0759640213,2.2629897947,17,68.1822131929,0.131305551049
low_downforce,1.25274955502,-1.80270936271,1.80017742528,1.84148647203,1.03119574713,0.900842313798,0.0509713350219,20.8347338149,2.30988630118,18,68.04912002,0.290697399868
low_downforce,1.23782849003,-3.56822284248,1.98044663677,1.95909241998,1.0244593339,1.01284144103,0.051594326924,17.7467180232,2.39628208491,17,66.5184086871,0.220539621275
low_downforce,1.1716605344,1.1265232448,1.85850859079,1.88049521185,0.955860209903,0.951052295313,0.0621321016161,19.2557853291,2.62867271684,17,69.4018363094,0.120568280786
low_downforce,1.15632995151,3.95912195173,1.77942603243,1.89539679919,0.977119947496,1.00390035936,0.0641132837614,18.3773483656,2.17085060066,18,70.1235919147,0.213251724877
low_downforce,1.20490978603,-3.13020241282,2.04753992108,1.98549147353,1.04304390123,0.928478917637,0.0591293173746,16.0469543283,2.2156307163,16,66.1090212918,0.177721446853
low_downforce,1.26676836882,-3.76774269158,2.00081113432,1.94058031208,1.00954787377,0.949395930705,0.0582802090653,16.3352391137,2.24146901142,16,67.2802458477,0.177311632751
low_downforce,1.26712031056,0.0319774978102,2.02104855316,1.8829432667,1.02252432076,1.06271836387,0.0569601059571,17.283600132,2.60660466278,17,66.8930592152,0.145087532636
low_downforce,1.20420495414,3.37834379249,2.02640404971,1.95273350604,1.04367896652,1.00545373448,0.0473682857065,17.0731715945,2.5427386043,17,66.264932442,0.189240612535
low_downforce,1.16220719105,-0.0803614766522,1.99013765103,1.68604901306,0.979916624141,0.931404221987,0.0483890539338,20.0552573172,2.48404020707,17,69.0786552925,0.14284005396
low_downforce,1.27616340557,0.986438886555,1.94251168517,1.68578236802,1.01700272461,1.04445822324,0.064436354225,16.7128443816,2.51192008466,16,68.7192610376,0.117982791748
low_downforce,1.27186540496,-2.34639951865,1.76306003247,1.75310779112,0.99221222609,0.947069514062,0.0607266698235,20.3869990887,2.52782160993,18,69.4242497203,0.202223590325
low_downforce,1.12261751472,-0.917429003141,2.06137267975,1.91837351928,0.998687812131,1.02551465005,0.0674439068248,18.8661862987,2.28082228553,17,67.5328948772,0.113126244223
low_downforce,1.22617489454,-1.99814825932,1.88417786394,1.99418115101,1.01101427218,0.904662763269,0.0632677935696,20.1483832552,2.21765339962,18,67.7266461291,0.216934350654
low_downforce,1.21774497597,0.962942367307,2.02684023832,1.91072503832,0.985696588119,1.03496870573,0.0507872500394,17.0718649825,2.47391690622,17,67.8287437729,0.158244273067
low_downforce,1.23263896387,-0.441593506154,1.99937740752,1.92572288428,0.966450138594,0.968838113169,0.0611442232005,18.0060504406,2.33156609365,17,68.6362511407,0.131755088677
low_downforce,1.15923669546,-2.62605480121,1.87303339317,1.82702035151,1.00453434486,1.0856506669,0.0509808384351,18.3384975516,2.546484071,18,67.8437287927,0.227052274769
low_downforce,1.15549471831,3.46556211769,1.75252979426,1.78214830906,1.03452243807,0.931316350839,0.0587028778929,19.0892773838,2.47978115143,18,68.7356816013,0.223392063504
low_downforce,1.15524731608,-1.17035967112,1.90374015115,1.99620633201,0.984896685191,1.09775221947,0.0485371836309,19.0681442639,2.54454489151,18,67.5381787512,0.228743808007
low_downforce,1.26922201701,3.86878757845,1.93715505223,1.88971028062,1.03242371535,0.938431397678,0.0510890905079,17.7523110759,2.15899704202,17,68.0208698938,0.234352464154
low_downforce,1.1390134447,2.43984328458,1.81643144859,1.72927688631,0.958278379454,1.07176635041,0.0529791140177,19.7896992459,2.42821201643,18,70.5259942353,0.190229895402
low_downforce,1.17603790542,-3.81032502405,2.04773931293,1.76829062437,0.966141387037,1.03173816457,0.0482916636879,20.9761511085,2.55889774897,17,68.2810619682,0.14043877884
low_downforce,1.16879973737,-0.974807884472,1.89601795529,1.91164319264,1.00949961987,0.958692787679,0.0561148959925,19.6977323742,2.63821246219,18,67.3593210052,0.177004793214
low_downforce,1.23708225122,-2.52859443076,1.8146853924,1.73978289751,1.04707176116,0.918798587413,0.0581024255507,16.2765067007,2.28656221663,16,68.1892846595,0.218399666324
low_downforce,1.2756673177,-0.421047295176,1.98661984446,1.75293065472,1.02458300771,0.951757272105,0.0677781409496,18.6197050426,2.2068681851,17,68.391792479,0.139664758088
low_downforce,1.25325563397,0.720963785019,2.04818175761,1.91640246249,0.989356196579,1.03204709516,0.0584999756053,16.2535622658,2.23658935256,16,68.1336955256,0.146227022815
low_downforce,1.21018002743,0.149045917637,1.8401151164,1.9931295551,0.959008901151,1.07434619257,0.0494430000037,18.0531062037,2.46304822722,18,68.8747154947,0.23757604731
low_downforce,1.20936563898,-1.2550091363,1.78184719815,1.74579291945,1.01217479404,1.0408387685,0.0519450103108,19.8861132331,2.49283192996,18,68.7964983581,0.254091084053
low_downforce,1.1231730449,0.602024910377,1.86003483137,1.82100511,0.966818540596,1.00241161713,0.0553500491419,18.8332899986,2.24560797502,18,69.7538995657,0.205053365168
low_downforce,1.26121512625,-3.71581388927,1.99809772826,1.88889890877,0.969986663425,1.0749607572,0.0543220185972,16.9277362871,2.63749062066,16,67.8633129828,0.138991775876
low_downforce,1.25453305177,0.299096885566,1.95026203658,1.90298958142,0.986687852268,1.05042587597,0.0459387010288,19.1889591642,2.20000104225,18,68.5067559646,0.256124221582
low_downforce,1.23666682252,0.540381932963,1.83600948415,1.73647421907,1.02767148317,1.03938048537,0.0530051341737,16.3355020847,2.58305640142,16,68.3267235305,0.191748887082
low_downforce,1.19337249883,2.78302601899,1.94410492592,1.85071910751,1.03431537835,0.976838460989,0.0580143530002,17.3073069621,2.52554616084,17,67.4081059723,0.157864767156
low_downforce,1.16642632407,1.28402403048,1.93628943757,1.83343822499,1.01889473482,0.980421710937,0.0484586024905,19.5198717423,2.44949638472,18,67.704718508,0.21098845535
low_downforce,1.13933099268,-0.488032624156,1.87750691158,1.85114918885,1.04351306354,1.08339949684,0.0513723204972,18.3790359148,2.59763764333,18,66.8574690144,0.23467533165
low_downforce,1.26315040788,-3.09383486396,1.899817151,1.75208424357,1.03689677807,1.039320664,0.059595083631,16.7308196471,2.31290092423,16,67.8950783418,0.193315735408
low_downforce,1.16490435027,2.28517286015,1.87284546169,1.81921374302,0.967737754053,0.983218392225,0.0538881685723,18.195921472,2.50045952806,18,69.4838350258,0.164380443806
low_downforce,1.23158298492,2.98174612173,1.89630640114,1.93689066836,0.993897534701,0.961569487592,0.0548908773618,18.4149788314,2.38916233571,18,68.4638082271,0.194761379316
low_downforce,1.23698657738,-3.76394848066,2.09107432014,1.9115533119,1.00177592996,0.900831968861,0.067632413613,17.5128076463,2.4234046682,15,67.0303445207,0.0921474982546
low_downforce,1.17335355927,1.30022219124,1.83987047606,1.89220205402,1.03073569336,1.05709197321,0.0657188913259,19.3374700686,2.19298332622,18,68.1997695719,0.227342868405
low_downforce,1.2550635225,1.22166413357,1.78780747477,1.8593436172,0.953531832857,0.907914377589,0.0650283081712,16.9346876266,2.42718667383,16,70.367171054,0.144650411741
low_downforce,1.21451745607,3.95023648911,2.06283624217,1.88101349617,1.01507314109,0.986481612473,0.0667703569747,20.3511959431,2.18727288503,17,68.0515829281,0.116510068248
low_downforce,1.18090630677,1.9076713537,2.07696436338,1.81816804704,0.98816381026,1.05639870846,0.0677333554046,16.0734718812,2.15930775455,16,68.7926075812,0.102272119597
low_downforce,1.12416977633,3.06737679868,2.04399412146,1.89807557285,1.00551108881,1.00580195134,0.057154632909,19.327634132,2.4175337836,17,67.5712883915,0.129718633884
low_downforce,1.17459007679,3.14444823154,2.03877465254,1.88633853146,0.953391575404,0.919300629921,0.0531539115823,19.5924381653,2.45216671065,16,69.0181577871,0.106665175041
low_downforce,1.26211032019,-1.2567481581,1.99193246695,1.81487748314,0.9914953351,0.942779431822,0.0501449832843,19.9552979645,2.63952628689,18,67.893835315,0.148798313673
low_downforce,1.14762953054,-3.11264149369,2.09542070239,1.80287911856,1.02551077175,0.942633755412,0.0524035669397,18.3975052806,2.43445784266,18,66.6701660152,0.15050387939
low_downforce,1.23571735192,1.29410094131,2.08237760986,1.65977333791,0.991133365556,0.904943090232,0.0603771926602,17.1918107093,2.53718176978,15,68.8622442624,0.0708381069873
low_downforce,1.1428028557,1.67038743028,1.86141532567,1.70012614906,0.998739112821,1.03149244769,0.0600313596187,16.6952903447,2.33870716782,16,69.5850912172,0.159613130816
low_downforce,1.15599536605,-2.14805218139,1.88062785263,1.83107725618,1.03601174554,0.942396504055,0.0495255277626,16.4211705611,2.30118086497,16,67.4767240954,0.228474204418
low_downforce,1.16648342577,3.45230915742,1.80948522197,1.7317231328,1.02398203167,1.04297346198,0.0625233321316,16.0433256303,2.33404937852,16,69.2677551842,0.178177620833
low_downforce,1.21734750183,2.67344018811,1.86596420066,1.67164155255,1.03373860238,1.01901143819,0.0662814896503,16.221868507,2.31783236219,16,69.1565990084,0.150173213781
low_downforce,1.17350928674,3.46393923706,2.07111874457,1.88591472317,0.975498685351,1.09449203378,0.0532051925093,17.7001552712,2.52521548761,17,68.1732491388,0.114740283914
low_downforce,1.24231311581,3.44512860217,1.86258106272,1.71071649399,1.04570797089,0.948435437535,0.0615682343913,17.6107376555,2.24141895237,17,68.8485349051,0.194066544315
low_downforce,1.24825660964,0.6379134356,2.00192973389,1.98738297774,1.01476590598,1.00092292625,0.0583500993888,19.0144618558,2.37357769444,18,67.1020416063,0.173668660949
low_downforce,1.21692923702,3.69814786209,2.07478190423,1.88312074253,1.04913002696,1.07074259303,0.0451952185023,19.1170665067,2.20791670849,18,66.7905484432,0.237131680183
low_downforce,1.21954610149,1.64822499572,1.85117599955,1.79032561579,1.03233464482,0.973161502023,0.0562436746657,19.4467090959,2.46454256822,18,68.1540368251,0.208870464017
low_downforce,1.19718697643,3.65965000076,2.0912473038,1.79565643313,1.00030273483,0.939521148535,0.068256100324,20.6166448366,2.34110377331,15,68.4395122281,0.072023959835
low_downforce,1.25771808474,2.75210449637,1.97803028617,1.90165756372,1.01266824509,0.956867468384,0.0576735171061,20.9263053713,2.26942900775,18,68.0376184264,0.177288193456
low_downforce,1.21657924252,0.527714090735,2.04539977863,1.87724374406,1.00167108429,1.0823405579,0.0638938432505,17.2421824107,2.40168717438,17,67.7202991584,0.11824629923
low_downforce,1.14328161249,1.55392341452,1.9889720098,1.86461165844,0.961083133675,0.936841697616,0.0528280657535,19.3254551903,2.50843977092,17,68.8233596048,0.125265521048
low_downforce,1.20159733015,1.30990409697,1.96446327358,1.96782598454,0.960552418712,0.922944414267,0.0574281664779,17.2652812269,2.35509263198,17,68.8127721156,0.144803732613
low_downforce,1.15749168156,-2.78633312902,1.89981986708,1.84988997263,1.00456868534,0.945448475279,0.0489040772487,20.2731177486,2.55954991785,18,67.5806730842,0.21424593055
low_downforce,1.25915004282,2.94280599396,2.03732679786,1.66937719877,0.96066867154,1.04677550883,0.063500119041,16.3708929849,2.29982909955,15,70.3728737152,0.0861525079671
low_downforce,1.22087404909,3.03609090066,2.03225932215,1.83484839517,0.95104110503,0.945796311026,0.0601091344226,16.1641498665,2.55359261459,15,69.3292200307,0.0769445536633
low_downforce,1.20286452283,1.20285529052,1.95475671578,1.72014752086,1.0350614619,0.926566371336,0.0554787932868,20.6949259365,2.26100063728,18,68.2607200281,0.189554260859
low_downforce,1.26074173869,-2.10546953628,1.95732928514,1.74329814887,1.03702194358,1.09247081314,0.0486143619496,18.2082947995,2.25135222207,18,67.7014522734,0.258937270976
low_downforce,1.17636589946,-2.33651335386,1.88436087262,1.77211663274,1.00340485587,0.928694545661,0.0616639451174,20.5655053874,2.17555107877,18,68.9274801368,0.201256096686
low_downforce,1.23897847406,-0.484902116025,1.83611862449,1.76980814216,1.03948842668,1.00706667127,0.0451904490239,16.4367420114,2.21938426612,16,68.2549365269,0.265094826608
low_downforce,1.12794066287,2.59870540907,2.05240794981,1.84549040885,0.967774195177,1.07737083134,0.0632828983589,20.0369438775,2.59712966307,15,68.5239039511,0.0740660580472
low_downforce,1.16398732312,-2.56994839023,2.02908262235,1.66451291822,1.03599961931,0.974591638258,0.0622859296662,17.6561897209,2.63588528848,16,67.3208791786,0.0980218846557
low_downforce,1.2743547651,-2.28045749875,2.00625372544,1.70021412093,0.97981473338,1.00838214511,0.0613197024639,16.3310370522,2.35800193787,16,69.2055008137,0.117809249111
low_downforce,1.25913581131,-2.19029112945,2.00437281884,1.65733356703,0.979653975043,0.943502943877,0.0467691121338,19.7939909598,2.41752802703,18,69.1778849833,0.163280684253
low_downforce,1.17499063653,0.54763384107,1.85863504826,1.802317185,1.02233213006,0.975225167856,0.0694187950206,19.1013560775,2.5012080909,17,68.2610696739,0.138631698016
low_downforce,1.1982739255,-2.53117755507,2.01315147157,1.83882440732,1.04487084002,0.923043660347,0.0628626832795,18.7157106448,2.48441996835,17,66.5322310687,0.138586359919
low_downforce,1.18628935298,2.12227785723,1.80202045427,1.88023428704,0.952665074908,1.02678104493,0.0504093116982,18.6242333169,2.25079142534,18,70.2749424248,0.248250394434
low_downforce,1.20138828575,-1.00969493324,2.03390769166,1.95084894345,0.979173269734,0.902245234834,0.0488446142283,20.3334380535,2.47444417991,18,67.57522791,0.161083768617
low_downforce,1.25924258385,-3.75669479501,1.95935572958,1.843229775,0.958911997597,1.05280887052,0.0542748550493,20.2445398717,2.58285189093,18,68.6133217652,0.150630299541
low_downforce,1.16436383894,-1.7143249628,1.91027058605,1.82472722222,1.04394740824,0.999091840252,0.0470244551289,16.8831891793,2.52162892351,16,66.8440323974,0.212624395068
low_downforce,1.12065674057,-0.888966556874,1.79437342329,1.98831215875,0.958443593439,0.915747760019,0.0480830206468,20.0403544813,2.24726602041,18,69.2750347381,0.277883118407
low_downforce,1.24925947296,-3.16355213271,2.02088203277,1.66358346559,0.986790292027,0.975325856132,0.0617759157904,17.5961919194,2.3812128563,17,69.0217057057,0.109321875506
low_downforce,1.25157200619,-2.13388095473,2.08583474262,1.86815928807,0.958506979089,0.962242411287,0.0614562327207,20.6650162537,2.58050520001,15,68.2501144642,0.0791746970414
low_downforce,1.19857632174,3.4366450447,2.09265231306,1.96508217329,1.00650020557,0.975188157166,0.0640510671458,17.9385363183,2.6488163464,15,66.9329485799,0.0761658821807
low_downforce,1.19062474296,0.232024217453,2.07388654963,1.98271555615,1.02885715986,0.935196335838,0.0613847602997,18.5552735242,2.36887183937,17,66.4342146835,0.136738682755
low_downforce,1.14943263207,3.3454952271,1.89305637073,1.95994012606,0.977437563056,1.00319736896,0.0506448311787,19.8795895997,2.40154892755,18,68.6531381287,0.205208241206
low_downforce,1.18312806493,-0.304071561731,1.95162529875,1.76497140591,1.01668610457,0.983608412476,0.048644213215,16.2213810348,2.51807595757,16,67.8248821114,0.173644846069
low_downforce,1.20122562075,2.12968324868,1.97559073382,1.67586637792,0.953966427837,0.921539464901,0.0589844137873,17.2238995051,2.24286503316,17,70.6955000968,0.110342705602
low_downforce,1.26155964566,1.54301442491,1.78251153792,1.85125629404,1.02567581417,1.02461488197,0.0648107267489,16.7322506415,2.38500384778,16,68.6318717487,0.19245843971
low_downforce,1.14731280483,0.337940338695,2.01548080319,1.95437275946,1.02603842308,0.909696188112,0.0651463026828,20.6808092377,2.45664965793,17,66.7360405928,0.12024289187
low_downforce,1.17226344505,-1.52971817312,2.05563818435,1.92821210484,1.04845560934,0.975889403386,0.0560578758612,16.6101395959,2.42280534952,16,65.9235479801,0.159813243446
low_downforce,1.24317779255,-1.97874854774,1.906263644,1.94396147047,1.01451859835,0.973324097783,0.0699792320671,20.0441172295,2.37530245759,18,67.5990439289,0.157147906817
low_downforce,1.22363374504,2.973657657,1.96083300777,1.88286020355,0.992964813792,0.907712064762,0.0483463418481,16.680721076,2.33292561834,16,68.4843633835,0.176558966575
low_downforce,1.17969781283,3.23074174226,1.94735463577,1.74693002105,1.01187577217,1.0110436389,0.0608785856123,17.3089644154,2.56153191473,17,68.483152433,0.117966151045
low_downforce,1.17017790122,1.88538357541,2.08076909531,1.94703864002,1.00179902791,0.904348164636,0.0689876651066,18.295704294,2.55633029447,15,67.1943430563,0.066662005269
low_downforce,1.18389996047,-2.7183960831,2.09936153295,1.71946527593,0.987508311852,1.01052982971,0.0610996107587,17.2481329767,2.59784742105,15,67.9942844489,0.0787441711868
low_downforce,1.19443022713,-2.58467768509,1.84600399114,1.69138053824,1.03716968099,1.00438109555,0.0681375382517,18.1758648348,2.35478382055,18,68.4545056219,0.178573640825
low_downforce,1.14870408666,-0.499778251337,1.85260086551,1.87920182586,0.965004884512,1.07434315653,0.0608761436542,17.7591908544,2.51159858422,17,69.1140781211,0.16171172626
low_downforce,1.14781952277,0.946246386273,1.82554485381,1.7465889363,1.0291368361,1.07652682039,0.0680477771292,17.9462404056,2.46054111474,17,68.5598842403,0.164784197749
low_downforce,1.26724081911,-2.09115496326,1.90587660436,1.9998987377,0.971138125405,0.936344132277,0.0485489067903,16.2210960471,2.50686670064,16,68.0494373867,0.191348884418
low_downforce,1.16277084843,-0.952700427313,1.94880107722,1.89966176979,1.01712271872,0.988715383469,0.0528300998166,17.3274292562,2.15348286675,17,67.7070546985,0.234017353597
low_downforce,1.24848117582,-1.32215794398,2.01014977392,1.96306621901,0.963238855432,1.03356779167,0.0612641622439,17.0877320039,2.21388316812,17,68.6292909272,0.154559814343
low_downforce,1.24325665011,0.133754859179,1.80793896621,1.75976082422,0.969294099667,1.0463190417,0.049268143654,17.0380583565,2.4979469754,17,69.8656873584,0.216044250632
low_downforce,1.13566181258,-3.87698094927,1.90992625953,1.90338728524,1.01784296178,1.09513036792,0.0545429813559,16.7111382913,2.28108891945,16,67.3094240545,0.218550183459
low_downforce,1.2073316359,2.89305334889,1.80510870493,1.88377768183,0.963467419247,1.06135821605,0.0678244913303,20.3551023179,2.17324543128,18,70.4128969267,0.185776402138
low_downforce,1.25245656342,-2.00099540903,2.01515281152,1.65771346014,1.00852853233,0.994899466699,0.0627173505118,17.5163478747,2.3293769873,17,68.7287399075,0.12308722222
low_downforce,1.27864720471,-2.70091673104,1.91227767649,1.86454006228,0.959679209378,0.958478142128,0.0485978968412,20.6351299784,2.30555987731,18,69.1873001875,0.223376904721
low_downforce,1.20758731907,0.321255115982,1.9150812839,1.70014680486,0.968531774167,0.961782421888,0.047306201132,17.4726334908,2.38900601758,17,69.8484929679,0.181778857049
low_downforce,1.18922390256,2.01769055526,1.82612400558,1.97398014793,0.974984085018,1.07577852448,0.0594832372875,20.0321105979,2.61542567379,18,68.6692453715,0.176987418752
low_downforce,1.27171842842,-3.37171719987,2.08048334817,1.76509254308,0.962405203589,1.02920792325,0.0508532390027,20.8850808893,2.42558879651,17,68.6673874162,0.134556836278
low_downforce,1.14280577535,-2.51744821374,2.04525019813,1.94710137414,1.0322342372,1.09823001229,0.0498222045738,17.9875859882,2.44220568562,18,65.9793411425,0.210156214666
low_downforce,1.2048842159,-0.0439210903666,1.79207883681,1.68621582658,0.979380751305,1.01624308121,0.0493570637763,20.5087165606,2.51150493026,18,69.9838807085,0.222456461762
low_downforce,1.17083894097,0.89122559768,1.84552113315,1.76837074688,1.03508941611,0.911735486588,0.0458348416059,16.2797987664,2.4684526559,16,67.9925796945,0.218079161137
low_downforce,1.26080394106,-3.41104665307,1.83347833622,1.70981988746,0.952552045568,0.94211622984,0.0587475250631,17.9117615754,2.57242593914,17,70.1772148396,0.147305981211
low_downforce,1.13051841582,-3.9913420579,1.84834646573,1.93150332954,1.00738246731,1.09125868488,0.0654377943577,17.5292197148,2.25552926402,17,67.8667589904,0.219047895742
low_downforce,1.1295090022,-2.76351559983,1.86429515646,1.84017088221,0.958163220919,1.06093936918,0.0451591129719,17.2529108694,2.40260342246,17,69.1501747569,0.233076752648
low_downforce,1.24903363753,-3.72585742805,1.95115195899,1.85629605585,0.990012746363,1.07658068756,0.0470345328842,20.1640992165,2.36145079782,18,67.9653198224,0.241619785003
low_downforce,1.25030604142,-3.80750026759,1.94911130265,1.80881704703,1.02256079609,0.984180930938,0.0532516687254,18.5873793512,2.37491878124,18,67.4560909733,0.21739533273
low_downforce,1.20083204086,3.82724331989,2.0927351627,1.90817803798,1.03606159568,1.07458211972,0.0535385335322,18.7698632083,2.42567332533,18,66.6678993135,0.153875254639
low_downforce,1.24472822192,-3.85882075026,1.90917511334,1.7444694461,0.958389344182,1.01793218158,0.0462979189452,16.3376335911,2.54179681917,16,69.2969008732,0.177475316069
low_downforce,1.15299282975,-0.924581717491,1.880200965,1.8193967156,0.99978336198,1.02218280503,0.069231708562,19.9253702397,2.43872957261,17,68.5525116876,0.136816179642
low_downforce,1.24120802254,0.877390563601,1.82277522917,1.70175886962,1.04205761427,0.96450640072,0.0483612343239,16.0854735458,2.51058106579,16,68.3321619043,0.215268922735
low_downforce,1.13704810331,1.94304180848,1.92256128785,1.86907173698,1.04784680673,1.07975064033,0.067312600857,17.8673443224,2.21029489726,17,67.5310451034,0.185176111571
low_downforce,1.20446800685,-0.623685250356,1.91412110902,1.81757883692,0.996193568197,0.905632706734,0.0477920096597,19.0464890258,2.54319812498,18,68.1883154091,0.195942434699
low_downforce,1.23662115611,1.95670137468,1.80018265778,1.66715772841,1.04141610936,0.959021565645,0.0656332934418,17.1910840385,2.25900348179,17,69.3528436551,0.196238592892
low_downforce,1.23502092046,-3.05713066853,2.05626389191,1.73458973307,1.01652524932,0.9617762423,0.053377582498,19.5449683324,2.19021193627,18,67.9293410357,0.18602127082
low_downforce,1.15987438973,1.49414315973,1.86854182815,1.98292854407,0.960685407994,1.04052136396,0.0676349371179,20.3514743802,2.51129309651,17,68.993772895,0.126413686057
low_downforce,1.18012892999,-2.36166177164,1.90525774573,1.99084363885,0.986117257716,0.954051489314,0.0457016785553,16.9678135244,2.52430758676,17,67.4800915254,0.21725049407
low_downforce,1.12840710936,-1.72988849473,2.07848928985,1.83252057851,1.00524781607,1.00256359905,0.0627081806417,18.0759356356,2.63809395044,15,67.0306238598,0.0862536081766
low_downforce,1.16656879945,-1.32507578838,1.90461352041,1.9743983062,1.01172644549,0.988581851033,0.0613973808383,16.7389012723,2.5895312756,16,67.0860951157,0.153949816444
low_downforce,1.17836004579,-1.86059584413,1.99729982447,1.80735788657,1.04030324978,0.987935140888,0.0696642259661,20.5456190424,2.61446787164,17,66.7918843778,0.0977026369577
low_downforce,1.15803338755,3.61911864124,1.85149398265,1.6773654557,0.968623106085,1.05012195463,0.0620333548509,20.0182300778,2.63315404753,16,70.3370802172,0.107016044023
low_downforce,1.23357476543,1.26406998203,1.91898031194,1.92044028154,0.96568559469,0.989196676706,0.0478790661473,16.6688771764,2.28879422319,16,69.1071606353,0.196325289236
low_downforce,1.130708854,3.89139096812,1.85704293908,1.85319008785,1.00959402618,0.998865649261,0.0661036126178,16.3323490253,2.22251217722,16,69.0263019936,0.162107092726
low_downforce,1.21868123079,-3.20621835979,1.97886674428,1.88447352916,0.974782753379,1.02406215315,0.0508262092309,20.7377805163,2.17113730867,18,68.5172390355,0.226770931203
low_downforce,1.15811726735,3.080277759,1.8221252854,1.69329493856,0.950374324249,1.05229413709,0.0548649234535,16.0771229086,2.51214640935,16,70.9165142758,0.146597887465
low_downforce,1.22541849701,3.87189686762,1.75533831738,1.86634944262,0.961263598184,0.990592698579,0.0673424527719,18.1492816616,2.53089468607,17,70.3554074251,0.146158558068
low_downforce,1.1397573661,1.04377494669,1.84822359249,1.92698312693,1.0392387261,1.00651300397,0.0461509002098,16.790842353,2.6423236849,16,66.814631604,0.221317467018
low_downforce,1.22770744349,0.590275737169,1.91896683183,1.90907198462,1.0419522875,1.0217256539,0.0505833181336,17.4718467618,2.41712113404,17,66.9357415977,0.232878955748
low_downforce,1.2704213237,3.01851375307,1.96277228121,1.72836248047,0.958254098265,0.94679754723,0.0643083351889,20.6454745433,2.2643973006,15,70.5437719677,0.101476617724
low_downforce,1.19741687546,2.3952669981,1.98961369301,1.83024998814,0.999141665902,0.907339492714,0.0532293349875,19.9542719164,2.44463963737,17,68.239916484,0.145884300422
low_downforce,1.15919337165,-3.9084465324,1.86914163351,1.76369518717,0.973940772109,0.930756906521,0.056623353375,20.0399633221,2.5214249723,18,69.0088987728,0.166858574498
low_downforce,1.1531783222,-2.84041145912,1.8780736515,1.79393931053,0.998934644338,1.01307354845,0.0554352189267,16.7184280008,2.56262810903,16,68.17601919,0.169728668817
low_downforce,1.18199906979,-3.37689024312,1.91053555957,1.90510760592,0.965743337262,1.04734427974,0.0620558860526,16.1565212427,2.35435652922,16,68.7395889671,0.156655695633
low_downforce,1.16079162665,-3.31077142512,1.94511401749,1.81846600276,0.979748069916,1.08731339776,0.0591924210987,19.5696773753,2.55012973166,17,68.2559355431,0.14573527876
low_downforce,1.22037498364,-1.38135480947,1.9783251054,1.95658844916,1.0215576834,1.0440719242,0.0689275308232,17.5201322113,2.52776168366,17,66.8243878584,0.12672288898
low_downforce,1.20663769259,3.23828681268,2.01574397266,1.99369132609,0.953009665393,1.08327591266,0.0534055874927,20.0921401556,2.16452236426,18,69.1259208829,0.179060673
low_downforce,1.19055641161,-0.32264755466,1.79435419305,1.8048491899,1.01362664039,0.911576977907,0.0662263983983,18.0995161651,2.58489626791,18,68.5559119283,0.160825696421
low_downforce,1.27362634187,0.0991480165931,1.75228947458,1.66582806833,1.00322360696,0.938748179699,0.0672349759863,20.7668876327,2.29256266979,18,70.3731226254,0.193125789647
low_downforce,1.19541029982,0.903810716791,1.95006092989,1.93257094295,1.03111854032,1.02122243561,0.0650595593742,19.0061503227,2.25813566587,18,67.3895279132,0.180771115572
low_downforce,1.26634328832,-1.49673573287,2.0111102352,1.94113876963,1.00384881125,1.0981453992,0.0571759837155,19.2921010411,2.57648825877,18,67.0168296072,0.155809890255
low_downforce,1.20471399598,3.03725482393,1.80467366185,1.71461021556,0.985728919107,0.921138548413,0.0600760778476,20.9496603355,2.1563501825,18,70.6519706898,0.204241359468
low_downforce,1.22899289594,0.841197071508,1.79818974672,1.72763330224,0.998549906982,1.09187279549,0.0451513364898,18.5800284605,2.4273889545,18,69.3923895764,0.274115940448
low_downforce,1.18730270817,2.46479236837,2.08892603955,1.81935029811,0.954692713393,1.05518407025,0.0551700824897,16.1695242988,2.59892104013,15,68.830262609,0.0833416745111
low_downforce,1.20371712842,-2.71206189571,2.01672165348,1.67548635258,1.00483563781,1.09360672741,0.0621036857111,17.112771506,2.62231567374,16,68.1105438931,0.101178408024
low_downforce,1.26951849883,-1.68890781958,1.76211568673,1.96351857025,1.04139660252,1.08790750791,0.063074128046,16.0323594584,2.43824535639,16,67.4012191759,0.230311101213
low_downforce,1.13311343783,-2.89352062072,1.83050001416,1.82231980686,1.0300031888,1.00390345297,0.0680948837455,19.2291499351,2.52813841945,18,67.6393627591,0.173277507285
low_downforce,1.22377979871,0.563823433473,1.99060792409,1.98021018779,0.950221000982,1.01572968029,0.0601068109047,16.4816910978,2.2447128231,16,69.0905819983,0.139328597895
low_downforce,1.21683004431,3.45000227095,2.0394151815,1.94542219616,1.0065030698,1.06449791535,0.0643099867419,16.8039834297,2.21706112686,16,67.919529158,0.133846668661
low_downforce,1.24985654162,3.1957766918,1.9055238581,1.67919603705,1.03247982724,1.09729637244,0.0485853469918,16.2909221984,2.59679456166,16,68.3936572137,0.179174568508
low_downforce,1.20683164554,-1.54232516644,1.78173552709,1.68284771567,0.978104761109,1.0096703325,0.0630911521066,19.6252957206,2.57091324453,18,70.0416233784,0.158569677689
low_downforce,1.15940451014,3.58988578353,1.92132777451,1.89528531448,1.03419726919,0.939892936919,0.0622777431231,19.9169326084,2.37565397561,18,67.6239573029,0.164981574047
low_downforce,1.26234416771,2.92557626463,1.91825037734,1.91931313975,0.955543205763,1.03619877648,0.060723817026,19.0138765125,2.45257930926,17,69.4707872315,0.133501015064
low_downforce,1.1274089599,-3.72076176579,2.0650015783,1.80729604139,0.957134686725,1.06628801299,0.0552605886696,16.6486390487,2.30107688395,16,68.689464475,0.13231132285
low_downforce,1.23989918826,2.38172998764,1.95739619416,1.74118500214,1.00350807386,1.09154537843,0.0495501810679,20.5183292561,2.26617912041,18,68.9627751763,0.211821488925
low_downforce,1.25068002133,2.61423057992,1.97423255312,1.98576401226,1.00107953495,0.95913667225,0.0685530585575,20.9951810921,2.2019956282,17,68.2066225611,0.141690538028
low_downforce,1.1456637327,3.37939945802,1.77901041026,1.75853356179,1.04157753737,1.08302038679,0.0521637901309,19.120407945,2.41616864441,18,68.5049713287,0.267257234729
low_downforce,1.26666123507,1.56464313683,1.98144281751,1.96187952225,1.00806270784,0.979248523552,0.0688274351215,16.6505870789,2.37589724507,16,67.7290267629,0.118899529332
low_downforce,1.1595878862,-3.56647497291,1.8576339873,1.6985110048,0.977498496919,1.06680048303,0.0507446880539,20.3712429873,2.58358390845,18,69.1511860525,0.197021280367
low_downforce,1.12039217682,-0.483462387023,1.91155006554,1.90074792938,0.977289200991,1.04933695667,0.0647832354354,18.3868783688,2.35401146425,17,68.6799140014,0.149853328123
low_downforce,1.16597261392,-2.32195051898,1.85368341839,1.9541963686,1.00999671737,1.04588470875,0.0472230591605,19.2624550374,2.47132834873,18,67.2982195583,0.276155141463
low_downforce,1.19254087066,-3.7165206643,1.80894485843,1.85262854324,1.04681009978,1.05055358576,0.0531507705003,19.0798613931,2.42397078548,18,67.1154120197,0.291249857692
low_downforce,1.20278784302,3.57307934994,1.83501866613,1.79067447535,0.997097363882,0.905809033004,0.0667505378975,17.735316707,2.40890760092,17,69.5290355396,0.138183722788
low_downforce,1.2326134784,-1.91413033147,2.0077903913,1.89545716781,0.983134455568,1.02523093917,0.0668575383363,17.0017359599,2.40650093311,17,68.0897105863,0.112913549522
low_downforce,1.20164284782,-0.14495419648,2.0447052567,1.72598266119,0.998835882995,1.09821506654,0.0577200725667,17.7424193923,2.58198074508,16,68.1254233076,0.107988475731
low_downforce,1.26353707679,0.571416242158,2.07552867625,1.97128499473,1.02240486695,0.970281694733,0.052723061591,20.9092678397,2.52738826499,18,66.4019986519,0.154520488463
low_downforce,1.26309166527,2.29825328455,1.77083403647,1.93274668381,1.04592694448,1.06347648831,0.0477771052455,19.3216000007,2.34130066269,18,67.6893760749,0.333653148052
low_downforce,1.19481088066,1.03985602013,1.86192779499,1.94001978851,1.04440746897,0.987682995438,0.0451134218872,19.3927163155,2.18805231003,18,67.2921435975,0.325650007198
low_downforce,1.17344047518,-0.242132440082,1.99736867401,1.67288313118,1.00432619102,0.992352445093,0.0467475942902,17.4159334634,2.4906465495,17,68.440190784,0.165105809374
low_downforce,1.13133014277,1.19223667426,2.00620985441,1.86406457149,1.03350284525,1.01504363574,0.0686061885401,16.6768499136,2.34864790706,16,67.2675575923,0.118069835984
low_downforce,1.13103993485,-2.20098848722,2.01428458672,1.87429944204,0.974253136137,0.978460655052,0.0608599462942,19.8258223455,2.59921520526,16,67.8900813562,0.0996288762009
low_downforce,1.24675113665,2.42148750485,1.93098950943,1.75538256554,0.987524343238,0.970091079069,0.0506214439225,19.4528399502,2.20452828463,18,69.578847234,0.205990240217
low_downforce,1.15811813681,3.05651195163,1.85562417467,1.86304477883,0.953478987062,0.917496955619,0.0522972574689,20.5573180027,2.50987550519,18,69.787100347,0.163414553088
low_downforce,1.15621949088,0.832779130906,2.00557251498,1.66292817038,0.974053667483,0.996784123203,0.0543338553618,16.5637004298,2.51030637831,16,69.4069072334,0.106844205822
low_downforce,1.22887263491,3.9053148345,2.05441428669,1.79288114482,1.00673944241,0.96016094401,0.0488760130476,16.6141199625,2.47742470192,16,68.0474540214,0.135075536496
low_downforce,1.20153052048,-1.9957783459,1.84806851269,1.83984519079,1.02644905236,0.952633835103,0.0646314897756,19.8147244003,2.3894860735,18,67.9095757371,0.195184141482
low_downforce,1.14213892783,-2.3639160752,1.80446276875,1.80435298844,1.04917574714,0.960280350259,0.0493936246021,16.4713907609,2.37834587418,16,67.4811877368,0.248608462853
low_downforce,1.19983813405,-3.07316982116,1.9928509557,1.86178102983,1.00726301167,0.968818579048,0.0559076125522,19.7080345722,2.26227949686,18,67.6310581667,0.195205375486
low_downforce,1.19810191147,0.284835537636,2.02350315677,1.74720949136,0.976050114899,1.08995910116,0.0469783322645,17.1060257156,2.50839963048,17,68.7019551517,0.154025088483
low_downforce,1.22860157704,-0.971761137053,1.77328535491,1.83997859614,1.04585583671,1.02603460402,0.0589408124188,19.2342761225,2.58333672177,18,67.5454496732,0.244441328063
low_downforce,1.21332447599,-3.37370170157,2.02483138611,1.69064920801,1.02800548781,0.944910716369,0.0473330577255,16.7789655898,2.36811930497,16,67.5935484743,0.178210881632
low_downforce,1.16633598554,-3.80944466662,1.76499469681,1.91195081627,0.988340429709,0.96425280969,0.0600780025337,16.4225367463,2.297028741,16,68.8274121603,0.219636683854
low_downforce,1.19092289194,1.13567057162,1.86824021019,1.85611940943,1.021041285,0.963515656127,0.0540372558097,17.9214212602,2.15275111848,17,68.4402666721,0.246151698717
low_downforce,1.19213767937,-2.06597143288,1.95635330025,1.77936418214,0.974007904731,1.08873627189,0.0524071924793,17.6604426712,2.45924294294,17,68.7690540415,0.169626675424
low_downforce,1.15930307567,-2.13412949629,2.05910731826,1.82097749899,0.963662135639,0.924616767116,0.0597479679244,20.4002435774,2.4473346184,15,68.5153387096,0.0939697859416
low_downforce,1.21524911656,1.7763943613,1.80524471513,1.71132286964,1.03890814354,0.908362965217,0.0614817683459,19.5675400325,2.43787654287,18,68.7611533956,0.193296985133
low_downforce,1.26939194083,0.6461406778,1.78543508624,1.8766791456,1.04687786681,1.01108853133,0.0642140452546,20.5871303926,2.58814868073,18,67.5661050208,0.212484371286
low_downforce,1.25719838074,1.81975774293,1.80058383894,1.84938887224,0.953324060538,1.06636764552,0.0669727011062,20.1930049694,2.59689726073,17,70.1519446945,0.13139873363
low_downforce,1.25345430318,-1.81405903226,1.8349611803,1.67292952799,1.00602318303,0.923077895451,0.0507143041367,19.7130196496,2.19707559771,18,69.590143428,0.258506982007
low_downforce,1.27784823202,-1.34740751867,1.85187923365,1.81077533791,0.992703589792,0.940959833009,0.0485390983815,17.7785747077,2.27165999331,17,69.0474392903,0.247657068711
low_downforce,1.13597954417,2.76692195659,1.86849123439,1.78815986126,1.01760074216,0.970197415311,0.0640011511818,19.6847844955,2.32650739152,18,68.7789456095,0.166445289327
low_downforce,1.2590058505,-3.47523510019,1.99240814468,1.7234503025,0.992421145699,0.916447526581,0.0562729239017,16.2256899083,2.37703684115,16,68.59701422,0.141387612795
low_downforce,1.15448951305,-0.922267486617,2.07357196744,1.82230419671,1.04971300719,1.09325572314,0.0643240029705,16.927514756,2.38387752868,16,66.4994452344,0.128168375455
low_downforce,1.26680508952,1.51425880155,1.80002388109,1.97205461654,1.00797040393,1.00842243782,0.0471480246415,17.9259882824,2.51545645334,17,67.9936542742,0.263158522028
low_downforce,1.1930433442,2.31083773299,1.84086037319,1.8362874045,1.03537473038,0.972868130497,0.046894409746,19.7451581534,2.41932263782,18,67.8706153807,0.267260295504
low_downforce,1.13409979425,-3.09507836575,1.84118310065,1.84318161869,0.997487558457,1.02850374098,0.0645856361726,19.1965122488,2.56912104233,18,68.1779122908,0.165490022818
low_downforce,1.26067232476,2.90371770169,1.80546394032,1.84197546805,0.977489982296,1.00417505773,0.0459487974958,17.0902722603,2.56366038271,17,69.4121045091,0.224439641657
low_downforce,1.24403896352,0.704784181499,2.0982757838,1.66971846588,1.04961963479,1.07520158152,0.0689774999928,19.6297456971,2.44478746448,15,67.450590309,0.0847308986015
low_downforce,1.20426979205,-2.4157892127,2.07568502273,1.76123561996,0.982781913312,1.06954432551,0.0510816659553,16.8349383281,2.48963733496,16,68.0698938606,0.132372586584
low_downforce,1.18722395578,0.982439249375,2.07367153808,1.8700850738,1.04525388995,0.942430698113,0.0628260151715,18.8365584188,2.38818679207,17,66.6084884279,0.12374787461
low_downforce,1.14028591369,-1.97638534448,1.90700126226,1.8052291571,1.04952326496,0.923963763855,0.0466224715733,19.9465211132,2.33888176095,18,67.02284895,0.268172675396
low_downforce,1.2735041961,-3.82921222287,2.03544348376,1.7350377069,0.988252918132,1.00609544832,0.0487211797609,19.3902864473,2.4865850713,18,68.1543272781,0.163547803088
low_downforce,1.17580643096,3.21112349508,1.76349598108,1.86547242596,1.01363311574,0.901091256144,0.0613769869738,16.5836246209,2.33420550008,16,69.0824563174,0.194549145979
low_downforce,1.23040351324,-0.277888876631,2.08912078307,1.87015315125,1.04259664215,0.905145538268,0.0629337426896,19.3627538945,2.63691476262,15,66.1856103057,0.0931993193053
low_downforce,1.21781226838,0.391630944013,1.83486742419,1.73165556378,1.02816424908,0.915932468733,0.0640483696275,16.9447423256,2.53890925299,16,68.5341817202,0.147539360219
low_downforce,1.216746846,-2.7565655579,1.83911122594,1.93475262162,0.964761360938,0.91587486459,0.0662467285784,19.5433905537,2.22752072284,18,69.3448196413,0.186184702366
low_downforce,1.12344354957,-2.73937512442,1.83662546798,1.89533679874,0.957300927283,1.06526029075,0.0641305412323,17.5177419169,2.31297971445,17,69.4203271905,0.181469730651
low_downforce,1.24731506235,3.49721004779,1.78160524044,1.99950342151,0.964357255498,1.05884580626,0.0628925148097,18.856645505,2.6463413827,18,69.2875036748,0.166557266312
low_downforce,1.18467476374,2.31952047883,1.8492883165,1.95686703835,1.01254054249,1.05194444495,0.0538695611661,20.0184080817,2.60288080008,18,67.6314930768,0.214374829898
low_downforce,1.26296592315,-3.30289625845,1.9853821861,1.83046888819,0.951689889366,0.992372674619,0.067695162467,18.0863345162,2.52472789638,15,69.0796554516,0.0869534728306
low_downforce,1.19394372589,-1.48146018074,1.80415923049,1.77611272443,0.966695636727,0.959411144628,0.0690059399479,18.5112408698,2.61648832022,17,69.7510796148,0.119448550916
low_downforce,1.26181600535,3.67862016777,2.02062867835,1.92801537574,0.953129505693,1.08833819637,0.0562308726335,18.1125335208,2.43524774293,17,69.0953883884,0.121554671203
low_downforce,1.12105102695,-1.95560368496,1.86144706816,1.78943283943,0.969226732903,0.942346756319,0.0616365063849,20.2710398337,2.42854962708,17,69.386880337,0.150557456217
low_downforce,1.22639035968,-1.78471143897,1.84297067722,1.88318111014,0.95782283196,1.08451082289,0.049810177861,20.5522778733,2.33449874244,18,69.4236814371,0.248575939552
low_downforce,1.17393239149,-1.97415031276,2.05563391624,1.97217937676,1.04048044176,1.05703097317,0.0582865124691,16.9636910997,2.23545008498,17,66.189691574,0.186609904038
low_downforce,1.21291032324,-2.5493894432,1.84617356751,1.90608913587,1.01967057269,0.94229763531,0.0528886296492,17.2333794723,2.40559110409,17,67.5605926025,0.241785649199
low_downforce,1.19377273534,-2.95553416993,2.05218356045,1.79808276967,0.985942051503,0.981695844685,0.0475398057505,17.267843421,2.29241624729,17,68.1040467718,0.182623671434
low_downforce,1.20185304067,-3.98774923268,1.8654110196,1.92633000597,1.03230971699,0.924688055938,0.0527008522455,17.7781595546,2.50776490131,17,66.7549856593,0.235576012158
low_downforce,1.21409333305,3.7831120427,1.95783399775,1.72306548668,0.998490474337,0.969891498132,0.0527658303272,19.2249532667,2.64579684701,17,68.7948891008,0.124295334674
low_downforce,1.20515078663,3.38266817872,1.80017548394,1.8713607325,0.952328200513,0.92538162496,0.0542245509196,16.6711497757,2.43014388097,16,70.2909203005,0.172163861623
low_downforce,1.22307933273,0.232670437266,2.07420746458,1.67101334254,0.962538438978,0.989014674318,0.0595370219448,19.3704083524,2.58986539759,15,69.3622294258,0.0681797804371
low_downforce,1.25850403089,0.743249165657,1.99548949531,1.96769986077,1.020506066,1.04449931177,0.0577854566463,19.1866115232,2.24833035178,18,67.2819611883,0.20276970135
low_downforce,1.16824378078,-0.888055232576,2.0082793756,1.80723262223,1.0117514842,1.05031268317,0.0678066440421,19.9062795287,2.2127541575,17,68.126356825,0.136882727493
low_downforce,1.18799732923,2.92672392473,2.01690107865,1.90047435649,0.979254692771,1.03486684707,0.0507777152677,17.5503074243,2.53503946966,17,68.1549262378,0.14154876791
low_downforce,1.16751304675,3.11942390407,1.82043212393,1.94799313895,0.980603925814,1.06638268852,0.0557167015625,19.4874437382,2.28609625992,18,69.1931456065,0.236030503938
low_downforce,1.22753805638,2.49841636561,1.90605908089,1.93549637291,0.962285174456,0.916478688312,0.0558339684641,20.2574863956,2.52502256736,17,69.0365882893,0.144947199673
low_downforce,1.20881474952,-3.43552254277,2.0552648466,1.76707475134,1.00209498318,0.940362510838,0.0526026583676,17.3387608088,2.61902192946,17,67.382584517,0.126425499766
low_downforce,1.12196863134,1.12622431776,1.81267009567,1.88103229151,0.995094962086,1.01464183472,0.0588824468877,17.961976171,2.37906504142,17,68.8142266723,0.206167304072
low_downforce,1.25725833797,0.900129027928,1.8743722426,1.80924642926,1.0364828214,1.07216071274,0.0569603859783,16.726161613,2.43575060991,16,67.8780917248,0.193138973807
low_downforce,1.24471809648,-0.335621585208,1.96660787114,1.88495532728,1.02740970687,1.00204181514,0.0536610183119,20.0901297828,2.3909783018,18,67.2060189294,0.206527164821
low_downforce,1.12700758024,-1.36030548289,1.92404769234,1.91465506607,1.02283992868,1.00209474501,0.0671922275225,17.9517992998,2.1982674197,17,67.6164133108,0.182686599039
low_downforce,1.22632697933,1.27999476362,1.82848320276,1.70885316445,1.04206475514,0.915442924201,0.0585458890683,17.6096258336,2.1616100156,17,68.9801651908,0.232080019178
low_downforce,1.26956859584,3.46261268678,1.76279616673,1.7707731048,0.993565612766,1.09779902039,0.061164447649,17.8246303674,2.63010534782,17,69.7064672975,0.178654494068
low_downforce,1.27048178979,1.46558347048,1.86259453382,1.8511884272,0.96999800711,1.0523017394,0.0545565704981,16.2453496235,2.38523705097,16,69.5494175798,0.180818867918
low_downforce,1.19589851666,-2.70885836739,1.93688913706,1.92876234817,1.04217410687,0.923742477424,0.0674849007014,19.0501521143,2.5812008502,17,66.3908736784,0.14217174745
low_downforce,1.20853021842,1.68015012376,1.89660153784,1.71844020787,1.01489997145,1.02031421204,0.0669182930127,17.9406339019,2.58386924137,17,68.7085174179,0.113664581809
low_downforce,1.22775536419,-1.38922417121,2.01929047138,1.70160498543,0.966148698828,1.06084836722,0.066405468359,18.5245255089,2.51868658103,15,69.3342412221,0.078202023688
low_downforce,1.15651781851,1.66853604888,2.08695855896,1.86597595534,1.04518217531,1.02649239946,0.049946448721,16.025870644,2.46140295256,16,66.3186010095,0.156951971318
low_downforce,1.22741416644,3.03298289622,1.81604589673,1.99507811614,1.02302310742,1.08908158067,0.0503732784944,20.2085622175,2.61804167839,18,67.4026640904,0.256327838482
low_downforce,1.24814125959,1.81962294962,1.94990468444,1.68636222773,0.975048059043,0.959134902069,0.0541552119694,19.5662590371,2.47675626384,17,69.7542963331,0.129375037542
low_downforce,1.27679867251,-0.66592667544,2.07200680461,1.83596225308,1.03203147525,1.0225790392,0.046339164493,20.6435050895,2.46758214618,18,66.6913495975,0.194502284845
low_downforce,1.27872316515,2.9730308989,2.05437442845,1.68839971885,1.02891520494,0.926664856027,0.0450195936672,17.0158882626,2.58802986416,17,67.8133393702,0.145709476944
low_downforce,1.24093992593,-2.12067191586,2.04464693611,1.74375337857,1.03638640131,1.09696388105,0.0667102008326,16.4177088857,2.51909077482,16,67.1501697612,0.107745302669
low_downforce,1.13280575742,-1.79571632684,1.98381034106,1.7017806749,1.04403232429,0.900378653268,0.0667813338425,19.7889013635,2.20575544677,17,67.8856667753,0.144133031983
low_downforce,1.13661620985,-3.34698310534,2.0585383051,1.92816184516,1.00322782059,0.925825587317,0.067187338201,20.7791986532,2.53740274428,15,66.7751533976,0.0903191774962
low_downforce,1.20900816426,-0.48070538782,1.92264556981,1.84871636303,1.04810081665,0.937326415808,0.0679210580076,19.4798331048,2.43669845888,18,67.1413032685,0.150523305809
low_downforce,1.21005347758,-0.947332826897,1.95088807932,1.75285025127,1.0137970668,0.989455362261,0.0612766085852,20.3558711811,2.42372155113,17,68.224502633,0.146886217331
low_downforce,1.22832336,-0.838191604872,2.0813684997,1.70422281164,0.977580465366,1.0081647909,0.0545959059436,18.2496279139,2.49033489551,16,68.7327345109,0.102261088714
low_downforce,1.26675211586,-3.98268209089,1.8928600226,1.77877360453,0.989925452156,0.93166920893,0.0636638736294,17.5415548246,2.55674838734,17,68.5724041323,0.138901156845
low_downforce,1.26287706049,-1.44571280295,1.90461066717,1.92045402159,1.04460981442,1.05574352364,0.0511749818244,17.8704365228,2.49231722687,17,66.6097596328,0.240536219656
low_downforce,1.19190326625,0.64771703619,1.93604136777,1.99148025639,0.993205355856,0.962548897841,0.0462515953756,20.6318775738,2.2519586657,18,67.8876864772,0.253617682108
low_downforce,1.16442361626,-2.73378615568,1.84672382331,1.79842275616,0.96198293981,0.905888941437,0.0594618448692,20.2633457929,2.48252587836,18,69.4813729959,0.157043047864
low_downforce,1.19721854726,0.656808720061,2.07246933983,1.73301014217,0.970192718079,1.074362614,0.0652589220731,19.7923647244,2.23621252971,15,69.4460739824,0.0936821575811
low_downforce,1.12072117867,2.43679209295,1.77551335001,1.98463026288,1.03454638055,1.09096418881,0.0634515802303,16.0006052651,2.56315874965,16,67.4429477144,0.194471824402
low_downforce,1.26222995215,3.45195656273,1.8868679068,1.65310901146,0.970813571815,1.04063471677,0.0486852958578,19.8051766464,2.25294233607,18,70.7774847561,0.202984681637
low_downforce,1.25689708526,1.42017648895,1.80231588722,1.97484766146,0.99182159857,1.04497924295,0.0608087405205,19.6017727298,2.16131298449,18,69.0979926146,0.258008311834
low_downforce,1.2436319583,1.6597802424,2.03264523121,1.90479279297,1.02592423289,0.962620720461,0.0475950855553,18.0093459799,2.45566971517,18,66.9071478451,0.191779732895
low_downforce,1.24980170046,2.4853333881,1.76768202243,1.72476075596,1.02157065076,0.936575794736,0.0536554019031,17.7188711127,2.55930951512,17,69.1310488997,0.214441737725
low_downforce,1.16057481595,-3.42891060575,1.75297265654,1.8490363146,1.01019247388,0.918817018305,0.0686580576985,20.313911493,2.5682999629,18,68.3301915059,0.184720127888
low_downforce,1.25220609417,1.1168855061,1.9994392009,1.91957860781,1.03204619983,1.01738611667,0.0588607206948,19.8960348441,2.23289252923,18,67.2748215649,0.195888961808
low_downforce,1.17107280111,3.54247129507,1.87420621455,1.66085401,1.0467707979,1.08272264164,0.0633179958639,19.2908086574,2.27075774533,18,68.9039497945,0.185693651187
low_downforce,1.2764747688,2.68031109402,1.96719998589,1.73801187883,0.981959634007,1.08817117703,0.0558343738868,19.7216891904,2.49341987768,17,69.3030689242,0.134218232565
low_downforce,1.26121709655,-0.0647475121415,1.9106094434,1.74595803841,1.04058209415,0.905482190717,0.0619357988905,17.247738352,2.43092092624,17,67.9451792649,0.16229854748
low_downforce,1.23466775741,-2.11169104664,2.02685452445,1.65982364421,0.987754917777,0.983809386524,0.0601789152579,20.6409410668,2.621768189,15,68.6965735166,0.0887920795577
low_downforce,1.14100619509,3.28873465183,1.94382640844,1.93815525632,0.954910494267,1.0368577896,0.0502835283585,19.8717411314,2.48700561827,18,68.9840247125,0.161047592388
low_downforce,1.14450227666,-3.00713971634,1.80140307072,1.6699502341,1.04984928456,0.963685623627,0.0573206212832,16.8490699072,2.44590321875,16,68.1259026603,0.204556627625
low_downforce,1.1755985164,-3.98777507806,1.97241035079,1.95047693751,0.994226352321,1.07960391741,0.0544543066376,20.8468106442,2.25239066757,18,67.4847007027,0.226590524505
low_downforce,1.2696305232,2.87255630323,1.92397718715,1.89694220508,1.00738915141,0.987345259451,0.0677502766275,20.1952674628,2.44300997797,17,68.298540589,0.127763626709
low_downforce,1.20765668829,1.44065370348,2.03634297104,1.7982523163,1.00514246861,1.01479538335,0.0505587998565,20.9142539712,2.16646031093,18,68.3714494211,0.197169938572
low_downforce,1.22402185066,-0.121630260717,1.75951157796,1.83276627606,1.03035830533,1.02411861187,0.0542140821548,17.3480430196,2.49340792003,17,68.1857246327,0.255603165507
low_downforce,1.13830630673,-2.24322266327,1.80678398503,1.99090304809,0.996937069639,0.905097657714,0.0653844307846,18.4959267271,2.40243813828,18,68.0470857858,0.199471575673
low_downforce,1.25163051347,1.65979778993,2.03749652653,1.92712323712,0.981554606515,1.09161334033,0.046258991563,17.8635651016,2.24257922383,17,68.2332453642,0.205711281324
low_downforce,1.22677242645,2.21189455193,1.95539356988,1.74735050512,0.96828667424,1.0090532793,0.0489708421602,19.1072155641,2.36556397998,18,69.6830278481,0.170354840008
low_downforce,1.17265531741,3.28221236773,1.76037623386,1.84725384592,1.02126221579,1.06945990738,0.0619272068704,16.2407802935,2.50956140092,16,68.6924153072,0.190309987387
low_downforce,1.12730389682,-0.925222986633,1.78745975018,1.75778906899,0.950241697427,1.01680722049,0.0464490557378,17.2678809581,2.26626215374,17,70.5811435446,0.249209778803
low_downforce,1.18771630358,3.3405452465,1.8257547911,1.94683178969,0.960145284285,1.01914160054,0.0667077423701,18.1617603486,2.44615235501,17,69.6781323971,0.142241886011
low_downforce,1.14263134811,1.34868987982,1.75638348554,1.81894568187,1.00616286695,1.08658716871,0.060473041029,19.9980146425,2.16991946644,18,69.5018472189,0.268492469676
low_downforce,1.19946812062,0.0954472667807,1.92155983712,1.71543549239,0.969406013348,1.07370791453,0.0593553800929,18.2738440916,2.16488675171,18,70.1869452704,0.174625842965
low_downforce,1.2710372819,-1.1427992012,1.93626576897,1.72309554328,0.988094965067,1.07930831972,0.0572674195569,16.4449128781,2.21382798186,16,69.4520711266,0.175024408096
low_downforce,1.22119910313,2.92355379279,1.83444793498,1.66127348456,0.978040586721,1.08862808725,0.0536341321862,19.8892868088,2.40041572757,18,70.4852365817,0.190589464408
low_downforce,1.20219981583,-1.84616857634,1.82987228508,1.88002788244,1.00487771758,0.917287106937,0.0667884880767,18.6334644343,2.46493051456,18,68.2817259482,0.169432835172
low_downforce,1.2068099846,-2.08717623491,1.81171429073,1.90630141604,0.964871104524,0.913417781381,0.0473378166716,20.3558438146,2.4443813145,18,69.0502623756,0.249176826538
low_downforce,1.12305825626,3.26611390449,1.91223553812,1.77694973425,0.995738705355,1.04637935157,0.0507857042839,16.2183033756,2.63769645696,16,68.5865272183,0.150198486856
low_downforce,1.15299554619,-3.70878955464,1.98525161429,1.8639107088,1.02371832721,1.00409824045,0.0684713236787,17.5250765758,2.59483375916,17,66.7615712764,0.112788671019
low_downforce,1.1810395253,0.075963283557,2.01316452881,1.85384057312,0.966423662917,1.00661590104,0.0480963211859,20.1525144308,2.17052393371,18,68.9992931711,0.201329238016
low_downforce,1.14115153875,3.49043991766,1.9187412795,1.83735278667,0.980916480507,0.96387879251,0.0525905109609,18.8979080574,2.30982731064,18,69.2100190993,0.182077526026
low_downforce,1.24895179514,2.82106095633,1.93416752562,1.75832328135,1.03793663888,1.0475920107,0.0552824143739,18.7362531492,2.34557783354,18,68.1223088089,0.200077992242
low_downforce,1.16897906405,-1.92587307893,1.80096836053,1.77003805981,1.04718524343,1.03862303878,0.0610125432592,17.277677452,2.59016213849,17,67.5857343992,0.208272405238
low_downforce,1.27048122942,-2.00327215356,2.04686305952,1.87913205903,0.992048803925,1.03913161274,0.0481934625654,16.3640043808,2.46075388845,16,67.4982391988,0.16637683419
low_downforce,1.20782483283,2.03092841961,1.90656589632,1.7328404128,1.03356695247,0.919555914983,0.0592157043341,17.1675522765,2.36975024242,17,68.4023159069,0.16889027471
low_downforce,1.27351899422,-1.83843704466,1.81213327917,1.86497841476,0.965990581709,1.05360071916,0.0498396469337,18.4973064879,2.46558958311,18,69.2908189966,0.245784791791
low_downforce,1.2512095932,-0.223440572876,1.80578695285,1.90387793923,0.956902396018,0.989528997071,0.0548217125914,17.4306089196,2.60233586304,17,69.4110646042,0.187151748549
low_downforce,1.13077385599,-2.38481473787,1.95897929211,1.75637409038,1.02364336336,1.09095294622,0.0479223890112,18.053011166,2.41552177847,18,67.4869972615,0.226713557679
low_downforce,1.17423781696,-2.52538605068,2.03763018275,1.99656512315,0.954575060001,1.01378460397,0.0542187906143,17.0738032018,2.5504922052,17,67.7716415541,0.130797044182
low_downforce,1.27900281287,-2.99461645605,1.94936712519,1.65902065076,0.950872579488,0.961522915398,0.0616265491829,19.357860546,2.24392086956,17,70.5990002694,0.128560538045
low_downforce,1.22119368047,-1.23396689458,1.82997238519,1.66214702992,1.04176445219,0.974507457611,0.0521267929422,19.620228046,2.63227756243,18,68.1356172734,0.216026434942
low_downforce,1.2738427844,0.0569462502948,2.04942300671,1.77650195633,1.03764019706,1.06649963118,0.0687980907814,16.9175366986,2.27992060228,16,67.6006046937,0.11969759672
low_downforce,1.27237729183,1.12068138484,2.00103726153,1.97018636964,0.989246747342,1.04984539429,0.0496444259695,17.978626112,2.25318816439,18,67.9900457959,0.213083898676
low_downforce,1.14034940169,-3.19228858994,1.91043172844,1.74254704688,0.996177835209,0.928360430169,0.0591859962411,20.6808778233,2.49311086225,18,68.4744725553,0.150014270412
low_downforce,1.26134602869,-1.37910937535,1.78236021243,1.92935237988,1.03621485299,1.01390610025,0.0573316464918,18.7151612661,2.37550758729,18,67.6004739027,0.282164484553
low_downforce,1.13042304478,2.30571739119,1.96123107104,1.8754373931,0.967423108457,0.911498635426,0.0486913909341,16.9880395612,2.43984861409,17,68.8328755701,0.156132987327
low_downforce,1.18901628941,-3.07261438716,2.02087148655,1.87092792958,1.01387549793,0.905783995911,0.0472953241647,20.1075064563,2.18447061995,18,67.3261796726,0.236529503351
low_downforce,1.22565893467,2.00597264696,1.89899022764,1.75365377663,0.985061249619,0.987671172332,0.0637389745238,18.3250805101,2.60952732003,17,69.2621968457,0.107123173567
low_downforce,1.27205688942,2.65844969236,1.84078972611,1.89876274584,0.951280150724,1.02709865319,0.0559158298954,16.4725176589,2.57123351922,16,69.795890228,0.15420400675
low_downforce,1.17776652454,3.7708733238,1.93484857742,1.92138283784,0.953798226373,0.960374457146,0.0648401983269,19.8445327588,2.24851798879,17,69.8148063925,0.123019804098
low_downforce,1.13313989923,-0.431625212679,1.7559808201,1.98366161948,1.01901721498,1.08406550539,0.0595920092162,19.7713402781,2.60400469483,18,67.5213281611,0.246031507594
low_downforce,1.17007829164,-0.465533296325,1.76502698347,1.71008016346,1.03464086459,0.966309284389,0.0528415753249,16.95962575,2.58236991075,17,68.4651608208,0.221703708118
low_downforce,1.23475478395,0.178418794737,1.99414614436,1.76897285958,0.978927735574,1.01187092249,0.0621840635144,17.3590192609,2.55376031515,15,68.8143862765,0.0970920455619
low_downforce,1.2434992556,-1.76359347519,1.8377585948,1.71904392634,0.9827225026,0.910865571935,0.0513855079185,18.6100091207,2.39284611031,18,69.6062970157,0.21455502576
low_downforce,1.23897900557,3.47140869718,1.8744650911,1.83783812751,1.00696688237,1.0223543111,0.0695458962617,17.059831569,2.35436897105,17,68.9883545176,0.141758374596
low_downforce,1.15140192616,-2.46827377965,1.76620808685,1.83801393416,0.973773317058,1.08355283727,0.057829752368,19.7238612319,2.51978688641,18,69.2364402858,0.222889486666
low_downforce,1.27331356729,-1.09960359027,1.91820948371,1.78972334685,1.01724509314,1.01486617103,0.0542542995044,17.5974389369,2.44335883339,17,68.0268834794,0.195853022487
low_downforce,1.1660169275,-2.66968244305,1.77966959673,1.92159020543,1.02780144143,1.07991263886,0.0589897336011,19.2596726887,2.35186375762,18,67.6491922384,0.280316154891
low_downforce,1.20214975974,0.752603666915,1.81121440501,1.71750998285,1.03318705203,0.941117545039,0.0634548589679,20.4763918081,2.48520545019,18,68.6673991335,0.179238488364
low_downforce,1.23918126837,2.71116144119,1.99582724896,1.69991158818,0.957415710359,1.00370029656,0.0517827449041,18.7256098903,2.60792152209,16,69.8083906642,0.103119952863
low_downforce,1.22138310865,2.71471875007,2.00317557168,1.71113202651,1.00117022783,0.926436699423,0.0492780575956,19.9161584213,2.54383989056,17,68.6111348494,0.135325742954
low_downforce,1.15628293587,3.54003069771,1.8508063433,1.76552586525,1.03719775223,0.961453989008,0.068429505432,20.7720360963,2.27068052879,18,68.7491289863,0.167075453061
low_downforce,1.20855336102,3.97477549775,1.81867099861,1.8007626768,1.03193780058,0.999902731903,0.068051555048,16.5647798686,2.53186159186,16,68.5442188656,0.142872848067
low_downforce,1.15399454106,1.30571791584,1.75522711901,1.81973611299,0.952661070858,0.988240082768,0.0696679297638,20.5971931932,2.4377293193,17,70.6424567879,0.143355322064
low_downforce,1.21870760442,-2.36168764117,1.77962326088,1.85866259529,0.980246762534,1.04007514712,0.064633476989,20.6100519817,2.28770996743,18,69.4556551586,0.222023729396
low_downforce,1.21123393808,-3.53404959475,1.75285489559,1.95756706639,0.995945488562,0.938276521247,0.0503936206558,17.0539033591,2.18092242355,17,68.6264297186,0.311827461445
low_downforce,1.19428519923,2.17587098555,1.99907060312,1.90807115622,0.979795379827,1.03578483008,0.0687417331182,20.8052886107,2.58502533532,15,68.2632563016,0.0803556875852
low_downforce,1.23104539809,-2.06341578653,1.81983411012,1.79282660273,0.998905668469,1.04996061962,0.0455679880804,20.7356347948,2.53001468905,18,68.5130753479,0.265963912066
low_downforce,1.18212123431,0.565728468806,2.07424131128,1.72701365963,0.991046024479,0.948038500111,0.0555064976151,19.8283557807,2.23697034789,17,68.7976107576,0.129358497342
low_downforce,1.21229138486,-0.270041550452,1.75470591083,1.81997720749,0.975113559777,1.04253379642,0.0491266229479,20.0545148305,2.50528002411,18,69.5584440784,0.259393164965
low_downforce,1.16703735852,-3.34593287854,2.04964536023,1.87843400006,1.00181483541,0.936722573683,0.0515105590124,19.2039713469,2.27728313076,18,67.316469329,0.188413355485
low_downforce,1.20800051208,1.45556425217,1.99407084927,1.73036673475,0.994261875095,1.05559333551,0.0536525267165,18.4543758715,2.2585164781,18,69.051120179,0.171345973854
low_downforce,1.15795296523,-3.9775249791,2.04909714332,1.99536237989,0.991260290426,1.05296110634,0.0676187517198,18.4335560698,2.38390750363,17,66.9963931935,0.120895848066
low_downforce,1.18121930565,-1.4456577237,1.98228545018,1.68327864308,0.958793540079,1.02583063764,0.0604668404334,20.2871521553,2.43974989911,16,69.7834617415,0.102741555472
low_downforce,1.22930764654,3.19460342163,1.99055567748,1.83634043279,0.987239010621,1.07621507423,0.0634859844854,20.2547619933,2.3492219842,17,68.8779358007,0.121891775595
low_downforce,1.1476478921,2.82937116291,2.03447944255,1.90568412268,0.975404509215,1.03069431121,0.0489853435111,17.3809756731,2.52318391493,17,68.0957627089,0.141436318778
low_downforce,1.1921126271,-0.99452228088,1.83684551006,1.65805278221,1.02787179454,1.00093653343,0.0619289791211,20.6249062939,2.48065166896,18,68.7946480169,0.177152017535
low_downforce,1.26005436415,-2.18002522304,1.88794084731,1.81439120932,0.96328992902,1.00910367036,0.0512013458137,19.0473458755,2.33706179969,18,69.44259003,0.214404853048
low_downforce,1.21308362704,2.06048233002,2.07830796457,1.70497995881,0.998161556231,0.902393292497,0.057223930166,16.9615894231,2.34304503202,16,68.7595194256,0.101392390385
low_downforce,1.15860738242,2.68872845886,2.04967634353,1.96101379766,0.953091236863,1.03832465735,0.0517581580579,18.7011835331,2.30566312198,17,68.7613200027,0.145489478248
low_downforce,1.16239083183,-2.54331661003,2.08569115405,1.90684343065,1.02094133717,0.958300412265,0.057581471424,16.7531426196,2.58356853427,16,66.2416537861,0.118983815675
low_downforce,1.22855319842,3.85899319931,1.91269252974,1.8307300149,0.955584234499,0.963889630382,0.0581622869411,19.1089923571,2.22550621323,18,70.3210385147,0.155022112783
low_downforce,1.18678115847,3.81723535525,1.89878720852,1.65551260785,0.957659309478,0.969071349884,0.0645335640984,19.3206652389,2.54496739208,15,70.7668849622,0.0827896723475
low_downforce,1.14549873657,-0.127153437141,1.90407431095,1.84918163792,0.964275830081,0.946654332924,0.065959893386,17.5005901162,2.52320921827,17,69.1568154251,0.105072903539
low_downforce,1.24497910976,1.08799504662,1.96237992549,1.68517492234,0.985712975875,1.09315777471,0.06242391535,16.6316136434,2.35701946461,16,69.6117928756,0.122841456924
low_downforce,1.16252251968,-0.916793494699,1.9683506859,1.68158412434,0.992373594942,1.08746517039,0.0561839467995,20.7253229625,2.28070674997,18,69.1689547439,0.16828552515
low_downforce,1.25725556977,-3.64957416937,2.0954866128,1.88512359436,0.953662653302,0.914618758604,0.06844223819,18.619667281,2.3183842463,15,68.6223760133,0.0785363974027
low_downforce,1.26054532934,-1.36935826336,1.86392647615,1.92293893415,0.962127126303,0.9518938521,0.0547540778798,19.8633655029,2.44965830338,18,69.0287937803,0.195037780781
low_downforce,1.23129664793,2.51242883327,1.80182380911,1.79576139775,0.991652534446,0.943885823416,0.0569141386471,18.2462574455,2.17611056545,18,69.9783882393,0.237371442352
low_downforce,1.12429094677,-1.36520668415,1.88915867253,1.95657044135,1.04205920478,1.00813490442,0.0603696387105,20.1044961576,2.22662812625,18,66.9540554913,0.245629890188
low_downforce,1.13699404823,-3.23731087932,2.01447730097,1.92616587478,0.966450374421,0.97175791153,0.0572592483381,16.8104022531,2.25450718459,16,68.2592262345,0.150033914107
low_downforce,1.18431545708,-2.69298068213,1.86459860614,1.71296769732,1.01757368762,1.094682718,0.0603124098441,18.1423101379,2.51369318275,18,68.3422269442,0.186115790017
low_downforce,1.19638103179,3.04350836025,2.02270895442,1.84950353811,1.02501504029,1.02883629766,0.0609891645654,18.1889941668,2.35096381188,17,67.6377075067,0.139364851054
low_downforce,1.17168313248,3.24638495974,1.7528837057,1.97943754943,0.988950705633,0.960836508665,0.0468270056525,18.6283051294,2.55204412057,18,68.6749465618,0.269166503306
low_downforce,1.13303957336,-3.29822184051,2.08595971182,1.70243158056,1.00267808302,1.06254173601,0.0697042035865,20.8486978272,2.55341359216,15,67.7806476562,0.0674553221195
low_downforce,1.23388313697,0.6562949443,1.76868748716,1.98320909733,1.04113167172,0.934740165732,0.0630546648669,17.6632757388,2.17733862992,17,67.9207303206,0.267022980785
low_downforce,1.24160461427,-1.47095163476,1.77803701762,1.71167702936,0.970867618789,1.08159176298,0.0623618694735,19.2792304594,2.22002192663,18,70.6650698136,0.219896258724
low_downforce,1.22850664595,-2.76352629371,1.9172844804,1.9715217027,1.01167764942,0.951715947802,0.0462456172602,20.7470527278,2.52779582563,18,66.8572193714,0.246350328138
low_downforce,1.15183704727,3.81017346201,1.86062604361,1.74336874831,1.01749841743,1.03643885398,0.0593924423731,18.8165016737,2.2639875521,18,69.2015055991,0.197700288099
low_downforce,1.14490368426,-3.82973860427,2.01257414437,1.8936179111,0.974755820723,0.927519215162,0.0671134833607,20.7099674995,2.4691099004,15,67.9271144082,0.094284081902
low_downforce,1.20802040333,2.42340937495,2.02412994451,1.78085927209,0.977020941761,1.0519086107,0.0658134616574,19.8699165965,2.41517539311,15,69.110044896,0.0875722202353
low_downforce,1.26087777138,1.01264147402,2.04037433613,1.8442062997,0.965750946095,0.921153418007,0.0675995979067,20.8310428828,2.60750260416,15,68.7170437406,0.0602898054522
low_downforce,1.18053581977,0.078206800535,1.89748634223,1.96084590976,0.959150479055,1.03087214155,0.0648189262499,19.9018467914,2.48617623496,17,68.8906971959,0.132598434626
low_downforce,1.22022490176,1.95122709744,2.05097571367,1.98686230319,1.02045848244,1.03154038462,0.0593253833945,17.7796520137,2.2713892027,17,67.0353314946,0.164098684308
low_downforce,1.27387447461,1.85677059188,1.76207220233,1.77751899089,0.963368717183,1.0166141424,0.0673336761793,17.1272399893,2.21489790475,17,71.0664738922,0.18581254503
low_downforce,1.21794975111,2.2845696452,2.00233478525,1.93518875014,1.0183129758,0.923523740657,0.0467390352803,18.9478319935,2.2915178357,18,67.3663661312,0.2211442372
low_downforce,1.25376322539,2.89233524604,2.02723423263,1.66368534781,1.00224417741,0.984078472379,0.0631674606064,18.401401109,2.20509567523,17,69.5163769351,0.113054421767
low_downforce,1.21718211103,-1.43801210215,1.91492348539,1.99610194874,1.03538537695,1.00253116204,0.0615364686374,20.7427156832,2.47637517336,18,66.5561574445,0.19832906813
low_downforce,1.21245749315,-0.725630688683,1.96616542033,1.81480880765,1.01562990663,1.011244427,0.0638905222536,19.190171473,2.33084355351,18,67.9961691902,0.151946074873
low_downforce,1.2057928291,3.80140749975,1.75049627501,1.68006080496,1.00686501002,1.0492498016,0.0531016959805,20.7534113758,2.39665983158,18,70.1073417121,0.243200400798
low_downforce,1.12223013398,3.70786106498,2.03790095261,1.98767829361,0.980176412276,0.988292842361,0.0664307592115,18.6811311297,2.37395628416,15,68.0999917535,0.0922295913957
low_downforce,1.20093829131,-2.40467440528,1.8798279893,1.84366182344,0.994407818705,1.03042595732,0.056027773172,20.3440729061,2.55519556287,18,68.1372416921,0.190347172653
low_downforce,1.19124029463,-2.92646825202,1.8477897198,1.88419061382,0.974728877525,0.932086312575,0.0580094700454,18.4545206765,2.25828981029,18,69.0532146064,0.218881546843
low_downforce,1.13540500612,2.52809371295,1.92284140449,1.7431361853,1.02395267205,1.0722165537,0.0460051784099,17.5794431829,2.45207296799,17,68.134894743,0.212455616577
low_downforce,1.26205166101,-1.40766988971,2.01932054322,1.65259283469,0.961005767633,1.08402650282,0.0515022940406,16.5527090967,2.19602256662,16,70.1345032457,0.15559470553
low_downforce,1.26512338808,0.148650792844,2.07893186449,1.82781819756,1.02039919655,0.933954056312,0.0663440838421,17.3312036903,2.35124171318,16,67.5254362888,0.0995977226858
low_downforce,1.23593385759,2.96368479186,1.87766280346,1.92751267775,1.04082063508,0.971031195845,0.0540678783,16.0332264301,2.43626548661,16,67.3568034109,0.199916946067
low_downforce,1.21103264873,0.698142529846,1.80991298077,1.72007562522,0.952766742386,0.968770554613,0.0608863444027,19.6486826437,2.5041448537,17,70.6934603662,0.142165369776
low_downforce,1.14757870825,-1.63440575576,2.037918506,1.73771597789,0.996053010698,0.912690323209,0.0620924988539,20.8779795307,2.60373518291,15,68.0070590165,0.0833480447186
low_downforce,1.22385836591,-1.10831489582,1.94579737834,1.96049347543,0.993077738476,0.919890034639,0.0502444762466,16.2918052042,2.5744165519,16,67.4357509263,0.169428795747
low_downforce,1.21244463733,-1.87052398312,1.84006360934,1.93797899841,0.971754070276,0.978339560486,0.0482908880908,16.443308679,2.47905526075,16,68.5909115364,0.210334720457
low_downforce,1.25443457402,1.25201798063,1.90857332898,1.84239944703,1.04487234274,1.02942768917,0.0622039695926,19.5557934845,2.30718527129,18,67.6474325319,0.202554981342
low_downforce,1.17373669805,-3.41902932255,2.01440519584,1.67855013697,0.997443068324,0.901596746499,0.0457896115694,17.951135247,2.18657936035,17,68.7043356745,0.20258418173
low_downforce,1.12558766673,0.265297780074,1.99382307845,1.68628228209,1.03549953099,0.923604280212,0.0475623508816,19.555224756,2.160467712,18,68.1523756399,0.223956518617
low_downforce,1.23075246166,3.87777916053,1.85304073202,1.96017767719,1.02181637514,1.0112745414,0.0688081874618,16.0412507588,2.59000525629,16,67.8170038946,0.135395707099
low_downforce,1.21173572165,-2.93202303142,1.78644334527,1.78606194985,0.956029379907,1.05965051313,0.0579199093314,20.00769922,2.471840838,18,69.9898459952,0.203342327
low_downforce,1.18960432238,2.28584806016,2.00766736874,1.86387125327,1.01959502673,1.00087239564,0.0558263500923,19.7528359593,2.53689991204,17,67.3362717786,0.141832543017
low_downforce,1.18727442712,-2.01257118977,2.01366093391,1.76403837312,1.02974852194,1.0774042489,0.0459386576251,19.0723806156,2.39365384302,18,67.1891101515,0.223391580762
low_downforce,1.27672240801,1.16749167304,1.77459086608,1.706797511,0.960541054397,1.08723160384,0.0663958049354,17.7149179334,2.36564303743,17,71.1104006521,0.163709632635
low_downforce,1.25314548833,3.04118558317,1.78447357497,1.66793840547,0.994571732568,1.03161041118,0.0516794283983,16.4914242128,2.28346436957,16,70.5090749248,0.213374845184
low_downforce,1.17015610851,-1.97815669893,1.85161112273,1.79942113136,0.969235198604,1.0874882811,0.0588824723336,20.8116640806,2.51322765271,18,69.2419257768,0.173858570501
low_downforce,1.2552913959,-0.915390795124,1.94580690028,1.72745154122,1.02342394203,1.0584071118,0.0520218633278,19.4741186854,2.30638388912,18,68.2455536041,0.220017941385
low_downforce,1.19074383187,-0.258458540691,1.93800167548,1.66739886029,0.971326839717,0.928904010979,0.0559513175594,16.164429607,2.44974682287,16,69.8058824104,0.123864905714
low_downforce,1.19351301856,1.91445009468,1.97670541558,1.776286595,0.957945832669,0.997895661149,0.0483880369346,16.1824785414,2.30836259595,16,69.7505146498,0.157403736538
low_downforce,1.13587786431,-1.45707455899,1.93306576255,1.90758715334,1.00149303794,1.07516962864,0.048616897686,19.340009171,2.3367034426,18,67.645408572,0.244017836862
low_downforce,1.2658123518,1.45744403187,1.90891741026,1.67590658205,1.03938938255,1.01102202742,0.0568847501528,16.7205697549,2.4825015012,16,68.3654674296,0.16143989502
low_downforce,1.19050498658,2.04684754043,2.05367062638,1.67442798678,0.986221511568,1.01088918907,0.0489994234646,19.8608220295,2.57132080794,16,68.8303587304,0.113018886987
low_downforce,1.17081276168,1.16157087677,1.85534546997,1.99992564237,1.01179288419,1.00442854777,0.0661356719508,18.368284529,2.54372889998,18,67.5590434206,0.164969155289
low_downforce,1.25560544418,3.88199309478,2.02798777443,1.8586699016,1.0328919601,1.08195727666,0.0562058488115,18.9336641722,2.58913980487,17,67.1046286616,0.138606343271
low_downforce,1.18881397276,-0.503554930633,1.80773811831,1.82961934284,1.01625459333,0.9685722984,0.0576206554573,17.7475196674,2.56427559665,17,68.1866518712,0.202206050683
low_downforce,1.15388160029,-2.31046304514,1.80679970546,1.71290667185,0.988628214329,0.995716144036,0.051088919761,16.9065196596,2.20977248676,17,69.7749918993,0.229194964017
low_downforce,1.19626480903,-2.6716029855,1.95950229619,1.72327393408,0.972277408259,1.02464197686,0.065213480766,18.2098068132,2.35598601247,17,69.3847548411,0.117563726662
low_downforce,1.16210265716,3.99307683609,1.81151733523,1.9981023652,0.950824674892,1.09284397777,0.0652803926112,18.7970297681,2.57050297848,17,69.5899843605,0.141604322898
low_downforce,1.21855757516,-1.66075153355,2.06014596591,1.89900547609,0.973322482853,1.04782267118,0.0628386748608,16.2145242486,2.60343267669,15,67.7788144388,0.0902590382832
low_downforce,1.20475709453,0.147444829744,1.78867251448,1.72378016675,0.97309780464,0.921648440953,0.0508121883382,17.1793036528,2.59387376447,17,69.9124263253,0.19191215017
low_downforce,1.19559713697,2.72446486238,1.81483980963,1.70110946769,0.983533977318,0.971985340672,0.0626687379687,17.3367079015,2.39107232807,17,70.3198158854,0.154913567747
low_downforce,1.22375218621,3.55373124228,1.89374645924,1.90191248366,1.04969387821,0.903501086298,0.0492068804486,17.9817598542,2.31494445908,18,67.3505037335,0.251411582804
low_downforce,1.23787815344,0.938352680464,1.784317978,1.95735080752,0.983210792921,0.912111125643,0.0672744477856,18.2257716946,2.27396862256,18,69.3398988361,0.198053516722
low_downforce,1.17894673274,3.71098988255,1.91599119935,1.84859862836,0.956754396744,1.0029583549,0.0494865650412,17.9518899843,2.61874058381,17,69.377065154,0.146397496069
low_downforce,1.1944876112,1.40979435422,1.81348987361,1.84391952489,0.962957971657,1.06192180741,0.0615161753329,18.5808268061,2.29614276714,18,70.1166375298,0.193423620492
low_downforce,1.27337847467,1.24610389825,1.95858261876,1.9233275835,0.970819396248,1.0678006417,0.0558047600153,18.353785101,2.39010600097,18,68.7321391106,0.168613582149
low_downforce,1.13656104074,1.69164231065,1.87779881136,1.75980734875,0.95181124865,1.02186601609,0.0638421024194,17.9968789824,2.627613137,15,70.043088499,0.0966348912355
low_downforce,1.19957050597,-2.71484786925,1.89757107048,1.72538362961,1.00926344336,0.915164359383,0.0600469925022,20.0519861442,2.59693862379,17,68.276929817,0.143996408775
low_downforce,1.19194759833,-2.1364987269,1.87956226744,1.74467880134,1.01011705144,1.02319131966,0.0642479654607,19.7114593629,2.40742057561,18,68.5871403152,0.166302118177
low_downforce,1.21883755635,-1.14164017225,1.85155318677,1.79492430642,1.0397263817,0.963145256018,0.0597423643098,19.4755587534,2.37702427451,18,67.8510841691,0.219490099944
low_downforce,1.27599173227,-0.693019084174,1.8528466252,1.71120009216,0.973480328148,1.05558173129,0.0512656850907,17.6625373137,2.41640183872,17,69.9078545511,0.202644167745
low_downforce,1.13805900504,0.59374921531,1.85196609982,1.89718434623,0.97095531548,0.908129568752,0.0604481095313,17.7464725698,2.33875857169,17,69.2677872883,0.171280910546
balanced,1.16537156656,1.35897333438,1.80162952674,1.65029586935,1.03208913776,1.04330300291,0.0622683917926,19.9735587035,2.57623715812,4,59.3209297534,0.252701014776
balanced,1.19217172419,0.797981710548,1.99995516583,1.73559613278,1.02539926941,0.976095679083,0.0638860385306,16.5615110363,2.49006033673,4,58.722535192,0.272237363076
balanced,1.19789494257,0.458005625369,1.85215319662,1.94059726904,1.04363034642,0.933344276332,0.0593388738029,16.4104790568,2.21014690416,5,57.556275298,0.218480933885
balanced,1.2290500371,2.02276968139,1.83172797815,1.94545293079,0.971379436346,1.06764234366,0.0492500216839,17.5941840813,2.19939339974,5,59.6221236332,0.204131677945
balanced,1.1257290133,-1.52043744653,1.85501662304,1.70338771991,1.00610186746,0.93441511997,0.0514931194263,16.6889605829,2.33024483847,5,59.2793454043,0.217972385067
balanced,1.12635737759,-3.44768240944,1.8351025189,1.98965289033,0.95799645458,1.07610073399,0.0590882125775,19.2024257419,2.40752947487,5,58.9644826523,0.234050744091
balanced,1.26606650336,-3.1048784665,1.9488340234,1.9634745758,0.985196140348,0.901351886959,0.0567551375807,18.3266042466,2.30910577343,5,58.4446142811,0.230895944038
balanced,1.25019088706,0.341974497105,1.84390080396,1.99302794477,0.97247481968,1.08394973272,0.0502991006246,17.9369839362,2.57611282698,5,58.9964287211,0.213558938176
balanced,1.18332290983,-0.800149257433,1.96951311707,1.66021273184,0.982538769055,1.07141649389,0.0552548080606,18.325045638,2.56263841743,4,60.0436417754,0.253475722893
balanced,1.15147761992,2.20035592551,2.01559133159,1.72553973913,1.03505516684,0.970278015877,0.0607165689341,18.203024316,2.20720645654,4,58.7507099509,0.252771967962
balanced,1.17873625421,1.26468915659,1.75901624523,1.99273914176,0.9728776462,0.936057438625,0.0638451454132,16.2162039532,2.53272293606,4,59.2347858617,0.252738885085
balanced,1.18732096195,0.471662901662,2.053644713,1.97613651949,0.954105111894,0.955145163497,0.0618014645164,20.7200595925,2.43528137962,4,59.3354534482,0.27585984576
balanced,1.13079815735,3.1276553707,1.76489661489,1.87303273412,0.951160632852,1.04833148827,0.0504330274936,20.5576865968,2.39534575978,5,60.5199957112,0.219060429701
balanced,1.27011292155,1.58680967293,1.97530155998,1.69089072991,0.954828566178,1.09229556379,0.0661386242284,19.2633987322,2.19266854835,4,61.2930199874,0.289496196019
balanced,1.12438851137,-3.68241226765,1.89001439005,1.91140896068,0.968005381515,0.958145051184,0.0587652941568,18.1938150205,2.51791387946,4,58.8702521959,0.245183647878
balanced,1.21000575859,-0.675478016076,1.78036310197,1.67808837475,1.03222850531,1.08757649376,0.0662071836163,18.1072268377,2.17383922963,4,59.2792686747,0.243928212655
balanced,1.27454372943,-0.0475002698936,1.77630947678,1.77766477159,0.994988588458,0.944487861374,0.0609824777278,20.4055459505,2.38040690713,4,59.715143111,0.241666306516
balanced,1.26995083652,-3.05878343142,1.99301565324,1.91846668055,0.95528726613,1.07041540765,0.0485055437398,20.5669497037,2.36303978421,5,59.3425403492,0.217807898636
balanced,1.17578097374,0.426097077372,2.02794246573,1.76890812816,0.975671260698,1.0917210706,0.0534829087577,19.0948872252,2.5488100537,4,59.657874914,0.248693673199
balanced,1.22272436013,0.567686933813,2.02304516414,1.69810878474,0.990267555647,0.917579962066,0.0671964026028,18.4690577734,2.4931837612,3,59.8563337375,0.300223130165
balanced,1.20100023442,-0.968310033343,2.02228490536,1.96796680263,0.996455808152,0.950418702723,0.0588483751369,20.2535722233,2.46532200775,4,58.0798493719,0.248626742447
balanced,1.20674809227,-3.64663862622,2.04271107133,1.92280861121,1.03303022147,0.914035801015,0.0664973767085,20.5042032967,2.16090138164,4,57.2462647018,0.255002439706
balanced,1.2434847902,-1.40462702455,1.91260053703,1.95361308336,1.00157876931,1.00956806915,0.0583647950161,20.5750647326,2.58617450026,4,58.1226295583,0.237354903927
balanced,1.15146612588,3.31380096804,1.80155970537,1.81674609694,0.978572866504,1.05045875887,0.0644764890558,18.1542000323,2.31943183198,4,60.1546949814,0.2605086572
balanced,1.13694832098,3.76276009979,1.91377200085,1.94987146319,1.0361204454,0.999046477755,0.0584168154718,17.3685580918,2.38593776265,5,57.7725075587,0.230582127991
balanced,1.24893472578,-1.63457677523,1.89141175998,1.70968335641,0.984719809329,0.969395908545,0.0536045750309,19.8304450764,2.62118565553,4,59.7880612636,0.239133568919
balanced,1.18147431505,-3.24576191169,1.94090364744,1.82456147101,1.03440795468,1.02694573164,0.0538961605582,18.3982227265,2.56048444001,5,57.5459283515,0.219779159405
balanced,1.20063031569,-1.49348079436,1.87125382497,1.72748361139,1.02309855862,0.901127431224,0.0670601165774,18.9313259701,2.58802241949,4,58.7497315787,0.273890695729
balanced,1.23700196372,-0.311090824369,1.76078318615,1.99301409042,1.01350973897,0.950065416172,0.0585222549172,18.8854774983,2.29275467674,5,58.1518809611,0.214494492894
balanced,1.18254728114,1.43315222058,1.89926746216,1.84950659878,0.963340715349,0.987979940961,0.0630281595057,18.1568410654,2.26123905698,4,60.1135944997,0.26446951594
balanced,1.27516407412,-3.63672149348,1.91868148439,1.75375619108,1.03897831468,1.00601093965,0.0532556604483,18.11409221,2.38227045181,5,58.0240605305,0.213679358955
balanced,1.16973816357,1.72335089556,1.99876600707,1.86329411403,0.958584628548,1.06000124383,0.051324924378,17.5059438342,2.5828947077,4,59.7962996629,0.24227500364
balanced,1.16553393617,-3.21502251315,1.82014360095,1.86242266331,1.04490176541,0.995806326019,0.0461719534821,18.4421679498,2.39912758492,5,57.2987253987,0.179151211043
balanced,1.24555262325,0.545056647551,1.76573367931,1.95751361099,0.987517496289,1.05093380271,0.0613916647316,20.4639505455,2.52060256835,5,58.992993607,0.237153969099
balanced,1.22705215796,2.86246970241,1.80234039524,1.72025683791,0.974438397696,1.01833467312,0.0482570534357,18.8025047628,2.1759860075,5,60.8343397228,0.210771514735
balanced,1.17485192173,0.934219827378,1.75293279561,1.66513402568,0.969630310375,0.963799190271,0.0546585920132,17.9166579773,2.48220001144,5,60.9406265427,0.237540213721
balanced,1.22997037941,-1.0888666246,1.93310955406,1.7293786351,0.952666340292,1.06790078597,0.0618685380744,17.3546032638,2.31085348579,4,60.7462506176,0.269560962053
balanced,1.20497659595,3.5988643016,2.04341940033,1.6715045767,1.00658933676,1.01569454246,0.0545515353877,19.2123831203,2.36622912329,4,59.854036658,0.251583504252
balanced,1.15935303009,-3.94195751751,1.84605862833,1.94581779688,1.01779656118,1.08870843426,0.0669287495281,17.994068019,2.31717399225,4,57.6250444846,0.242251608853
balanced,1.15828010095,-3.13939465191,1.90539985667,1.81868919502,0.992155418148,1.09964498348,0.0562764296875,19.530186271,2.46529622059,5,58.7671124191,0.231519724652
balanced,1.27320746646,3.36667871664,1.94865114448,1.77480634166,1.04154230335,1.08775794597,0.0586350438507,17.6900391448,2.61902548032,4,58.4904200152,0.24663316544
balanced,1.23186078609,-0.556607591312,2.0807563533,1.78537041033,1.00866743836,1.00052003011,0.0637851533416,19.444212844,2.20870466508,4,58.8395263369,0.267822631998
balanced,1.2192108308,0.23227063687,1.94345498761,1.70849745578,1.00006793707,0.969568825262,0.0591800186143,20.6624354645,2.54001428953,4,59.5397581947,0.260099186796
balanced,1.14026065453,0.750341376111,1.84194726249,1.81964480302,1.03537731815,0.986319363088,0.0589444141244,20.5173818111,2.27841439179,5,58.2727933541,0.225892208945
balanced,1.26863775391,0.0213991049204,2.04853321252,1.94378078971,0.959157998302,0.933672440652,0.0576695073612,18.1319000798,2.25468054427,4,59.4996470134,0.253810672188
balanced,1.26577764813,1.22856858946,1.8239858015,1.69107340284,1.01383923883,0.960455308341,0.0643619799093,16.9068758395,2.34152865514,4,59.7866967533,0.258854547311
balanced,1.22632385035,-0.988100082083,2.03792231072,1.93652948718,1.03904317536,0.904066007567,0.0669034240533,16.8204254863,2.63153915122,4,57.104085915,0.274283940367
balanced,1.13519769769,3.92858426214,1.94982222724,1.82576718347,0.964606185791,0.975771067047,0.0664108172576,20.3800866902,2.36048991384,4,60.2898614498,0.290454348139
balanced,1.22014730963,-2.45355004947,1.98283269012,1.89248836651,0.972527360633,0.907759491365,0.0479426610927,16.6136311024,2.52854951825,5,58.9049858549,0.220797875956
balanced,1.2176920516,-2.39221359166,1.95835847296,1.78855441085,1.04194622726,1.00402321316,0.0568705029912,17.0561455094,2.22351953487,5,57.8727248851,0.222168961182
balanced,1.16547153432,3.44197657076,1.83036607758,1.98663679551,1.04404609719,0.962502626406,0.0609749334909,17.3307852798,2.64172685623,4,57.431620558,0.235582504435
balanced,1.16296237447,-0.418610109469,1.88662618778,1.79055977816,0.978529806244,0.946296198206,0.0605660248559,20.6250005399,2.2381840929,4,59.7804614913,0.25047364499
balanced,1.13831223219,-1.194057949,1.95685731851,1.9468528388,1.01793190915,0.970229858731,0.0489070646821,16.4470802971,2.41921723793,5,57.5538160715,0.204884783776
balanced,1.16031014749,3.75565372311,1.93491874563,1.86685616715,0.998606868109,1.04238257037,0.0612661424361,16.4711709411,2.46238973367,4,59.112363966,0.25925181269
balanced,1.12338866497,-2.8535094441,1.80979852909,1.84599196027,1.03173385909,0.927352657885,0.0508512984691,17.3087276495,2.63031884722,5,57.6187559268,0.204392021524
balanced,1.2469912184,3.18919686339,1.96813403026,1.81801558612,0.955856902926,1.09974861282,0.0674825912785,19.3265883669,2.25063282144,4,60.7009932753,0.29023502221
balanced,1.12498360461,1.65082264739,1.82983823044,1.67695483614,1.02516941582,1.0679614518,0.0460815987188,19.5791655439,2.31116065017,5,59.3055494353,0.197324451321
balanced,1.2728512818,-0.466842139309,2.00639468701,1.94366845705,1.010192824,0.943159525106,0.0525136110675,18.262045951,2.15977410612,5,58.1555276433,0.214963661968
balanced,1.22641067155,-1.41632327145,1.95358847659,1.99902233063,0.992951417389,1.08356738504,0.0580073443705,17.2290103735,2.17812299987,5,58.2803172765,0.225804883668
balanced,1.24015850708,2.98415920991,1.96203940435,1.66936431109,1.03936740878,0.989153978546,0.0504123843774,20.583738758,2.18569488723,5,59.2113220452,0.216963494709
balanced,1.13150689442,-2.98658754919,1.76195957654,1.69307004021,1.03897315869,1.08325434941,0.0563854754526,19.6164850454,2.59860886536,5,58.3824220587,0.218736929882
balanced,1.15399730652,-3.6012029207,1.75561197247,1.7296884849,1.01312515012,1.02733032134,0.0583855244887,19.5944541591,2.49395612248,5,58.8773503421,0.226297818455
balanced,1.12982897668,3.31147974666,2.01426479397,1.88228817727,0.998539642964,0.986331060942,0.0533603513916,19.3400670409,2.25403187997,5,58.8987177031,0.231674898696
balanced,1.21007453116,0.108669259725,1.9167678197,1.89914250021,1.01094963377,1.01471454943,0.0454041469972,19.1591152922,2.29459740387,5,58.3206537116,0.192535417934
balanced,1.24519369445,-2.92705647828,2.03242402245,1.91613486885,0.998808767628,1.07674091771,0.0557018372203,19.4859156561,2.440170077,4,58.084291334,0.232794801129
balanced,1.17687941339,2.572923596,2.0454015929,1.74211932926,0.970216318389,0.960450388265,0.066112514963,17.5101628762,2.47137249242,4,60.2855486636,0.303046015842
balanced,1.22916524359,-2.83244131611,1.86315404434,1.84325414175,1.02831356473,0.997407896676,0.0600415130438,18.7548472018,2.24090145794,5,58.0580083805,0.224858790309
balanced,1.22828281581,3.51129185152,1.76122982314,1.8090789887,0.954930513661,1.06356644212,0.0668342732857,18.546009621,2.49567333691,4,60.9754887496,0.278090915554
balanced,1.1283736602,-0.619048583212,2.00714193775,1.81399785814,0.97004531472,1.05244902749,0.060101779972,18.6055720558,2.5096427116,4,59.477352126,0.267874651302
balanced,1.27411042703,3.85239160081,1.77329800945,1.68912932487,1.04192248112,1.08247715545,0.0623840405679,18.9963205044,2.23979241692,5,59.5226428678,0.23644496628
balanced,1.21604568839,-3.28875998108,1.79798747763,1.91829931346,1.04306713547,0.921649981288,0.049840753732,17.521215217,2.56883567755,5,57.1144010513,0.191803610873
balanced,1.14142781409,-3.82560123149,1.9064387015,1.83047265322,1.00821156378,1.07690975813,0.0612377502098,17.5585658192,2.23222190603,5,58.3417556232,0.234511604326
balanced,1.21077646298,0.226667002384,1.8508425703,1.79097005248,1.0153965576,1.01036693331,0.0688308714012,17.9757391008,2.18065522105,4,59.0819604276,0.262212538917
balanced,1.26007140913,1.07224062642,2.0588736724,1.99129971697,0.999788249588,0.997674350428,0.0570496347847,18.0093462985,2.29801877324,4,58.2328369973,0.239182714349
balanced,1.24516133272,-1.92319726766,2.00934259614,1.94322851916,1.01104615443,0.992852781021,0.0689507934281,19.6606291773,2.33565219405,4,57.9171069366,0.273181414731
balanced,1.27898048425,-2.46026458936,1.88619051077,1.81659338788,0.984022108686,0.995939931318,0.0460651120559,18.9645631972,2.58915639251,5,59.1585122948,0.207879949953
balanced,1.12029476289,-3.85441447338,1.92184497549,1.76404987156,1.00339805967,1.09769102503,0.0619751368565,17.9187999086,2.31261306412,4,58.7121496594,0.2464229766
balanced,1.27643638051,3.93609487763,1.93366893615,1.85689257563,0.953689740144,1.02962153787,0.04666044162,17.2176722282,2.44686160109,5,60.511243325,0.224220315094
balanced,1.21148646196,-3.16139838918,2.09529471105,1.70699641886,1.02512430428,1.09610352279,0.0501717582867,20.9429192925,2.53602996334,5,58.2355104955,0.226268464813
balanced,1.13812320173,2.781494868,1.94168082006,1.78667968939,1.03577276044,1.08642918304,0.0589243200547,17.4494129966,2.22987376005,5,58.5292649575,0.234493514248
balanced,1.2561534134,0.47107197633,2.08394027276,1.92023521071,0.95254101192,1.06711761426,0.0621263634954,18.7688364987,2.57832282669,4,59.6254083254,0.284346615403
balanced,1.14200620464,-2.52413492235,2.08249253184,1.74154979776,0.991277933488,1.00283541935,0.0521403771485,18.3828227503,2.2723852394,5,59.0723797642,0.234006553012
balanced,1.27346590734,-1.23887990744,2.05368803583,1.81372181328,0.988932763948,0.99378249595,0.0591247923234,16.6445773699,2.25552402156,4,59.1825981555,0.25378540867
balanced,1.13160406932,1.98525109127,1.87504656446,1.68803142049,1.00618535545,1.04837345651,0.0620932097223,16.9031707953,2.27023740592,4,59.8309039998,0.255287713529
balanced,1.16372208957,-3.76506188289,1.75597125038,1.94674113916,1.03316508583,0.934514860245,0.0650266783091,17.6850257382,2.51612298535,4,57.2920924853,0.23258693283
balanced,1.23864627231,2.5322306351,1.9450623129,1.70990067621,0.992049223725,0.985522588497,0.0508429642021,20.9707761649,2.41550404189,5,60.0448981514,0.23304112156
balanced,1.23155533868,-0.687654320492,1.95645264631,1.79301455142,0.954678306792,0.961522144439,0.0576352202403,19.9291215925,2.29537589001,4,60.344603731,0.255026380789
balanced,1.1651576778,2.03737980401,1.84151727619,1.78429001272,1.03981318843,0.986389936865,0.0500622994782,18.7625748848,2.16438983415,5,58.5413673514,0.198286895192
balanced,1.1978866703,-0.273841160417,1.92879180575,1.74009879548,0.951310606521,1.04868455956,0.0620396017619,20.9541313649,2.5675008333,4,60.638088594,0.280077211351
balanced,1.20345328379,-1.21953297445,1.76627873042,1.98054261574,1.02135180409,1.00583640907,0.0682277171491,17.0707547771,2.27013809326,4,57.9170388255,0.240321603167
balanced,1.2169270758,3.17992108421,1.86434052445,1.79606417683,1.0123089681,1.09640668778,0.0694449287315,18.4841746596,2.59991315381,4,59.2199197475,0.283300112073
balanced,1.25105872757,-3.57468398026,2.07270171691,1.81643989969,1.02783986763,1.00921317564,0.0626891709919,19.2882223264,2.16596243953,4,57.9072441296,0.248995779374
balanced,1.26925603538,1.89301145146,2.00188334655,1.66211839949,1.00121762094,0.919992245176,0.0521785261996,18.5527086922,2.60419784768,4,59.8784918087,0.24888991329
balanced,1.15631797519,-2.0754085656,1.76719467869,1.73647572559,1.03393570602,1.0140399531,0.0588795641016,20.5333956999,2.6079174183,5,58.4080739934,0.228405562863
balanced,1.2565884157,3.74615112005,2.03547188978,1.77440875777,1.03917368807,1.06091016545,0.069609883537,18.8079403677,2.57649509655,3,58.5259214634,0.295235610859
balanced,1.1689390771,1.22095530728,1.87199720143,1.8902157525,0.97241520367,1.06952367893,0.058107050933,19.9535106302,2.28973240123,5,59.6129745206,0.237909903873
balanced,1.24966061396,-1.76466923877,2.08070913134,1.74252144401,1.04196172296,1.05633186491,0.0585605457205,20.0060578172,2.24075583227,4,58.0619499171,0.239943767083
balanced,1.21142849243,2.71201492221,2.09569286457,1.65329181656,1.0289417636,1.01638052522,0.0504452144805,20.9528951925,2.63183690553,4,59.0611840053,0.243219017017
balanced,1.23218999887,-2.36612789924,1.84016664504,1.96222242598,1.01668908584,0.926292781744,0.0506391385301,16.3157942432,2.20494315966,5,57.8416442854,0.193305651189
balanced,1.13355660892,-3.83790472973,1.94923758406,1.88780930964,1.02555870755,0.903712451133,0.0620658232056,17.2086416004,2.43119948126,4,57.4234555932,0.244969607886
balanced,1.24743482532,-2.85162735739,1.82666950479,1.79169918661,1.01672323404,1.05161791501,0.0572609734178,16.9389315988,2.36101377794,5,58.6158558305,0.221431278967
balanced,1.16674256343,1.26543601306,2.01110268547,1.99995243444,1.01592236046,1.08738921946,0.0514437348045,19.0558366608,2.44192103327,5,57.6039892893,0.215956443408
balanced,1.16979209257,-1.4032796351,1.9217063937,1.66166058771,1.04388777411,1.04850209876,0.0525259923201,17.3315641781,2.49769676279,5,58.4430799603,0.221275648657
balanced,1.25310687609,-3.5778901584,1.94221975381,1.65050627161,0.975345361193,0.945811652487,0.0544357530406,16.6486818215,2.45164754083,4,60.187971304,0.245863214087
balanced,1.22468431649,-1.17298682379,2.02247674438,1.80916297416,0.971439512861,0.933216961834,0.0465074379551,17.1570414904,2.38121021186,5,59.5138225889,0.221121853789
balanced,1.15041630399,3.44144660193,1.9360772094,1.84188838032,0.985242588008,1.03066048241,0.0675523907533,19.1089584752,2.35672375054,4,59.6377631249,0.283483311888
balanced,1.19438006622,0.244791402628,2.04689932735,1.96646171412,0.994708271751,1.07023741541,0.0470966554006,19.3602802667,2.59622685813,5,58.0838843271,0.215411849279
balanced,1.17463575561,-2.18032929178,1.79213266104,1.68308562646,1.03115760292,1.09527983385,0.0590623701362,16.0220744111,2.62459762213,5,58.7435340118,0.233230147989
balanced,1.2508984287,-0.298230489235,1.83020042794,1.8199706645,0.982540133651,1.08318266893,0.0456255643089,18.9685809363,2.61098227348,5,59.4558418711,0.203976037374
balanced,1.27471138106,-3.14804037871,2.07214643332,1.74412630778,1.02475765693,0.958715755134,0.0485627581923,20.680164115,2.37978164793,5,58.2410283021,0.216612498884
balanced,1.13704915177,1.68422613159,1.80287791505,1.68801120449,1.0282258443,0.963481061431,0.0606347690342,19.9113375803,2.48697722294,4,59.2279243502,0.2455644629
balanced,1.25375552183,2.46469781035,1.8843395088,1.94268025461,0.959520660956,1.00320514803,0.0645152620506,16.0238713534,2.34133014067,4,59.9776346993,0.26830072284
balanced,1.2204271931,-2.54286546601,1.93365157653,1.9811897273,1.03642972716,1.09911900333,0.0546223014172,16.506487829,2.24560951368,5,57.0645197735,0.204011996462
balanced,1.18551783618,-3.53537709503,1.85476636427,1.80859416595,0.975130141378,1.09627773079,0.0543280132755,19.6991503975,2.44190596403,5,59.3579454798,0.225607206689
balanced,1.18628852737,2.29940060956,1.95894655513,1.99947611711,1.02687956998,1.02615955086,0.0517620797121,18.9384317517,2.37975825237,5,57.5829142146,0.21132322336
balanced,1.14417351167,-3.86014659577,1.94708869642,1.98512616539,1.04332449176,0.904899764815,0.063487751263,18.584686371,2.22846487122,4,56.6637858315,0.232298642238
balanced,1.13783103717,3.04400567104,2.00373518569,1.99924289826,1.00588633048,0.983876678795,0.0525289299145,18.6690580969,2.22492023525,5,58.168338793,0.219856726775
balanced,1.2029691632,-2.92865648895,1.84507523825,1.88889177006,1.04740428051,0.972290539666,0.0565653007309,18.5477461595,2.48634969165,5,57.1741539093,0.21345248902
balanced,1.2361745298,3.11239814634,1.93215936222,1.76272756043,1.01190242703,0.975617463123,0.0594237335778,19.1893732775,2.3762605094,4,59.3836601472,0.252009808197
balanced,1.17412508642,3.63796776856,2.03440707572,1.78456754582,1.04856773483,0.942207876375,0.0568705555892,19.4862739376,2.22050414071,4,58.2322980706,0.236778405046
balanced,1.14738556539,-3.1200347907,1.96011468524,1.88054635201,0.979383939501,0.95786304768,0.0689124945477,17.576534576,2.43073300723,3,58.798976274,0.284782696275
balanced,1.14042803583,-3.26688936887,2.09775043344,1.76823039887,0.96842706008,1.04535709664,0.0468451700092,19.6406468578,2.64039394839,5,59.2163117148,0.231891448389
balanced,1.14363032417,-0.0791065089553,1.93144094011,1.69094558109,1.0455399982,0.957101125232,0.0571901524558,16.2676508906,2.49639767305,4,58.357790662,0.238658857684
balanced,1.2459423627,1.44214252606,2.00795936357,1.7393305247,1.02532563774,0.934953492667,0.0671061558361,17.1716680715,2.53831901758,4,58.8391518988,0.287651442393
balanced,1.15877526676,-3.95200886578,2.02696243023,1.93082421236,1.02573298789,1.01231292053,0.0577989725826,18.4314026976,2.53964494821,4,57.0407661947,0.234801448291
balanced,1.23838455168,1.69354287222,1.8472726981,1.66031127452,1.03898595048,0.962062571226,0.0550896843652,17.1570573119,2.15867598524,5,59.3521733261,0.220495344865
balanced,1.13347317006,1.93485305377,1.90635228883,1.66120477749,0.969746295312,0.986363303012,0.0533952956363,17.7054768141,2.56202417387,4,60.7073325029,0.251609400869
balanced,1.21873609954,-3.95070466243,2.08048169001,1.96814168213,0.965326800755,1.04193086539,0.0457183333443,20.8899473901,2.19983135784,5,58.6090717968,0.205236010332
balanced,1.17906303819,3.75450250866,1.78171297179,1.76432705666,0.988732524131,1.09079186132,0.0540775592216,17.1736261099,2.6205588725,5,60.0571803188,0.23222769364
balanced,1.15204705548,-2.55127096918,1.99338101939,1.95821796267,0.98157643657,1.06316464219,0.0483147796724,18.7677062227,2.2762727138,5,58.3548246476,0.206836661334
balanced,1.23542085408,3.81583443468,1.95861958613,1.97816251921,0.985356716164,1.07385018061,0.0692072684986,18.0270312968,2.29110515985,4,59.1655340845,0.280846468051
balanced,1.14178043991,3.91512978008,1.92215086058,1.89662544799,1.02999567494,1.03243482066,0.0527503127597,16.6434348461,2.43374973919,5,58.1274949846,0.219148609638
balanced,1.18002347394,2.62898842686,1.79504405793,1.93631892362,0.976886692579,0.998541388296,0.0627251708284,20.8034305616,2.40843174108,4,59.5325130731,0.250743754349
balanced,1.25119383259,0.0972404675556,2.06883969215,1.6922546437,1.02087601734,0.939593594026,0.0475693169338,18.0608930454,2.29426690904,5,59.0062708432,0.21984334319
balanced,1.24606834256,-0.68199224782,1.91537720759,1.89466828419,0.985546192282,0.983639724613,0.048306845328,20.8361883996,2.56433330487,5,58.8588072322,0.214793780967
balanced,1.21972494844,-0.480289860154,1.92107750824,1.89408918489,1.00578912645,1.06975133411,0.0562620224936,19.2436256601,2.58014082027,5,58.3369726986,0.232490969723
balanced,1.2697953206,-1.25822345635,2.02550452159,1.74341786558,1.0023717863,1.08406221709,0.0612160277887,18.7286323361,2.57105888155,4,59.0671234739,0.267289525733
balanced,1.22466163719,-2.92224814674,2.08213676729,1.75661672689,1.00654058867,0.932409691838,0.0562138294979,17.8142703337,2.26982497576,4,58.6920752415,0.243646549829
balanced,1.1976252921,2.1235269817,1.80936127536,1.7407849585,1.01243318692,1.04270313548,0.0643877256142,18.5130579303,2.20712214476,4,59.6463169249,0.249277691499
balanced,1.13341417003,2.8521731438,1.87720037692,1.70851602631,1.03907497699,1.02158937661,0.0697727497065,16.6027924184,2.54690862344,3,58.8605020557,0.284346634331
balanced,1.13260739305,-2.25777040882,1.96979190771,1.78762366414,1.03583944007,1.09241937937,0.0657914812532,17.8694519846,2.37162640335,4,57.8651872801,0.25846595207
balanced,1.25918816281,3.34218349406,2.01953117043,1.93124275838,1.04728725579,1.06590038736,0.064579348001,18.603339253,2.39208124222,4,57.5903800965,0.257197166996
balanced,1.26322374113,-0.65328807606,2.04275106679,1.68945549586,0.969065670161,0.964392596293,0.0614863219436,20.4904667093,2.48858756585,4,60.3493038062,0.284885660419
balanced,1.23776459759,-2.82949297187,2.08059037797,1.8595674939,0.974916772938,0.911917900739,0.0564295072688,19.2550057407,2.46762497207,4,58.9291485136,0.255376630624
balanced,1.17068732675,0.805154834748,1.79235055675,1.77083074424,0.980589533546,0.9702122915,0.0603214387216,20.6315270494,2.6213849784,4,59.9220639518,0.254730192558
balanced,1.17744939583,-2.26139473541,1.82527599258,1.74184539884,0.989443519841,1.09368591964,0.0690690712041,17.1759818387,2.22307480538,4,59.7173220393,0.26674112926
balanced,1.25402938524,-1.85947126453,1.7855119675,1.90122985908,0.95236316077,0.969961539436,0.0464322182286,20.5614252363,2.55367843136,5,59.8328733288,0.205810702145
balanced,1.1316676516,-0.731725661639,2.02638305178,1.92126015656,0.951974733327,0.977222697673,0.0595400036038,20.8192434583,2.4944875315,4,59.4260720155,0.26863992351
balanced,1.25212755338,1.33840564147,1.83188830135,1.90982427163,0.958511636378,0.962211299027,0.045381812756,20.3214142514,2.3648303715,5,59.9877515748,0.204056735105
balanced,1.22658429838,1.62484703536,1.75394421276,1.93740712555,1.0217473502,0.910930380005,0.0564573255145,19.9922750727,2.15710079004,5,58.477782616,0.207537825292
balanced,1.14955596673,1.19582568812,2.01030392376,1.82310402688,0.980745812534,1.01818778884,0.0504484199689,18.3605062064,2.60023094519,4,59.2658608671,0.236421208983
balanced,1.17458754885,-2.98886997574,2.08024981427,1.68721852838,1.03035146277,0.980585370654,0.0561334691167,17.6692915537,2.33197737853,4,58.3482483616,0.241763758607
balanced,1.17147200085,0.216157029065,1.87749864503,1.71100129496,0.993329699833,0.936543719722,0.0658596632676,17.8244225766,2.28015086815,4,59.9166921591,0.271637301581
balanced,1.12069903515,2.3762599703,1.89725335952,1.7802470047,0.983813639848,1.00359524424,0.0470333155593,18.9493415835,2.33096332388,5,59.7838095259,0.213722108074
balanced,1.25526942229,-2.39833532883,1.85396192948,1.70341367894,0.956476780047,0.931723765225,0.0606948645826,17.0534258673,2.51070734287,4,60.6863104883,0.266236852347
balanced,1.22324253268,3.60781343326,2.02935275725,1.77227868472,1.02797801069,0.983717263888,0.0562534510229,17.2850984298,2.46602097695,4,58.7444859823,0.248026055903
balanced,1.23776117729,-0.074132953373,1.79539807228,1.92704232091,0.972833781238,0.99475845574,0.055387861314,18.9828832982,2.44187799317,5,59.408237745,0.225525973828
balanced,1.15328297285,-2.20772892042,1.8534789415,1.84248785508,1.01303346233,1.06729430988,0.0639202388372,18.7130013332,2.63950401287,4,58.2329535595,0.253202646332
balanced,1.15951390132,-2.36697564862,1.83129790023,1.82045198226,1.04368510729,0.956802335139,0.0576584356794,18.9822011908,2.17682145436,5,57.8129147064,0.212189847447
balanced,1.15918188401,1.33618478339,1.910293184,1.88413231573,0.967699884841,0.901804343478,0.0561319017966,20.6444555255,2.32869629199,4,59.6799852538,0.242334678863
balanced,1.27715542777,1.05627813216,1.89743635308,1.83625704232,0.958628977138,1.05666375457,0.0524997719126,20.7207558257,2.62643673471,5,60.1555386453,0.238423319837
balanced,1.15991875255,-0.10212811797,1.97434046555,1.73509210459,0.950647247627,1.06125741851,0.0453581428096,20.9575479617,2.21844720386,5,60.6714608462,0.218024975862
balanced,1.1610430734,1.57418862608,2.03001977372,1.88723093133,1.00851114314,0.971736576318,0.0563981573562,16.0884654464,2.63636557466,4,58.2544000617,0.25031231064
balanced,1.23917733064,-0.538749956317,1.90387161249,1.85028247115,1.03481199014,1.02653414603,0.0470164665996,20.6272750681,2.5750005416,5,57.8002780431,0.198997152551
balanced,1.26538629306,-3.78284693099,1.88652567387,1.84724353267,1.00640278713,0.984990516617,0.0694978159738,18.1529437071,2.36420820412,4,58.4975761835,0.268347842975
balanced,1.20241702172,-1.13768587925,1.80176830695,1.96051860463,1.02020133929,1.05416894247,0.0676946804322,16.4782185255,2.21252702455,4,58.0152648415,0.240249511294
balanced,1.23929088729,-1.52666411806,1.83780091889,1.94661535082,1.00715795038,0.915150825429,0.0467301736354,17.2940441131,2.59517021643,5,58.0315577008,0.196830771082
balanced,1.27680115759,-2.84464195605,2.06184904374,1.99568189739,1.01106338295,1.09502554861,0.0577800310673,19.9673528952,2.32407949685,4,57.4877569482,0.230497597795
balanced,1.22980578272,1.52965099268,1.75325809542,1.72474893046,1.0041298491,1.00445612325,0.0567506431302,19.2486800308,2.17250906099,5,60.0054857893,0.221984604298
balanced,1.14330330093,1.45853674666,2.0628564826,1.75883084457,1.04222230085,0.917769201072,0.0528509952073,20.7249262132,2.52680551771,4,58.0020148438,0.236203471222
balanced,1.16229342832,0.251472983852,1.75587221591,1.65926914259,0.986257106421,0.946612513715,0.0616635599529,17.7034813872,2.2107527932,4,60.6174721347,0.246709099247
balanced,1.19601621609,-0.922626912842,1.91382346793,1.7967498879,1.013201886,1.00528318595,0.0553256051592,16.2229702632,2.63998215736,4,58.5260247971,0.234607166689
balanced,1.24690021128,0.671806431141,2.01279773188,1.68822557952,0.968797793463,0.906046001123,0.0452440869477,18.4801595385,2.36448456209,5,60.5024423658,0.226575521642
balanced,1.18546489048,-2.12067749438,1.85978498186,1.71367294162,0.997704213631,1.00053090744,0.0544928708214,16.1510979224,2.22972867626,5,59.5342998059,0.223491301049
balanced,1.16620720123,3.86674214638,1.89349170785,1.72582374751,0.987603915665,0.988099252742,0.0646561743411,20.755749264,2.60346321707,4,60.1793410029,0.285042285509
balanced,1.2166653697,-1.55711258817,1.86922268121,1.73611747519,1.01982131302,0.99369465984,0.0578679101441,16.2554666019,2.64194831788,4,58.7250575007,0.240302296855
balanced,1.26459563999,-2.64966174266,1.96788399544,1.90399612063,1.04112707721,0.945320253992,0.0488738641924,19.6613989619,2.39887252532,5,57.1887433194,0.199383305377
balanced,1.13452804567,2.95759071603,1.78844059421,1.85626764157,1.03571424494,1.03291782189,0.0637104573935,16.068378203,2.25943831045,5,58.4468462296,0.235189878559
balanced,1.27651648744,2.35913529205,2.09773857051,1.85074925559,1.01332810482,1.05280553303,0.0672362605251,19.4771191041,2.18685718424,4,58.7842362688,0.278652298991
balanced,1.14744661634,-2.75116467094,2.0303116572,1.83784463215,1.01573023831,0.967660632922,0.0642931606421,20.3119787852,2.25741897278,4,58.0575985308,0.259737114668
balanced,1.2588446576,-2.14782815945,1.98403239496,1.81474028277,1.01126565997,1.03323245738,0.0465563772199,20.4104494396,2.16149894897,5,58.5412919512,0.197352562968
balanced,1.21495178251,-0.345243140701,1.99321296866,1.9464196634,0.994738123525,1.05204221367,0.0608781495318,17.6571492255,2.37305305894,4,58.4173878534,0.250026012989
balanced,1.23052837946,1.33365952984,1.98043828072,1.84402928614,0.967783701572,1.05039168551,0.0673636853412,16.1276112172,2.49347322544,4,59.847498153,0.29255210212
balanced,1.22326381898,-0.0331845382503,1.7980080075,1.66019984632,1.01485060532,0.914849145864,0.054662142209,17.6365557896,2.64749237661,5,59.5631648646,0.233425295702
balanced,1.17165854703,-0.491471266605,2.01288129195,1.71678230172,1.03140471975,1.08592353749,0.0672288155063,17.032834514,2.33915587885,4,58.58108632,0.274783382581
balanced,1.26225137127,-0.125718084794,2.08246711841,1.87987334133,0.995789425063,0.990920834784,0.0572305037231,20.0447876753,2.1704943252,4,58.7769783259,0.242307154128
balanced,1.21556256497,0.227326624488,1.75668863511,1.72382181072,0.991570076987,0.97094100505,0.0541950251754,17.4106881302,2.37244364319,5,60.0373546486,0.222981255704
balanced,1.23159088974,-2.9058052837,1.8335591018,1.98052038171,0.974059685755,1.02618758221,0.0505516096814,16.4824596541,2.54572477192,5,58.6527267554,0.209613308144
balanced,1.26185146869,3.64972838386,1.87750831023,1.98581179411,0.986521432701,0.927285359565,0.0517875409612,17.9424905867,2.33831258402,5,59.1175158782,0.218881739743
balanced,1.26962738499,1.68309499205,1.79795079575,1.9006757598,1.00662230832,1.09293855033,0.0635662112061,19.1942439435,2.34451661202,4,58.9670591049,0.240335180778
balanced,1.17648229785,1.60752324468,2.03146682153,1.93473358019,0.950559813959,0.988320298162,0.0544669000953,20.7191495395,2.22932364742,4,59.8450509492,0.24467372838
balanced,1.13934835827,-2.43764315024,1.91881859199,1.93537041502,1.0364299394,1.01456644511,0.0452260873836,17.6695051194,2.47805166922,5,57.0006772594,0.185740402908
balanced,1.27749099167,0.439701756608,1.95803847759,1.7115497862,0.980189065301,1.04021829812,0.0578284247735,19.5130226137,2.31345098296,4,60.2589042216,0.253030864668
balanced,1.13462359971,1.59247507958,1.87737255751,1.68903635327,1.01674169603,1.06501125295,0.0536376751797,16.7330145072,2.1866131188,5,59.5065922374,0.221349641786
balanced,1.16288346609,3.5593789846,1.91966379187,1.72934141105,1.01916465016,1.01547192848,0.0557387299313,18.2031244178,2.53817646203,4,59.2292072436,0.242957252909
balanced,1.14789189417,1.77787773044,2.03853226789,1.72396433422,0.95648689569,1.0265268815,0.0487527121347,17.2093370327,2.18917148712,5,60.7081442074,0.234242067493
balanced,1.25897908803,0.764741467423,1.92280218387,1.92108178797,1.02155547517,0.975906952516,0.0489825890175,17.1686510688,2.44749414338,5,58.0174212086,0.205828486745
balanced,1.2398884081,2.62051172762,1.90121366069,1.99459215525,0.997258377264,1.08440992911,0.0645208600993,17.8417511466,2.64824706983,4,58.5168851219,0.263767625996
balanced,1.27416960759,-3.6350398525,1.99839778906,1.6889902596,1.00134781168,1.04122035518,0.0697432330144,16.0826368369,2.54606576185,3,59.2412073253,0.296235606315
balanced,1.2599549517,-3.72252221295,1.81854027156,1.6866124051,1.03601509076,1.02185310475,0.0649966330791,20.3022150388,2.41340543247,4,58.6563531394,0.247422568702
balanced,1.20184830147,-1.5020932837,1.95674703698,1.7484764839,1.04071757282,0.948976377969,0.0656831764608,20.0560295391,2.42491008001,4,58.1331476624,0.264376490573
balanced,1.15943084052,3.82460548315,2.03804730968,1.8576773715,1.0325783498,0.900758921603,0.0647261900252,19.626395524,2.32312058039,4,58.2343235255,0.27066770459
balanced,1.14277819804,1.46580555277,1.80455876839,1.66988389542,1.02347287729,0.958223618155,0.0595657869329,18.8255861722,2.44320177001,4,59.452403886,0.242798656047
balanced,1.24819996116,3.93475005151,1.82589173657,1.81786957077,0.961136372909,0.933591992374,0.0696064175723,16.6171617448,2.50000699638,3,60.7369400445,0.29716796908
balanced,1.17167971026,2.28229525817,2.02857311414,1.9907101723,1.01556449774,1.07418056187,0.0450693171015,16.1390999152,2.55617494048,5,57.6520606671,0.203357672977
balanced,1.20857136972,-0.940198406502,1.75646269728,1.99953994232,1.03411521085,0.98050470698,0.0453524378833,18.334369966,2.17878072016,6,57.4741092719,0.165399696917
balanced,1.25312456799,1.01585958076,2.00650507498,1.91627832832,0.979477570797,0.928610961535,0.0694728275109,16.228873162,2.3478020552,3,59.2257808758,0.293403825538
balanced,1.14805687349,-3.17334834884,2.05928739104,1.65665260527,1.00875808643,1.05066410423,0.0587889065093,17.4921682212,2.39220716404,4,59.029868732,0.257789881293
balanced,1.13322476191,-0.379355900856,2.03612622118,1.89491617,0.950260723601,1.08555761527,0.0587552110641,20.6562422102,2.41286936659,4,59.6656811205,0.26365962421
balanced,1.20640471102,1.43451135264,1.94046305965,1.72677303979,0.987802448286,1.04638026863,0.0676061774742,19.9519635936,2.29456607471,4,60.0662676458,0.284052589184
balanced,1.20247546779,3.21534825921,1.95157844366,1.8689855615,0.974463937324,0.940353402488,0.0689632018353,19.7130778068,2.40635105623,3,59.8072364981,0.296008548943
balanced,1.13531830986,-3.27154070105,1.77798793553,1.93627760484,1.02745813856,0.984533254406,0.0535014857231,19.6842749834,2.47916699347,5,57.4047620605,0.200642201278
balanced,1.1467376264,1.74983342105,2.01238656541,1.75376245032,1.00729721855,1.08237608186,0.0519956139731,20.2121457399,2.50008815036,4,59.0350836699,0.234328240405
balanced,1.18627509124,2.95212479983,1.80520880728,1.83449823034,0.950658584854,1.00146856777,0.0508781427362,18.0191000966,2.24731162194,5,60.8104060907,0.222244092834
balanced,1.14388566273,0.228934113355,1.8561933975,1.95982698769,0.97734764082,0.946211189654,0.0546524872122,18.0372117014,2.52853862697,5,58.8763947719,0.229656563788
balanced,1.19721943771,-1.71213435649,1.81585690227,1.98542742145,1.02224714442,0.956464407177,0.0665125544784,19.6658001225,2.23637594089,4,57.7341437307,0.238240460233
balanced,1.27506835536,-3.89903680702,2.09017378401,1.69748560934,1.04253512884,0.949083658027,0.0550312455152,16.9554673411,2.22052480227,5,58.0796619835,0.22975077746
balanced,1.16994608304,-3.98546145919,1.82587184998,1.72321064273,1.04887630961,1.02827819714,0.0561072183299,19.2043778034,2.20660226336,5,58.0178021977,0.2081015178
balanced,1.2559096488,2.20620902519,1.77451844099,1.88320348499,1.03883191782,1.07265350803,0.047390272935,20.7722790228,2.63886205486,5,58.0503469681,0.191160978514
balanced,1.14276019127,-0.294880379486,1.94053981591,1.78461861653,0.971009659599,0.90643653771,0.0453751941177,16.7273879528,2.52980670644,5,59.664611797,0.219102775366
balanced,1.27348926401,-3.29244294203,1.80283357296,1.88850054182,1.0421325821,1.02078554102,0.0456058864202,19.641443936,2.20508844638,6,57.5287461624,0.169747255523
balanced,1.26231598132,3.81983262944,1.80883165904,1.65894345112,1.00413574847,0.911165294368,0.0580095114282,18.7703600055,2.38533754242,4,60.4759541258,0.246583987103
balanced,1.24304863518,3.40213003025,1.86757983733,1.97478972696,0.999232541836,0.926085182861,0.0539315425046,16.2620897344,2.62593989642,5,58.6509483488,0.228884567006
balanced,1.21928907151,1.82848857095,1.96517682549,1.84603045641,1.02049483728,0.976502796451,0.0650792948412,16.3230417778,2.55949893931,4,58.4454625802,0.271908113648
balanced,1.27340974942,-1.27603896676,2.06143229477,1.90457081351,1.00323127715,1.09699139793,0.0598026023378,19.6310927397,2.47924285221,4,58.2109124463,0.252527590795
balanced,1.24213721433,2.38699010482,1.80344992826,1.84118174591,0.968256994868,1.0350344654,0.0553346907521,20.8261539604,2.41128609875,5,60.2374058764,0.233178847086
balanced,1.22035701197,-0.604597822824,1.88786009414,1.68919660107,0.993296752103,1.02995542425,0.0538338575077,17.4128795966,2.39816368677,5,59.8660615134,0.232605599687
balanced,1.23496323833,-1.76610284992,1.94049038747,1.84471601547,0.971748516235,1.03541544531,0.0635767833746,19.6951017685,2.54017766826,4,59.4089162626,0.270946834963
balanced,1.26764949773,-1.27430986295,2.00615540518,1.89429682414,1.03002363163,0.931607933875,0.0460137859887,17.8747488527,2.31124440054,5,57.6489086617,0.196617434312
balanced,1.13199135936,-3.908630104,1.88915719066,1.85258712582,1.01395988338,1.06066546627,0.0655859653204,18.6858853072,2.31968455746,4,58.0576035942,0.248951286176
balanced,1.22800017193,-0.987116933662,1.83620576318,1.79726276039,0.970730026936,0.916583384326,0.0625105152838,18.1713272721,2.24431357,4,60.0833899195,0.254183457685
balanced,1.24894992367,-1.33572550361,1.8861922478,1.75071755934,1.00906521529,0.938466693611,0.0631308037837,17.9746087047,2.37970387891,4,59.1367497377,0.256267752882
balanced,1.1967683826,-0.00086430021674,1.81974177566,1.85359024607,0.994864089381,0.901806366536,0.0655481753793,20.3959149554,2.15632442414,4,59.3043803568,0.251375721907
balanced,1.12325840054,0.744653836356,1.98644345772,1.90600277635,1.02173925011,0.978597529923,0.0552637521117,17.5678321054,2.44309358143,5,57.8269900966,0.230181598047
balanced,1.13993325275,3.64409040469,1.99101307125,1.99782469768,0.987066322085,0.944427603163,0.0681729127463,20.2817450517,2.64085427021,3,58.6303743318,0.294611360776
balanced,1.12117981796,-3.78098279726,1.87873571895,1.93587293758,1.0376681856,1.03641978749,0.0492270959519,20.0177606589,2.44127622399,5,56.8963774256,0.190918070946
balanced,1.19730421701,1.58823056707,2.07134430009,1.77542923039,0.959968227839,1.07681608004,0.0699392433575,17.5598054023,2.40340985989,3,60.3312197197,0.314460022016
balanced,1.1728846998,-1.20170754861,1.79430707757,1.8778960559,1.02820136571,0.951141512745,0.0533146102193,18.0913523078,2.33479292136,5,58.0036103796,0.203619645886
balanced,1.13477455458,-1.4958459392,1.77203957146,1.87137029914,1.00090825065,1.00801947557,0.0473135253788,16.5680366769,2.18444406197,5,58.7419224065,0.185064007087
balanced,1.14340260737,-0.497238775562,1.85459742074,1.72688552929,0.996433241221,0.990839758105,0.0458527630556,19.7565788532,2.64253337789,5,59.345268017,0.210678937448
balanced,1.14107074581,-2.99059157505,1.79737732661,1.72007114238,1.00246584458,0.912150285617,0.0509845408079,18.8958771266,2.20016569696,5,59.3093542901,0.206157668915
balanced,1.20311057247,2.46845977057,1.95492719522,1.71283018704,0.987703684148,0.922065202588,0.047447766697,18.0411135127,2.46730764951,5,60.0226992494,0.227445011679
balanced,1.23873878908,-0.290507738426,1.78805646104,1.8083269934,1.0482036815,0.994064713757,0.0545528967678,18.0379085283,2.59681930084,5,57.9334976234,0.212384225529
balanced,1.19144134339,2.68558057651,1.86765394577,1.86580277245,1.00547528299,0.911384205896,0.0599266282359,19.8807760408,2.19822866488,4,59.1168871662,0.238089751396
balanced,1.14485703654,3.32305291632,2.09361784923,1.8235822965,0.96034125716,0.939723910147,0.0622834876164,17.0461156596,2.60410756502,4,60.0098797202,0.297833550831
balanced,1.14849943343,-3.34636175039,1.95939993472,1.74398379719,1.01582916415,1.06842793136,0.0680477780273,17.1173352935,2.52880124496,4,58.4559659466,0.277971927664
balanced,1.22953554327,-1.83276803217,1.85066921816,1.94733441993,0.964260220995,0.952082853178,0.0628938447179,16.5933787109,2.52483139694,4,59.2533582968,0.258135661176
balanced,1.21868589492,1.76780160397,1.89464094171,1.82259923109,0.991220395275,1.08434422955,0.0564355733667,16.7917263856,2.49858608801,4,59.4119154744,0.239487088463
balanced,1.24357618419,-3.11674132135,1.99592432619,1.77244688737,0.998458971777,1.03377046978,0.0647212727011,20.4712301451,2.22563191132,4,59.0226208818,0.263146781178
balanced,1.18105885325,-3.06553616622,1.9213539803,1.76653791332,0.983442750149,0.904444048253,0.0627328130891,17.3083690559,2.43995447406,4,59.3484979641,0.265463939748
balanced,1.16950528604,0.204192715888,1.78756766743,1.83610976864,0.979262618085,0.90821635456,0.0579502033549,16.5498717715,2.35032179268,5,59.6871019248,0.235091330736
balanced,1.15613140817,-2.37241238832,1.80789115925,1.85732219874,1.02903298438,0.974116094725,0.0668346299732,17.3467736822,2.40149131847,4,57.9511148602,0.248056671035
balanced,1.21081369136,-2.83932991546,1.90158265291,1.91650778088,0.977274041637,1.064985721,0.0614350761482,18.1931215497,2.24535273949,4,58.9615968853,0.241364066205
balanced,1.24458608378,1.59115231329,1.93275175448,1.77917617933,0.960259469532,1.00989416573,0.0566118986683,20.5959707791,2.44099568333,4,60.4809850269,0.255598456155
balanced,1.21119511588,0.281433824628,2.0893758674,1.67932275648,1.03961374225,0.908528353877,0.065154577905,17.3187389901,2.3611079695,4,58.6054337304,0.280626880582
balanced,1.12876050324,-3.2355769521,2.09707564256,1.82602175078,0.961734353404,0.97213555528,0.0467596763237,19.1695348919,2.647590903,5,59.085556917,0.232288865905
balanced,1.25620921983,0.834034330889,2.06133299144,1.83177096387,1.04404444541,0.978004889029,0.0623694001534,16.3531742566,2.6184691363,4,57.6840950265,0.264933231905
balanced,1.23549993776,3.45999814011,2.00676853178,1.93607753189,1.04126115166,0.995497661125,0.0492937398895,17.6623343162,2.28537731412,5,57.6828744763,0.206191151129
balanced,1.25775231259,1.52453881052,2.03491234465,1.96595796773,1.01759010846,0.903016647716,0.067147373603,16.6511295155,2.34147099895,4,57.9981868901,0.273978323657
balanced,1.15967326706,0.325143484696,1.85349506969,1.82666921139,1.00179764247,1.08058897617,0.0633325533296,19.4099072369,2.57590502065,4,58.9269747764,0.257087234304
balanced,1.20509308282,-2.28773592891,1.79486915498,1.83921791829,1.04218869837,0.919987010895,0.0619922459704,20.7068269302,2.64646449092,4,57.6638092391,0.235836086887
balanced,1.23399782794,-2.36561413186,2.00257881504,1.84050645837,0.953318289935,1.06189260832,0.047697231259,18.5180293622,2.29354464307,5,59.825062889,0.219685127195
balanced,1.24276117236,3.56553351378,1.86978518054,1.89217696687,0.95667001853,1.07453635548,0.054274591369,19.9984132651,2.20517839434,5,60.4464989959,0.230960711932
balanced,1.18302146459,-2.93098077359,2.01574914501,1.83232923857,0.98811202783,0.974090198966,0.0520148267053,19.1348377054,2.57314939327,4,58.6238500692,0.233281191815
balanced,1.22587074408,2.0815968088,1.81037715035,1.73366938115,0.983024668473,1.09951255904,0.0662491788746,20.9049538646,2.28617354887,4,60.463518267,0.266557966991
balanced,1.17890933851,0.5736547615,1.83622048011,1.81097841405,1.03274854352,0.99080961373,0.0483137538967,18.9693133781,2.40996925477,5,58.2888509731,0.198130036813
balanced,1.19406962366,-0.236158828605,1.81857894194,1.84782391584,0.980067419418,1.03221009524,0.0583120128107,18.1564241434,2.41572813276,5,59.5045122848,0.236430825647
balanced,1.21464827798,-3.31976915415,1.87548472676,1.98167475261,1.01378946698,0.959034630724,0.0591208813037,16.5561335413,2.30333021132,5,57.6325578213,0.222315563067
balanced,1.12188532872,-1.59969907299,2.04132158903,1.98172970608,0.984092484171,0.973103014121,0.0664855740475,18.41930557,2.20578465061,4,58.3267900743,0.270065029688
balanced,1.27984694676,-3.23768308723,1.83708144479,1.77307437939,1.03443538832,0.92140564911,0.0577579086274,17.8174446624,2.31865949794,5,58.2812434244,0.221269338037
balanced,1.24079001364,2.31660329773,1.82139183054,1.76803325146,1.01045443284,1.00866901446,0.0610474948486,18.7730711354,2.22882144713,5,59.5838326283,0.239401797838
balanced,1.21555139659,1.45111550049,2.08706432879,1.72095577875,1.00088101819,0.952177492733,0.0589908433914,16.226154297,2.39375082259,4,59.4490879129,0.268822798563
balanced,1.12509149629,0.0132595494564,1.7801869231,1.88881872504,1.0100668668,0.992955282642,0.0492977074041,18.5745035305,2.3612783821,5,58.4643949964,0.196203637712
balanced,1.27374607618,-0.0908452228378,1.84365014057,1.71431777035,0.961907786948,0.916294789999,0.066093942702,17.2817137027,2.23808748112,4,60.9590779274,0.276563604934
balanced,1.24930905702,0.67630749868,1.89674284775,1.99309303895,1.04116607035,0.965207700792,0.0627756598843,20.8478430685,2.62985663315,4,57.1993138758,0.243895028502
balanced,1.26032785603,0.394445742318,2.09615189357,1.93615897651,1.03704496321,1.01615447105,0.0466326649511,18.0797421343,2.4159917965,5,57.2671423924,0.204475699528
balanced,1.18569009175,-0.732050113441,1.97161873696,1.95958571392,0.959756831108,0.981143801319,0.0625561200544,20.0834274917,2.18688112601,4,59.3820820508,0.258658537787
balanced,1.17295884064,2.0792195488,1.88840133132,1.87848373629,1.00862982995,1.0798770291,0.0657660375812,18.230789035,2.40086231887,4,58.7541921223,0.26140032328
balanced,1.25500690348,-3.03167934041,1.91798074752,1.77838948078,0.993883825814,1.07070760463,0.0651093564954,18.5074064928,2.51799244461,4,59.0931876428,0.267604296886
balanced,1.12503676392,3.83249026013,1.77737253774,1.82942366092,0.996857119882,1.04520402987,0.0562332091997,18.0346133256,2.2721231318,5,59.6344448099,0.224621445544
balanced,1.1833296927,2.34694630956,1.78893488888,1.88218063556,0.95658982838,1.04075684766,0.0474529451361,17.026389661,2.18903119927,5,60.3727120745,0.20310838857
balanced,1.2253046821,3.68084287909,1.9666084843,1.98124924238,0.950246612258,1.07177340183,0.0603312264696,19.6263377087,2.29852051148,4,60.0296945691,0.260919521725
balanced,1.2556037869,-1.04487453824,2.05207551897,1.94459823182,1.04216133937,1.09442148084,0.0523124952081,18.8712265806,2.64822254426,5,56.9088000727,0.218938283681
balanced,1.23076485775,-0.948241077593,1.90352575909,1.85192555639,0.983666412385,1.00846564958,0.0585427787748,20.9153971499,2.50251547015,4,59.1796057525,0.246214681709
balanced,1.1726814575,1.49145803971,1.98215934909,1.67538254804,1.0375424862,0.95743616171,0.0532943089444,16.9205273188,2.60471696785,4,58.7120386947,0.238500561355
balanced,1.25165421966,-0.560132516226,1.80691364481,1.73831052223,0.971146115646,1.05266381449,0.0610516821324,16.1965187207,2.32073788056,4,60.4633218477,0.249173753778
balanced,1.25780004586,3.14715915911,2.09533859074,1.90979425576,0.967901516163,0.968344582246,0.0499852476899,17.1659255556,2.3348257928,4,59.5909786712,0.236522985596
balanced,1.18984229005,-3.70799148074,1.78501423247,1.6578071482,0.976098370998,1.09371734798,0.0655359540805,16.7686722091,2.56288790043,4,60.2731677944,0.268714415906
balanced,1.20999548427,-1.10672458883,2.09212257412,1.67321122262,1.04968062793,1.02590947119,0.0617696049704,20.8671662103,2.26821097008,4,58.2632452757,0.257687424277
balanced,1.1543292579,1.30188977128,1.75527957083,1.78280309828,0.950967826416,1.08225756047,0.0505423699493,18.5166211901,2.32771482921,5,60.8714576143,0.217910111833
balanced,1.23944036171,-3.76313675606,2.03896451824,1.67135527256,1.04679128992,1.06164683859,0.0648818824811,18.953015162,2.21775051524,4,58.2144936005,0.257900731999
balanced,1.21524925894,2.12972793883,1.93560354225,1.78914251,1.03897456729,1.03045899108,0.0542997349564,18.6236233365,2.46114068691,5,58.3284544287,0.226024214992
balanced,1.16453921022,-1.3943817605,1.85747340522,1.87015764839,0.969861057707,1.09050671847,0.0597974647522,18.6913194467,2.55660638289,4,59.3701676029,0.248511881552
balanced,1.23534010092,-2.76590600677,2.03948034705,1.97059464862,0.95233573187,1.09482367443,0.0611552048121,17.3463265227,2.30950815546,4,59.2053609012,0.259685980484
balanced,1.12457734855,-3.31632434742,2.02731722352,1.98970230493,1.04961366198,1.01877432952,0.0545384528566,19.9787670378,2.16457094414,5,56.3834162861,0.205433110945
balanced,1.27761798863,-3.94294631643,1.93301875043,1.71853840728,1.04956705412,1.07198399027,0.0505903183222,17.5803660027,2.42261313008,5,57.8623795061,0.205388366304
balanced,1.19768958933,-3.54410822026,1.79870067738,1.84268515322,0.993789397604,0.928081401845,0.055014323045,16.4660172307,2.63850517069,5,58.6968550861,0.224840125874
balanced,1.16590589866,-3.95800462036,2.05864977949,1.92014263248,1.01932428121,1.02217065682,0.0570164784005,16.2555901582,2.62936280437,4,57.1713160161,0.239636511475
balanced,1.12856073699,3.09254646875,1.90376754374,1.88588485912,0.998766405151,1.02108881366,0.0633797713071,19.0921766083,2.50082790663,4,58.9339725854,0.263602612109
balanced,1.16987499643,-3.87672229237,2.0355466104,1.78739144226,0.969036766537,1.0921980283,0.0630418281978,20.719957959,2.41286810167,4,59.369224418,0.273106013623
balanced,1.12704652686,-1.06021207135,1.99023764726,1.81568861478,0.99838039607,1.01519196841,0.0563878354706,20.5089015917,2.62438094072,4,58.5960568145,0.248178974226
balanced,1.27795928475,-0.0395346580156,1.95117264688,1.84530801719,1.02159258809,1.00419083294,0.0628873297391,17.4833820044,2.60561182136,4,58.285055561,0.259927142734
balanced,1.21637764555,1.14212831699,2.0101496035,1.93824435366,0.969853032272,1.05438333974,0.0584850840814,16.8153165105,2.33375817426,4,59.2839306401,0.2519987971
balanced,1.22033025007,-0.454253574438,1.82551998357,1.86761054084,1.01132525864,1.00505502116,0.0590462293788,20.5251008231,2.6211475159,4,58.4763144307,0.235653403287
balanced,1.18320417629,-1.39892042144,1.91414630058,1.70177242133,0.971057325494,0.922884174545,0.0616498645228,20.1756975543,2.64372752591,4,60.135451763,0.277339951013
balanced,1.21517221778,0.132590079746,1.7614095561,1.66468464947,0.97953252215,1.02069367588,0.0667086166424,18.9569315416,2.21689130359,4,60.8480985096,0.26485980679
balanced,1.13468627524,2.7090239587,2.09216200692,1.76857086111,1.03724304576,0.955662501735,0.0512197232481,20.7733427778,2.21501167454,5,58.3248817213,0.225209814002
balanced,1.19505949871,-3.61890208663,1.89309943051,1.69622267774,1.03184536386,0.972147208055,0.056028749978,20.9123055929,2.42504698,5,58.4407596874,0.227077922472
balanced,1.25128404273,-2.09497861442,2.07042036678,1.92244321067,0.974939892915,0.971663915928,0.0471918495085,18.7516901597,2.33276834846,5,58.7568735525,0.216426651682
balanced,1.2683454123,3.59376126704,2.04372559865,1.84485812742,0.990123203131,0.965735245561,0.0693101541622,17.9859649714,2.27040027056,3,59.5878591329,0.29689192408
balanced,1.22534363246,-3.71976961218,1.99476616814,1.85768669867,1.03269777268,1.01580478642,0.0683433431286,20.3305425661,2.48089727972,4,57.480868289,0.269636112112
balanced,1.23015004402,2.60723135675,1.97395842219,1.65523606212,0.96597911415,1.03149912084,0.0578318818347,19.894925181,2.37705134337,4,61.0866877134,0.268767806329
balanced,1.13887739887,-0.635715079457,1.78248127705,1.87562565216,1.04573379401,1.0008538715,0.0655885656375,19.4962627847,2.62464943455,4,57.5311665794,0.244477644084
balanced,1.25739878542,-0.456734741411,1.906671705,1.76574345542,1.00756284531,0.9826803656,0.0516663538277,19.5952755025,2.55357763564,5,59.0119246095,0.224872502375
balanced,1.27435050398,1.96430664896,1.75971797397,1.68088221453,0.985917858834,0.914955193387,0.0624088302954,17.9922899795,2.5387669282,4,60.6727844964,0.262982547837
balanced,1.24355931894,-3.55324537962,2.03768092178,1.95023520854,0.997167354233,1.02396611342,0.0600385496224,16.1774042232,2.28054013326,4,58.0048249886,0.242212132013
balanced,1.15422908449,-1.23121131583,2.06955266433,1.65250453481,1.02034636747,0.985219073897,0.0504368368568,20.7489818106,2.21291931578,5,59.0231587464,0.225838530529
balanced,1.26892971475,-3.04220456676,2.07399567323,1.99633816308,0.974792905325,1.07029023408,0.0461150685859,16.0518033226,2.46489740833,5,58.2550421574,0.210253618467
balanced,1.15482255299,-2.18321970835,1.84769921225,1.81572444862,1.03784709458,1.04383663967,0.0477962648184,17.66630748,2.49558038837,5,57.7230868279,0.193367861275
balanced,1.19726995535,1.48164036057,1.93776290388,1.93729069815,0.970247223949,1.07637598726,0.0474930874703,20.9531959088,2.16779112811,5,59.4252283216,0.206141713621
balanced,1.26697983285,-1.11384855097,2.00291634295,1.79317494615,1.04186762579,0.970828310376,0.045057970183,18.8690825042,2.22721967197,5,57.9254708029,0.19248770741
balanced,1.18081052651,-3.10253235043,1.78421323961,1.93071553858,0.964012190201,1.05701356883,0.055751476177,18.4101523319,2.35792269164,5,59.277860529,0.220180378437
balanced,1.12927325663,-2.02086911043,1.95727770341,1.95925128769,1.01086068121,0.915923580732,0.0666688426575,20.108166147,2.55719307295,4,57.6095729913,0.26928816526
balanced,1.1976371694,-0.217797091848,1.93297735639,1.70854265554,1.01836017187,0.947781158885,0.0455677624689,20.5217835505,2.48499510676,5,58.940609975,0.208562838869
balanced,1.23988868786,3.11599758468,2.05454672229,1.81092877397,1.01615424419,0.918543441318,0.057044076827,19.9766182699,2.63070834498,4,58.7012282542,0.260183550514
balanced,1.2442467891,2.7282963803,1.99379491615,1.95107206819,0.955214026674,0.997223317741,0.0542572443034,17.711521945,2.21557386785,4,59.9246980622,0.238941354125
balanced,1.19020553771,-1.02598943575,1.85979218688,1.84723422174,1.01889120464,0.93455673541,0.0531488092406,20.7693327416,2.25898602603,5,58.3751763177,0.210773778061
balanced,1.2697053675,-3.96643515593,1.79780652568,1.91149171265,1.01080101893,1.07249204919,0.0593045717876,16.0023561587,2.17041747973,5,58.2522840535,0.212856595462
balanced,1.20656511142,2.43120519001,2.04090447166,1.94226347084,0.956061871889,0.956481451863,0.0683769732262,20.9963406643,2.39212979351,3,59.7620085555,0.301609021262
balanced,1.17905692601,2.04111613874,1.99848557523,1.85297478703,1.03938785458,1.05161287332,0.0652594440359,17.9208717839,2.52145937685,4,57.8657235699,0.26715248265
balanced,1.25739498626,-3.3898756562,2.07117646038,1.69915259883,1.03609875638,1.05380650484,0.0634940326637,20.9801192208,2.35041286083,4,58.2572767033,0.262548402459
balanced,1.14793350929,2.20561251658,1.95588077788,1.98385948539,1.01582985227,0.950763777926,0.0459314639625,18.6008064515,2.20457826425,5,57.9407134285,0.193660445857
balanced,1.27492317378,3.60604536762,1.85646706237,1.82571288757,0.971018428531,1.09874327368,0.0470156511118,17.5249001713,2.22316387233,5,60.3916202957,0.207533147227
balanced,1.19918731396,-1.41964191135,2.07315574714,1.71804207759,0.966728621119,0.908064218257,0.0498110340168,20.9040517841,2.18784316743,5,60.1349472556,0.235227716475
balanced,1.20295827038,0.418454416541,1.77021769573,1.80404025218,0.983575646456,1.0822298552,0.0494692400222,20.0931944257,2.3018319572,5,59.8076180135,0.203774689986
balanced,1.14752947672,-3.92775152747,1.88332377395,1.79480243534,1.01218127072,0.913402140528,0.0461068271612,18.4249374869,2.53645496639,5,58.1957864665,0.200276487883
balanced,1.14071181515,3.24612156145,1.92904557605,1.72812951094,0.953725834452,0.95561590264,0.0477106732087,20.3841589437,2.25365322432,5,61.0319361594,0.229241666586
balanced,1.12516140237,3.83488425021,2.0236081313,1.93205674833,1.0499181942,1.04489461076,0.0630377384532,17.0840667858,2.33531683234,4,57.3940721645,0.251252252059
balanced,1.2643907516,1.68139519354,1.92220953314,1.88385625983,0.951829189023,1.09225756837,0.0613891769557,16.2510934228,2.16526615227,4,60.4317860304,0.256147339568
balanced,1.23035398663,-0.173215625388,1.98244139635,1.89231343606,0.978459778756,0.981072476691,0.0514028372474,18.0205348223,2.42396161654,5,59.0884550342,0.228271118976
balanced,1.23561859067,-2.05846286639,1.9675242856,1.75290693751,0.988954536653,0.962309543831,0.0523201898343,16.0486260344,2.61824295931,4,59.2446972287,0.237286518809
balanced,1.14367148183,-1.05348248521,1.78036548866,1.92010430621,0.996714405188,1.03672917202,0.0461075806701,19.768251038,2.21821160197,5,58.6368556077,0.181981735886
balanced,1.20631515169,1.28923828511,1.80301404572,1.99549795853,0.961272843494,1.07830161546,0.0532875119633,17.0433067641,2.41063317402,5,59.5100814871,0.219302886816
balanced,1.26577916924,-1.13533746782,1.89792629471,1.78541646652,1.04221978961,0.92932378982,0.0500606477031,20.8260117746,2.2798641663,5,58.1114540175,0.202280100747
balanced,1.17574037929,-1.71209027034,1.93011383422,1.73801296087,0.964392526742,1.03573930445,0.0664415685295,18.5826721642,2.6170498101,4,60.0857793054,0.291520386957
balanced,1.13043713626,0.211179695782,1.91734284292,1.66842325781,1.03629625573,0.947172904509,0.0459024350537,19.6520531369,2.51711480203,5,58.6719479334,0.207747340979
balanced,1.2537287742,0.959828061651,2.05431035981,1.8739192302,1.0215129861,0.959515202502,0.052172890724,19.7213528044,2.45519318243,5,58.0857976949,0.22810020181
balanced,1.1359667362,3.52627784298,2.07546913012,1.90601080746,1.04234512319,0.977208193551,0.0490342683125,17.1489470321,2.55438470216,5,57.4145412567,0.219511646392
balanced,1.16566858073,-3.77567107218,1.80385016404,1.66268170336,0.993863348432,1.05847113496,0.0492502489913,18.8863454179,2.64835942334,5,59.5479821782,0.214958048762
balanced,1.17437996916,-0.0586879886821,2.0315867757,1.88780380507,0.99640279186,0.954551368634,0.0646285562384,19.5545833321,2.30904194387,4,58.627495996,0.270416013075
balanced,1.25915723243,-1.0277350167,1.85602535297,1.69242320933,0.990010830674,0.968113167041,0.0671743720355,19.2254372961,2.52093239986,4,60.0116020419,0.281392934465
balanced,1.18938085959,1.58480404404,1.81567300644,1.79437135935,0.972071401613,1.09018818058,0.0578888544497,17.6794394459,2.53324783663,4,60.133906486,0.245016564128
balanced,1.14424383318,1.88049558822,1.9980962394,1.78376993186,1.02290406696,1.04822698237,0.0666182704561,19.37103012,2.36150916612,4,58.6625164825,0.275321560171
balanced,1.15437266032,-2.97846699043,1.9282287691,1.69136014309,1.00478853974,0.916392049584,0.0617104270567,16.7309495574,2.21454752121,4,59.2790674567,0.252601767088
balanced,1.13068268003,3.71825276583,2.09888351293,1.75030910359,0.981975854988,0.991174381413,0.0574058343843,17.2295497115,2.50470189799,4,59.8348876663,0.27472720268
balanced,1.25535639723,-3.34356091197,2.00489194974,1.85847243273,0.980832386122,1.08026339561,0.0542289908943,20.9299111192,2.42286456991,5,58.8560996067,0.232662936573
balanced,1.27814955713,0.482523867615,2.06208824801,1.72080611285,0.979600187217,0.949409368927,0.052502530569,17.7444450853,2.17166767652,4,60.1363642506,0.240026816372
balanced,1.12387813168,-0.0803010659295,2.05634509158,1.70689117387,0.962478858939,0.957754432455,0.0660910794585,19.2289799413,2.20979561978,4,60.4563880174,0.295301641859
balanced,1.26768106877,1.68471378308,1.96813385127,1.81143332579,0.999082180572,0.92814063505,0.0578559352817,17.7035118032,2.23368755339,4,59.3722183781,0.244316021022
balanced,1.27632365867,-0.188032702287,2.01451284616,1.80391313314,0.979434612874,1.0265213918,0.0698086235014,20.6912025174,2.17071088742,3,59.7817272244,0.289745759175
balanced,1.22515366767,1.47026700281,1.96197232609,1.98998095483,0.985583597685,0.968004953986,0.0500202455287,18.7928055093,2.41894122903,5,58.6393270425,0.218631884342
balanced,1.127666825,-0.979322841965,1.9621522398,1.71846006174,1.03412159196,0.983623630191,0.0566294603107,17.0277789677,2.34943232668,4,58.3924045771,0.233963083741
balanced,1.25599908629,1.3967130843,2.05007807961,1.76274080956,0.971497286909,0.936655183152,0.0578834112262,19.4403936957,2.2063627055,4,60.2241139266,0.261371073234
balanced,1.13075008084,-0.464428598874,2.07965525005,1.7550108736,0.977183017554,1.09175654847,0.0547873608725,19.8936346796,2.22655908097,4,59.6396619963,0.245833301466
balanced,1.25153590836,0.807971106937,2.04120864185,1.79060440076,0.982362973104,0.949517681786,0.0468865295816,17.7992037282,2.63894415257,5,59.4167080728,0.230551086187
balanced,1.22891274482,1.18568472322,1.95446795666,1.70637111705,1.03830450073,0.990116321385,0.0556875206989,16.1859631968,2.3598878353,5,58.7484168941,0.23299858641
balanced,1.19087027241,3.251795653,1.86993095647,1.79758479904,0.973241633179,0.99943695839,0.0510945589284,19.3390932302,2.57692410894,5,60.1233733456,0.233313425666
balanced,1.21684895623,-1.54157562028,1.83055283568,1.74746706006,0.992314851092,1.07323657005,0.0467615587804,20.4222561182,2.43594065017,5,59.4814734898,0.202684267869
balanced,1.14621413037,-1.91323145879,1.89020242688,1.9293247994,1.03353616413,1.05743807665,0.068513310936,20.4038531981,2.18531551275,4,57.526956488,0.24783198209
balanced,1.22125526252,-3.64909805992,1.85040391527,1.88236537873,0.97039842306,0.901388525533,0.0473920945127,17.5329039751,2.15849145578,5,59.2911077764,0.197826830512
balanced,1.15638873169,-1.71616335086,1.79085439479,1.81448352107,1.0360509553,1.05624376122,0.0638206789148,17.0645127297,2.61728721484,4,57.9630871356,0.241749617281
balanced,1.25685290799,-3.45755943379,1.79136606729,1.81934267115,1.04817119584,0.917139412618,0.0600055127877,16.3815813343,2.27757515199,5,57.7518367195,0.216962270132
balanced,1.15791705291,1.83926142377,1.76926615057,1.69227510335,1.00619614992,0.937814707692,0.0566269344318,18.0672014891,2.37993690246,5,59.9119650618,0.232590315931
balanced,1.25451248202,3.94213281992,1.94048829637,1.89895799378,1.03690007668,0.961710893201,0.0498910110321,20.2187910192,2.19053440132,5,58.2100547437,0.204347375988
balanced,1.21916077962,-2.67419173961,1.9328954207,1.97891821395,1.02570663163,0.990480817945,0.0662829133795,16.1099379912,2.26948569833,4,57.3905350749,0.247088689324
balanced,1.18517899458,-1.31226812596,1.77124975918,1.95100158784,1.01764896854,0.926789443778,0.0547678487399,16.1256557512,2.42516280207,5,57.93091905,0.208057210063
balanced,1.16567965044,-1.87668335252,1.86754469834,1.70017193065,1.01967005019,1.03593685884,0.0542195439838,17.4685237515,2.62216473654,5,58.8071362385,0.228669733274
balanced,1.18840255556,0.199625511911,2.0626954568,1.77528587856,1.01898625484,0.983811810372,0.0496017693421,16.7538645901,2.44086252479,5,58.4521463944,0.224885007964
balanced,1.15931317349,1.66256285993,1.90947996013,1.95914397751,0.965207418828,1.06612015526,0.055409844983,19.9732402857,2.30009513194,5,59.4408601085,0.232604499291
balanced,1.16668415677,2.86619772606,2.09464048571,1.89954736986,0.968757940838,1.06111941385,0.0626900238669,20.7367257384,2.2540506579,4,59.5688668315,0.276628812946
balanced,1.25263822078,0.575442341548,1.89636230363,1.91511456699,1.01159994851,0.981155605907,0.048421367552,16.0726472705,2.45889247187,5,58.3034608227,0.204877659853
balanced,1.2618569084,0.0248221261325,1.82096273873,1.95966483383,1.03284118438,1.01855567919,0.068646874904,18.6816651055,2.38537363016,4,57.7881562581,0.250922788171
balanced,1.23644267341,2.01483996692,2.00628318796,1.98469668237,0.953214730988,0.917129287355,0.0499615403404,16.974505177,2.53755219875,4,59.5141038622,0.23587194826
balanced,1.26575376278,-0.37769611331,2.01154946483,1.92471840476,0.999443204295,1.02424690689,0.056093136117,20.1975345383,2.3848291019,4,58.405910299,0.235198981284
balanced,1.15345926794,3.36753743744,2.00590677367,1.87049556273,1.02426542137,0.914077482825,0.0503138798811,20.5607305928,2.56764949524,5,58.1517603212,0.226109312336
balanced,1.15242694444,-2.4397108604,2.00381701151,1.73349521691,0.976726927937,1.0290775888,0.0555452978661,20.8501021034,2.44388356952,4,59.5689033253,0.249526742936
balanced,1.2009824896,0.237291063725,2.08254118537,1.87068844125,1.03574800566,0.926134672004,0.0651263403179,20.4196712322,2.27161690135,4,57.7219267667,0.26580809449
balanced,1.26055859114,-1.81760645874,1.76504101997,1.80088121062,0.965479021924,1.03072733025,0.0592436712996,17.7622435086,2.36645966332,5,60.1938363886,0.23728964754
balanced,1.27277117466,0.507771163914,1.82440464298,1.75077839028,1.00130522916,1.08772430134,0.0662369818517,20.5577910115,2.52032347502,4,59.6219610019,0.266980652765
balanced,1.25578150601,2.66924245815,2.04823760613,1.73024828408,0.959316510456,1.04879648489,0.0677155791452,16.4684535174,2.44851402195,3,60.7996646557,0.309948276569
balanced,1.19874816839,-0.518918796288,1.85959258919,1.82382500722,1.01645984153,0.954942573149,0.0486511235253,16.3583159024,2.36679647089,5,58.5351152612,0.202528902481
balanced,1.21769918307,-0.225349368526,2.02925591068,1.87596494778,1.03100814724,0.951780436355,0.0585606804616,16.8229303501,2.61977899268,4,57.637043578,0.248951625921
balanced,1.23778587312,-2.43766067226,1.95408393579,1.92572236921,1.03565201319,1.09726383093,0.0629170423533,19.1620627915,2.25279099983,4,57.3953492987,0.233854093959
balanced,1.24101123898,-1.08452511713,2.03269984211,1.7327149961,0.995172692229,1.00814080981,0.0642304388935,19.0940055519,2.58657433095,4,59.2940671089,0.284386278323
balanced,1.15396625997,3.10449163274,2.09839661003,1.87025179273,0.980142933787,1.09841744384,0.0590108783191,17.7626790108,2.26659662998,4,59.3712453437,0.261818900699
balanced,1.12725836337,2.77255272196,1.93175952562,1.78671293526,1.01072936329,1.07788434983,0.0491540923686,19.449202554,2.41179051732,5,59.0013718171,0.216452029474
balanced,1.27029505368,-2.61933852953,2.012630081,1.95435845604,1.0428940455,1.02894986344,0.0479649287893,17.0647333254,2.21920525204,5,56.9510182452,0.190100920253
balanced,1.2445869746,3.40930130149,2.07066856726,1.95196949136,1.00738638564,1.01667761896,0.065852414831,17.4468332657,2.23998166504,4,58.5186863919,0.272521072827
balanced,1.12198902279,0.437380515969,1.78011138266,1.93880003618,0.958510695352,0.925696289922,0.0478775214819,19.6590877615,2.35456891491,5,59.664901751,0.205371317135
balanced,1.20641279629,-1.34319146945,1.8740013983,1.92890255831,1.02478514408,0.912162171069,0.0492087899874,16.4465627828,2.19107038655,5,57.809985542,0.192627056927
balanced,1.16260680646,3.15676260805,1.75581450602,1.70057566226,1.01267174304,0.948509264489,0.0588387053667,16.3201551699,2.59829205439,4,59.773228787,0.243930987055
balanced,1.13886448545,1.44502785799,2.01339738394,1.87086404404,1.00064095139,0.936048852183,0.0588965547609,19.532727258,2.4126916392,4,58.6473290334,0.254720426162
balanced,1.22767303831,0.197819692069,1.80800656013,1.75010941003,0.965003321487,0.94239729449,0.0625826033243,20.9867323502,2.20234516176,4,60.6989636488,0.255756718311
balanced,1.2115120987,-2.71142744929,1.87371865064,1.98010837557,0.961665612125,1.07107307193,0.064596775618,16.0048888389,2.26168068141,4,59.1674016378,0.25211713101
balanced,1.19811678154,-3.11215193452,1.96711590313,1.77681049984,0.994962012757,0.946298518021,0.0503773822035,19.2246389027,2.4189251765,5,58.8714374467,0.222092456379
balanced,1.27257946823,1.82715020906,1.85817370026,1.76048436577,0.973930115837,1.07419286751,0.0697888443572,18.9274510242,2.36022791257,4,60.5060247305,0.287953312651
balanced,1.12890492546,2.24480770987,1.89537181906,1.75339426549,0.962462468419,0.953731308366,0.0690752365642,16.5640898245,2.62206951367,3,60.4949068359,0.30735949148
balanced,1.25725809802,0.262167282626,2.09676164098,1.79845995231,0.956661626559,1.02727263726,0.0478536994544,16.5036069109,2.40504570385,5,60.0833888763,0.23547561321
balanced,1.1993536626,1.06033491724,1.95031564048,1.84502664197,1.03891698085,1.08279672936,0.0660494930534,19.5702142847,2.64738375541,4,57.8512328295,0.267494540643
balanced,1.1718068207,1.12552524528,1.9642752736,1.95700937277,0.976496143051,1.0330010328,0.0617460927941,16.5846788853,2.16306288948,4,59.1362051442,0.250710109589
balanced,1.22473498253,-0.0805892954376,2.03610279399,1.79958849137,1.00651699428,0.930036122723,0.0567286169005,16.0478826394,2.30365939795,4,58.8289686875,0.244812297897
balanced,1.1616122862,0.615795728258,1.93363232729,1.82329315043,1.01231500496,1.01388494635,0.0494537807217,19.7984770562,2.19788937202,5,58.7047233552,0.207210501957
balanced,1.24406944317,-2.00714337414,1.82836850918,1.73000640813,0.969122716864,0.992937808573,0.0635401162262,19.4909716275,2.42105206319,4,60.3151706806,0.264219580561
balanced,1.17820709133,-3.27133675938,1.97176153989,1.65969136967,0.955933793585,1.01920104592,0.0460438795752,20.5933761918,2.55880743367,5,60.445140101,0.228591088848
balanced,1.27225498434,-0.645306073026,1.78615506114,1.87691884875,1.02525064235,0.987844377689,0.0692787144299,17.3443078289,2.50229686192,4,58.3141179912,0.259691455018
balanced,1.20532721135,-0.109064287449,1.91096656119,1.82267120416,0.994159566199,1.08055533348,0.0610925506947,17.8233104005,2.50480692645,4,59.1014189963,0.254145907564
balanced,1.15551426595,-2.02849477294,1.80419464266,1.8398764917,1.03824595635,0.952392893256,0.0498007491162,16.6825167323,2.47093840214,5,57.70765731,0.195964081353
balanced,1.12734429491,1.44144961618,2.05763442652,1.84055781216,0.988593609565,0.907798082752,0.0667507208147,18.1597897968,2.1572528574,4,59.237524825,0.283315201156
balanced,1.24986514059,-2.45697917759,1.99973481424,1.86692911171,0.996940382187,0.962991137644,0.0688125425105,17.2152978535,2.36169856861,3,58.5997765752,0.281117695685
balanced,1.26134632538,3.94306893663,2.05947625221,1.97284376501,1.04411243681,0.93413136705,0.057569456433,20.7803915877,2.36773752882,4,57.4664279015,0.23799778325
balanced,1.2562285776,0.84410467586,1.91633617535,1.67649816236,0.995016994721,1.0231459007,0.0681836381171,19.3399801216,2.47255740452,4,60.1081710217,0.290452704469
balanced,1.22910979436,-1.13874737105,2.00759044089,1.86959381835,1.0271984612,1.03191098091,0.0510278456302,20.434241472,2.21280843687,5,57.8850913859,0.208723574869
balanced,1.20903739025,3.16680638721,1.75914053995,1.89264751928,0.992104741765,0.93486339462,0.056450772005,17.6165439092,2.28179655803,5,59.5281614056,0.223354801253
balanced,1.19302662676,-2.99510130752,1.98033470416,1.80928530994,1.02145535236,0.981717532961,0.0580692939136,20.1947946899,2.56128345985,4,57.9661038671,0.242425102444
balanced,1.20598013901,-0.969674421974,1.81501268556,1.8920236316,1.02569988897,0.931936578823,0.0644454410995,20.5545745534,2.6359399572,4,57.9510488094,0.249922969914
balanced,1.24627806144,-1.59610448931,1.91323987939,1.9990990329,0.980658163511,0.973698500344,0.0539965113143,20.7526064441,2.16001737923,5,58.6715147713,0.215569443562
balanced,1.23198207703,-0.180869709284,1.77463376148,1.83406502268,1.00296805607,0.911808048022,0.0694859195985,18.3387118423,2.19226885815,4,59.2969927667,0.260052247837
balanced,1.24299737268,2.90155709816,2.0032910172,1.93072973444,0.957453088597,0.903934357251,0.0580928683092,17.3618991532,2.57131841628,4,59.7855727615,0.268850962856
balanced,1.15010713723,-1.6481751934,1.8447978455,1.7174916456,0.972042979374,0.997660899688,0.0613567885622,20.2602324683,2.62587273713,4,60.0585572375,0.265371150258
balanced,1.25842771521,0.00800869449234,2.02802972718,1.80919252269,1.0072573375,0.940059714127,0.0615364812391,18.4988446361,2.33891669905,4,58.8385081741,0.261466097571
balanced,1.16296177625,2.38200802201,1.87425602928,1.8921117024,1.04653944124,0.924971653055,0.0465236432503,20.9542157909,2.52114009007,5,57.5871076193,0.195370768883
balanced,1.21947040194,-0.335652700734,1.92338701821,1.77729595296,0.961865432433,1.08634219365,0.0488248009997,19.8724987909,2.16669820076,5,60.3177397199,0.216415294795
balanced,1.13288929811,-2.53664007116,1.85294525532,1.96609957519,1.01941761869,0.961270220757,0.0503173190789,20.8767161579,2.58750976855,5,57.3521699539,0.202408192914
balanced,1.26744808674,-1.51297919681,1.75131017728,1.77282960389,1.02605167774,0.987319480659,0.0591655037505,16.7631391412,2.36989979685,5,58.7930206223,0.222719359687
balanced,1.2798836021,2.45823972488,1.9209634386,1.67065789537,0.994473585376,1.07401932052,0.0665068613998,17.5315823784,2.43264611848,4,60.3758254898,0.28527552007
balanced,1.16580422776,1.97703365018,1.75709186111,1.81949111012,0.984940601251,0.994181404258,0.0450914846995,19.6837654629,2.31020673313,5,59.8018269555,0.192849231554
balanced,1.22719547479,-3.74555974601,1.95273334553,1.70267830757,1.04254537225,0.972450022928,0.0657533500061,16.918270017,2.25959074205,4,58.2303515086,0.256402293703
balanced,1.19888022913,-3.05525837184,2.02423321319,1.66012195604,1.00696187371,0.912350208893,0.0493647021282,18.1727533386,2.57266737977,5,59.0479673014,0.231391603388
balanced,1.22593820805,1.81688908626,1.94215793808,1.69773385999,0.972190454076,0.944820581705,0.0525628260791,19.1288162828,2.44294304444,4,60.5561031282,0.245573840405
balanced,1.26913003615,-1.509519473,2.00331069152,1.65184304786,1.02677680711,0.967372806381,0.0615968397097,19.1292155172,2.52007295055,4,58.9901163677,0.266516015903
balanced,1.14894126688,1.70957243497,1.89899784124,1.98492756206,0.999575624297,0.976928882865,0.0605297496126,19.0266137639,2.56124380549,4,58.2861153756,0.248269733263
balanced,1.25591589091,-0.260037910295,1.95569938427,1.87654256014,1.01316572668,0.927861108622,0.0518928802546,17.8019420803,2.26742567283,5,58.4007059166,0.215816695138
balanced,1.16320425293,3.28355785171,1.85117555877,1.80119383882,1.02370672951,1.04562303844,0.0685383152431,19.4594680212,2.46753353856,4,58.9154206381,0.272704824007
balanced,1.12222695596,0.842634735728,1.77905408198,1.82980965745,0.958104748288,1.04271293405,0.0695437071956,20.5560620255,2.17127838538,4,60.4951151735,0.272613901624
balanced,1.27340903531,0.652559261976,1.76268568133,1.81544563046,1.01116307448,0.998510924787,0.0583409734706,16.5448444768,2.43625186455,5,59.1427320769,0.227434969227
balanced,1.16301005433,0.208381415927,2.02030091172,1.93654580196,1.01402668594,1.03858156647,0.0467167066412,17.0707943068,2.53943213853,5,57.7265453169,0.208031992712
balanced,1.20525641943,2.46177583679,1.99208920951,1.94769939339,0.960480280098,1.01127856805,0.0487385717351,16.0170880135,2.19962620011,5,59.6803870764,0.219909727635
balanced,1.14460218784,0.132005597991,2.02548591733,1.95156628612,0.974837067873,1.09699569956,0.0493569021068,19.0663701627,2.57421443967,5,58.6585970122,0.2255234081
balanced,1.21101238622,2.16395291821,2.03980859444,1.78298605017,0.980608021708,0.940122206044,0.0547045916243,16.9782858385,2.4700977479,4,59.7286406775,0.255845449336
balanced,1.23527261514,2.05222714602,1.76810509561,1.94527965628,1.03209920796,0.924371376172,0.0581980075702,18.9200156805,2.45877325924,5,58.0492423952,0.220113728539
balanced,1.13315907256,1.24254380107,2.08851616682,1.8936486242,0.983597356234,0.983988234274,0.052309012348,17.8173573476,2.17933524122,5,58.9546951896,0.232006103429
balanced,1.14662680446,-2.29787034316,1.7834172009,1.96733741369,1.01066698155,1.07277100918,0.0592350558559,16.1345703716,2.18487400764,5,58.0126528208,0.211982237785
balanced,1.2124253182,-1.8693382996,2.0527432417,1.70212708342,0.962849142453,1.0726885909,0.0501121873894,17.0280977135,2.17815807146,5,60.3346543939,0.232115602735
balanced,1.18276053569,-2.83340072729,1.87979480807,1.72769537593,0.950648093821,1.01614754517,0.05014096668,18.3714710018,2.46468038144,5,60.4763893523,0.229606955075
balanced,1.27566365222,-2.79866257857,1.82330611374,1.81690826118,0.978628702406,1.00936228696,0.0565658053747,16.2326237355,2.41799955477,5,59.5165843501,0.230334776787
balanced,1.15621544367,-1.578827,1.82565771435,1.90632779049,1.03893111068,1.01405703601,0.0530095545261,18.4711385387,2.56131638468,5,57.3520935769,0.205518490033
balanced,1.19799613189,-1.75281940731,1.80231283145,1.78142661275,0.9716534539,0.937909534729,0.0580047342751,18.2041571189,2.41686375163,5,59.9414144231,0.239807919093
balanced,1.25838126428,1.80778247596,2.09168869054,1.71112043392,0.969131752205,0.932940137571,0.0627562582998,19.0199580982,2.38673821163,4,60.487212031,0.29360094969
balanced,1.27966772914,-1.53724280659,1.88024885232,1.91661881187,1.01531853852,1.02160254892,0.0639379664786,19.7716280531,2.29447892689,4,58.2166387838,0.241534698506
balanced,1.13731669723,-1.91572450234,1.78331687992,1.92926736312,0.958170054937,0.982795589198,0.0583765406314,17.3367710802,2.45253171073,5,59.4852763108,0.235624780844
balanced,1.16439253348,-1.5838788375,2.05718344574,1.73482297008,0.993814519832,0.942556382125,0.0465835786042,16.1264395879,2.57196487889,5,59.0190425249,0.226113775139
balanced,1.25332517602,2.86719639225,1.91713824045,1.67156780253,1.04321130337,0.99458708459,0.058485463961,18.5058285489,2.176149193,5,59.2340334034,0.23592165445
balanced,1.13422081002,0.359486127756,1.99612362353,1.73955941713,0.981714615874,1.03033633602,0.048357002761,19.7786293474,2.50308213464,5,59.6217499811,0.229167007301
balanced,1.1825709094,-0.465567219888,1.97201189366,1.65108519192,0.982261266082,0.966770072797,0.0585765657431,20.0578451102,2.28801709007,4,60.3086531043,0.260289416166
balanced,1.13836509296,3.00125988545,1.75279255448,1.86102605372,1.0457075702,0.910540751952,0.0630371901464,20.1343738601,2.62209246765,4,58.04959041,0.241123688409
balanced,1.15821949272,-1.28694478497,1.77440261828,1.92721875535,1.0090207446,0.945803262263,0.047736961112,17.0980628244,2.43785342268,5,58.1712526668,0.190732741332
balanced,1.1589469904,-0.969736350007,1.86473161968,1.68679601267,1.04553128776,1.01381000618,0.0639730554255,16.6243001503,2.29987970185,4,58.5572232493,0.246890241021
balanced,1.12903468228,0.648884886235,1.7945575335,1.79925868235,0.980823264101,0.989593680364,0.0601272084977,20.8089441442,2.51364064438,4,59.7343582645,0.248600498975
balanced,1.25163427326,1.73788859619,2.0002491201,1.70160808322,1.02073606509,0.978448437009,0.056701269772,20.7605960526,2.40830674693,4,59.2276109256,0.248578856881
balanced,1.22625832431,0.679358914289,2.00495929859,1.96173536703,1.03240826124,0.969770650579,0.0591247621766,17.2895834567,2.19716709912,5,57.580229855,0.23041913223
balanced,1.14167282224,-2.67396274857,1.89302423353,1.89114669364,0.995887822877,0.967388808484,0.0656007603664,18.4780164504,2.16239643111,4,58.5872384351,0.251030299796
balanced,1.24505960481,0.228124548424,1.77637574311,1.94467507023,1.02805241001,1.08016024076,0.0595181724825,20.9739408364,2.44687255879,5,57.9617387907,0.219531041408
balanced,1.23320532073,-0.0471730740478,1.98872803973,1.80996914687,1.0314834592,1.01685999748,0.0456478762187,16.9018615046,2.64815387872,5,57.9648787469,0.206899180513
balanced,1.188038578,-2.18783023401,1.90584309113,1.66560202156,0.975940445382,0.955707451368,0.0458426446877,20.1976201094,2.56162154319,5,60.0861694623,0.22002322852
balanced,1.27743927799,2.1099030624,1.93792936362,1.71352640438,0.956376524103,1.05769693356,0.0535717365185,19.2622366401,2.44044250675,4,61.029844136,0.249917189768
balanced,1.23152690677,-3.61748099006,2.06819653395,1.6509334245,1.04520974898,1.08313259642,0.0571700751473,19.9236213693,2.64764175711,4,58.0583208802,0.248899807826
balanced,1.17056945752,0.983081417495,1.81159955633,1.86954104373,0.988087123764,0.969388486588,0.0532941355183,18.1826909392,2.53332507859,5,59.1999678094,0.223879734153
balanced,1.22120888804,-0.777302516476,1.87540050193,1.9658079175,1.04566652374,0.957182445348,0.0657761502883,20.2877895812,2.27109730577,4,57.2508894983,0.238701862791
balanced,1.15230792698,3.18106210115,1.90546963366,1.75817998572,0.983229099878,1.04538410745,0.0695100174827,18.7169974341,2.57882417377,3,60.0423667232,0.300416014018
balanced,1.18222964345,-1.42495618879,2.09712530994,1.8609202744,0.952086843655,1.07602956857,0.0484606985838,18.5221495344,2.150189034,5,59.7471905312,0.224617783228
balanced,1.15444033525,2.16449537133,2.06654608095,1.65412981135,0.970371736392,0.967529562793,0.0486363594511,20.4803193115,2.22617638253,5,60.7125525982,0.238938556277
balanced,1.19740063665,2.05667898851,1.79348482275,1.73659217933,1.04145489814,1.02932925901,0.0522270828461,20.6413693239,2.36724868589,5,58.7798348428,0.207972786049
balanced,1.17704657724,-3.74766999327,1.85074870424,1.85543069688,1.04341180095,0.942916709464,0.069099437291,16.3037893271,2.5266730754,4,57.353354483,0.25923391822
balanced,1.27022976191,0.40660215841,1.78951617034,1.80352652055,1.0483735107,1.07320822556,0.0460365473296,20.6315164816,2.17361213158,6,58.2545077937,0.175350554098
balanced,1.1801106831,-3.45181943763,1.97182248787,1.8650025055,0.98766347097,1.01110563809,0.0465778986274,20.4613695378,2.28655847865,5,58.5914628616,0.202960908324
balanced,1.20508005964,2.23704377551,2.09262252659,1.90716267645,1.01488262949,0.920541690144,0.0688502834339,16.6323708177,2.39992742382,3,58.239048996,0.292956669198
balanced,1.18489042462,1.47146878669,1.9297795226,1.69927089532,1.01669680429,1.05051354752,0.0501813199391,18.5975526592,2.2350701676,5,59.3780358487,0.216090887179
balanced,1.23089473165,-0.619333213539,2.03942879457,1.86584041189,0.968900005995,1.01808933227,0.0592120409868,17.6768105114,2.37507837397,4,59.4225980768,0.260922678278
balanced,1.12522209937,2.28986047193,1.93274687113,1.80529686226,1.03673903845,0.907438314329,0.0658745759051,16.357164937,2.36140793483,4,58.3129283036,0.265866061255
balanced,1.13154676718,3.84753887923,1.91725672566,1.80138886303,1.01185932237,1.02294103146,0.0528311158986,18.5044360079,2.36251197317,5,59.0955608044,0.226558585659
balanced,1.14550568959,-1.54716910213,1.77760865012,1.97437457848,0.958602626328,1.0021048579,0.0521974412864,18.0903209516,2.4019551092,5,59.3150766944,0.213209996921
balanced,1.176673816,-2.5710540348,1.94088666663,1.94836265914,0.977262301286,1.09081124367,0.0666333487255,18.2119769915,2.29381598862,4,58.7310462644,0.263696719539
balanced,1.18733068932,-3.92247022351,2.0806412346,1.80768711787,1.03784257882,1.07282522156,0.0627903799521,20.2331243235,2.19130222144,4,57.5383506011,0.246752058251
balanced,1.22281468069,1.7188700557,1.82002783589,1.72738954886,0.97284579297,1.05279300302,0.0604946947957,18.1220064477,2.32615270245,4,60.659643261,0.252684108802
balanced,1.25631333048,1.15148751635,1.89708771472,1.78881022628,1.02653524672,1.05042438688,0.0606396292011,16.2235153791,2.15338176494,5,58.8738076698,0.234142853679
balanced,1.17364836451,-3.35725597567,1.96949779362,1.65181850948,0.99893424653,1.07286684767,0.0621700103964,20.1308568886,2.54406581384,4,59.4025308427,0.269069786374
balanced,1.23108549675,-1.06456450164,2.07075921984,1.71717855017,0.958535891717,0.95523759029,0.0568620206416,17.1927651365,2.18138337448,4,60.5044969142,0.261101253025
balanced,1.24781879554,1.49868473747,1.76610027403,1.96591742953,0.969477277542,1.08556090769,0.0477559688491,16.0341988875,2.40886397972,5,59.5288098399,0.198650601701
balanced,1.27320467976,-3.53632725089,2.06277076627,1.94995191471,1.01806773873,0.96579647149,0.0649877497029,19.0157913182,2.34808900841,4,57.4606989329,0.259770056548
balanced,1.13337543612,-3.28788860354,2.02513965722,1.86728683657,1.02601350959,0.998912076332,0.0547363534071,20.0257496246,2.58228292949,4,57.3394571459,0.229940056558
balanced,1.21153819345,-0.549264561437,1.79677972019,1.89348266365,0.971439010562,0.967018715656,0.0487954857047,16.6973107295,2.4139135941,5,59.4861910558,0.207219186111
balanced,1.16570198398,-1.01555414437,1.91457140422,1.99740947327,1.00026804306,0.903482748132,0.0457442584166,17.4703326459,2.26732755031,5,57.9775662348,0.191811970094
balanced,1.25441376395,-2.39497714836,2.09547350579,1.97797642651,0.97910909645,0.923138930238,0.0619054136734,18.3563721104,2.15984470204,4,58.5176094936,0.257714400091
balanced,1.21195505262,1.76554333662,1.92336307433,1.91488468365,1.04076876678,1.06877792263,0.0491866640924,20.0291334336,2.50686266227,5,57.5697066239,0.203003835053
balanced,1.17948468216,0.9059731747,1.89798634704,1.9608991294,0.965117719379,1.03629858593,0.0608813504552,16.0150523306,2.29700503427,4,59.4339774809,0.249321182696
balanced,1.26822099412,2.6562908924,2.09651866466,1.68083078358,0.982329730916,0.918767307829,0.0468910949127,18.7663938326,2.34871831326,5,60.3303195945,0.236035348586
balanced,1.20648739117,-1.9351342203,2.009265841,1.6702206255,0.98705397293,1.07256937213,0.0536482381227,17.5929615646,2.6466925234,4,59.6618820918,0.249902661872
balanced,1.13997540171,-3.48602044272,1.88999575234,1.91661290409,0.967267129375,0.943316141867,0.0491235035524,18.8584040505,2.2082195999,5,59.025627256,0.206513033992
balanced,1.22209362507,-2.68321423848,1.75301318846,1.9019734955,1.04958540381,1.04890384499,0.0674557702508,19.4519924301,2.25632047157,5,57.4639018297,0.22907575108
balanced,1.24560137393,1.46983620696,1.82367526876,1.88200628423,0.990231509251,0.90808032754,0.0463264869372,20.2887398145,2.58098723618,5,59.1610688415,0.205935589205
balanced,1.12769701384,1.74440588409,1.96686366121,1.75144150978,0.977665846296,0.988848770024,0.0461085350063,18.955512295,2.23350729294,5,59.9925132048,0.21601508635
balanced,1.17282045122,-1.47023816075,2.03646534497,1.71328995823,0.95597971187,1.07348998165,0.0513574903854,17.2898324559,2.42687681534,4,60.3353948258,0.244985281484
balanced,1.17175717621,-2.6754308243,1.82553815703,1.72789708863,1.02900576027,1.02107113529,0.0684778594143,16.1453795368,2.28718238014,4,58.6654533361,0.257574774152
balanced,1.26596288473,0.556377016683,2.0054898015,1.90184861049,1.03675577441,0.98467520245,0.0595547942292,18.3614109638,2.64625355462,4,57.5528209163,0.248291633818
balanced,1.22985721716,1.12887563851,1.98263546778,1.7544233397,1.03849616015,1.03646249055,0.066646330705,19.4093321324,2.20835701982,4,58.5837357669,0.264416562833
balanced,1.1857633709,-3.16040139304,1.81028164523,1.89863682811,1.02009124524,1.02677419844,0.0596011934203,20.6360444092,2.60923319686,5,57.777762346,0.227618017484
balanced,1.27105992465,1.65922183876,1.75382895638,1.98929737593,1.04543732328,1.01399219665,0.06310898481,18.1918824173,2.36180421034,5,57.6302868822,0.22293022474
balanced,1.2008136829,2.83745735271,1.89195212685,1.6866960431,0.976535825598,0.925069120545,0.0530560133403,16.248236495,2.48906017847,4,60.6327749091,0.245666143663
balanced,1.18426419435,3.0356954598,2.08314704357,1.87024909387,1.02671913281,0.99734976048,0.0583702050517,20.7476724294,2.15131942138,4,58.2737602311,0.242378503405
balanced,1.19813669763,3.24597281249,1.79509851364,1.68984805763,1.02878408817,1.05727614167,0.053339843456,18.1721997755,2.63230297978,5,59.3629467656,0.225138020542
balanced,1.2231347485,2.52336544486,2.0281258891,1.75425236114,0.969757317152,0.964279229889,0.0670393217357,18.4715802095,2.4135626119,4,60.3566771118,0.301918384969
balanced,1.18411678992,1.96641459123,1.90281835758,1.76571194998,0.954231517603,0.976219810127,0.0570261806303,17.6874192375,2.39790878113,4,60.7476002824,0.257244757025
balanced,1.18301517157,-1.45992623626,1.78322904921,1.82378737826,0.969153390484,1.07960722787,0.0601912183827,18.1326828611,2.31645634474,5,59.8991528206,0.237719940104
balanced,1.22114008037,-0.344103995005,2.03640848586,1.66162579891,1.0338973259,1.02931247394,0.0625164221407,16.6168400556,2.5831020429,4,58.7354181595,0.272470166842
balanced,1.18062843517,-1.37650828955,1.83563253789,1.761693637,1.0302755777,1.0791053794,0.0627644275505,16.3691233872,2.40686240665,4,58.4875981574,0.240530046474
balanced,1.26371168692,3.76288548109,2.01773873432,1.95634858002,0.99705335333,0.985576239302,0.0561754286678,18.4756208036,2.33144377383,4,58.8039859746,0.240896345948
balanced,1.19124100844,-0.0368343116789,1.91456866874,1.98726375196,0.95490997157,1.02716968189,0.0455499099939,17.9171134263,2.54384312549,5,59.2593390117,0.210241773734
balanced,1.23961700196,3.27776830311,1.900374657,1.65726197446,0.980028690722,0.921086357939,0.0694066889701,17.6883479251,2.37339603974,3,60.9590500645,0.303277752045
balanced,1.18667396084,2.70425399447,1.88083811822,1.75065678024,1.00468573787,0.955279907131,0.0472857853253,19.3614981297,2.27986737717,5,59.578522232,0.209048148882
balanced,1.17212887097,-1.1980326926,2.01129007957,1.93187020591,0.953376690038,1.02441137165,0.0544078879759,17.6931161216,2.23899359532,5,59.4802378151,0.236866671388
balanced,1.26030556762,-2.58873822389,2.07475210082,1.83132144811,1.02808259069,0.925948879613,0.0646946659134,20.7276044012,2.35031880544,4,57.8475438986,0.266058544476
balanced,1.20866908325,-1.0088748145,1.93022623906,1.86262792126,0.969107131209,0.956562100802,0.048263248878,20.3867107425,2.64967650693,5,59.3106138934,0.224161455804
balanced,1.25232880761,-3.85520856252,1.99329247444,1.82433382962,0.955712404445,0.951879877737,0.0600668061931,16.7184398294,2.53417880702,4,59.6589494349,0.268112688812
balanced,1.18949164056,3.35982886462,1.85576563867,1.76996259737,1.03117274335,0.954233840908,0.0632343780943,20.9807585357,2.31465422329,4,58.9871908683,0.251122180726
balanced,1.13801004355,-1.50584906751,1.99715444223,1.90223540884,1.01127227255,0.984507691836,0.0663894768621,20.2022033227,2.16269619894,4,58.0998000726,0.259913098596
balanced,1.15084905414,-1.24645620902,1.79111879304,1.84091273693,1.04797367588,1.04536108849,0.066010481823,19.0293654629,2.29538220371,4,57.7607060549,0.235128673138
balanced,1.16733521265,2.27200512771,2.00534176391,1.69170577447,1.00301400564,0.9587469255,0.0613191586567,17.300877298,2.43851098373,4,59.681475099,0.274120537533
balanced,1.12996745682,-0.866521551093,1.9042248414,1.85561649641,1.00242421776,0.936275461212,0.046295090537,18.3513871895,2.16051980592,5,58.637712036,0.194996265759
balanced,1.25805207153,-1.80671720283,1.90875641834,1.69726369838,1.00883588467,0.948312604235,0.0491178468114,17.9020482288,2.43388784474,5,59.2508211767,0.216620532209
balanced,1.16137115265,-2.06556094093,1.75983606411,1.74943303297,0.951287730343,0.915012528534,0.0486185856016,17.8882453144,2.50941479887,5,60.5610058334,0.218161900843
balanced,1.25749872213,-2.78450693404,1.80756337453,1.73683192553,1.01764630429,1.02036482158,0.053328069267,20.6244546188,2.61725768374,5,58.7846551624,0.218246233619
balanced,1.22915686539,0.0772834331514,1.99617137746,1.96410738211,1.00835110067,1.06638680121,0.0573489662096,20.0751296838,2.42598085623,4,57.9907525199,0.23477883531
balanced,1.27671831166,-0.456849898494,1.84393686548,1.68602598419,0.998977801818,1.03916076765,0.0489327671776,20.9692998347,2.38639496022,5,59.8788378814,0.212651150993
balanced,1.2787142182,2.58423460823,1.90709335685,1.93146344613,1.02731299148,0.951444160612,0.0605373625113,18.3152163902,2.34332220177,4,58.2089403355,0.238003113169
balanced,1.1202414648,-0.285425329783,2.05522384561,1.73689116416,0.964213744832,1.04116604498,0.0544652530398,20.6667343809,2.60222315257,4,59.9280320094,0.262209602944
balanced,1.12515337776,1.93355249591,1.93091050205,1.72016041893,1.0173964803,0.9972994468,0.0662866046632,19.2332868985,2.52245777575,4,59.139689279,0.280296856475
balanced,1.18885977625,3.87552224878,1.88784897894,1.86473844222,1.00507234365,0.927265433051,0.0589780471856,17.011445362,2.18286868202,4,59.2334120896,0.237782216049
balanced,1.17295446193,3.77551048124,1.76719848419,1.79991900329,1.02978538549,0.918317908235,0.0559110894111,18.6406012598,2.25319435204,5,59.0263977325,0.217778780275
balanced,1.20508723647,-3.65592259817,1.76691560685,1.76181368525,1.04989224964,1.01180629161,0.0510432214275,16.2689202813,2.51444469784,5,57.7654584175,0.195066925899
balanced,1.25990730742,-2.57608943551,1.87219752516,1.66162051559,0.991422614817,1.06093885084,0.0484185611663,17.1514159388,2.16379760662,5,60.0430499625,0.20678231589
balanced,1.14911212137,0.897435131353,1.97331137453,1.75711045663,1.03136291518,0.978424801709,0.0628639205803,20.9333867667,2.36615797737,4,58.5010849734,0.259262650054
balanced,1.25438397614,-2.50936211051,2.07077819865,1.75386860814,0.952620027721,0.979623025787,0.0661760926372,20.0925311971,2.28592473267,4,60.3322669491,0.294859277117
balanced,1.18923630924,-1.64440866421,1.93703052543,1.85570306054,0.989288305179,1.04732179914,0.0601217835222,20.0467087437,2.55500448313,4,58.7987428904,0.252837739244
balanced,1.22125914757,3.67750849528,1.75574885261,1.71893144072,0.95286443829,0.985974468664,0.0644845166355,16.7011428539,2.36010923041,4,61.5983788416,0.273025147825
balanced,1.20287801187,2.95393768534,2.01485484878,1.70876442612,1.04931714918,1.02673621825,0.0501036650951,17.7584214124,2.39116363183,5,58.4786779224,0.220544537983
balanced,1.12526926123,-3.64506852885,1.95802687765,1.66274043997,1.02765732866,1.05224884043,0.0587284654668,18.7530414607,2.1763625047,5,58.6951066629,0.234190927215
balanced,1.22449517349,1.42638057382,1.80725037425,1.80485036125,0.98723482998,1.08021474613,0.0640649503592,19.4979969563,2.63603662957,4,59.6995109506,0.263887479473
balanced,1.1679576169,-2.36150507974,1.93143664183,1.66433724905,0.977606293121,1.06811485698,0.0591458891221,18.1805170112,2.51152474902,4,60.0626041985,0.261081703902
balanced,1.2137055577,0.239813732003,2.06560247732,1.72013959631,1.01150696837,0.967804040444,0.052736353142,18.4736063872,2.59670218933,4,58.9242113652,0.245801174545
balanced,1.24848837076,0.578037395602,1.78469890575,1.89166496323,0.978368734887,1.08249219745,0.0509815356602,20.7328488912,2.52185703997,5,59.4606768951,0.212698765863
balanced,1.2559772879,-3.81951736162,1.86010640453,1.98645929307,0.98355448623,1.08171068531,0.0570546482623,17.6576755779,2.46653604613,5,58.3378484441,0.22373245742
balanced,1.24211448991,-3.22101780432,1.81111972694,1.71725432896,0.95518967426,1.09157656542,0.0475703332679,20.0254529643,2.57292795769,5,60.4888667731,0.216034404203
balanced,1.23595720621,1.21269526393,2.00452359585,1.66167980245,1.00798798324,1.07747008509,0.0478981225221,19.4442250713,2.3649082647,5,59.6685134892,0.221985617387
balanced,1.22518231273,-2.43680507789,1.80121646482,1.87835728142,1.04079471768,0.924680958079,0.056526057041,18.942504718,2.18933231845,5,57.7204609248,0.204938558878
balanced,1.26202107093,0.378486339793,1.76997369566,1.6819543942,1.00007632586,1.06063480866,0.0501344085846,16.1917227194,2.56694691288,5,59.9816021614,0.215412479105
balanced,1.27232756511,-1.75577834546,1.76776120397,1.67614095666,1.00966437591,1.06742285372,0.0671452313846,19.8706813038,2.25053218892,4,59.8217281177,0.254050025373
balanced,1.27611621717,1.18867769319,1.81752229305,1.65808527603,0.982731105492,0.906698080895,0.0564812885554,20.5986306382,2.42181596093,4,60.7362381384,0.245623517475
balanced,1.23535314601,1.54318957715,1.92301897638,1.74698831546,0.983823333169,1.04017913978,0.0641106039603,20.0369783187,2.22674493213,4,60.1657457455,0.267552594629
balanced,1.18652502455,-3.58977834721,1.84928929665,1.96932851466,1.0306643307,1.02685679573,0.0697569072736,19.8198774142,2.6256190916,4,57.1171226291,0.259949173077
balanced,1.21447615885,-3.26092840479,2.08275476039,1.67879867075,0.986227224116,1.06442255139,0.0591736929883,19.312928034,2.54956162654,4,59.474535963,0.27080617142
balanced,1.26568760597,-2.51632836988,2.01066522478,1.67405713906,0.970046681671,1.09400304615,0.0674753551543,18.6124930601,2.35790221114,4,60.3556901147,0.293278037678
balanced,1.12195349125,3.94401742797,1.92313322078,1.78467929597,1.01942263773,0.977889636842,0.0672643313617,16.2378340396,2.41200030108,4,59.0335332737,0.278632578777
balanced,1.13152646405,-1.30776543766,2.07263251045,1.9261522207,1.01486316063,0.993885450511,0.0548913680002,18.5025323876,2.24709439089,5,57.6780494233,0.227186554587
balanced,1.15530668999,-1.17731664673,2.04669318127,1.68424535482,1.03987215475,1.06511575738,0.0663219214848,18.5433336779,2.54492817318,4,58.2883463065,0.280605944394
balanced,1.23652616114,1.99625811094,2.09966538925,1.66571917466,0.950388607177,1.01130072564,0.067330405582,18.4514250528,2.36028657576,3,61.2923256304,0.317157613453
balanced,1.24563274088,1.49724413647,1.85678657112,1.8064808188,0.999272726571,0.931133479696,0.0468564008482,17.968736069,2.4102933179,5,59.3400133126,0.206713036973
balanced,1.25601800634,2.55963143488,1.87595133869,1.88946614261,0.968665104743,0.914062290087,0.0460945441908,20.0621436431,2.23653206698,5,59.9532913997,0.206886735344
balanced,1.26773169278,1.92493966271,1.94961470196,1.68962673632,0.987999197485,0.944522609511,0.0678837734567,18.5255106016,2.43238881282,4,60.3287643055,0.296235034932
balanced,1.17704862805,2.33338768468,1.9565500969,1.8420966574,0.982206050476,1.04096444995,0.058376429247,20.2870614083,2.41235994673,4,59.5198522276,0.253335525664
balanced,1.26637702701,3.40307796619,2.0145660701,1.95905650053,0.997725680032,1.00394915666,0.0652105288186,20.0759640213,2.2629897947,4,58.8342486605,0.26892981439
balanced,1.25274955502,-1.80270936271,1.80017742528,1.84148647203,1.03119574713,0.900842313798,0.0509713350219,20.8347338149,2.30988630118,5,58.1515334208,0.19749364259
balanced,1.23782849003,-3.56822284248,1.98044663677,1.95909241998,1.0244593339,1.01284144103,0.051594326924,17.7467180232,2.39628208491,5,57.2064563858,0.207282874591
balanced,1.1716605344,1.1265232448,1.85850859079,1.88049521185,0.955860209903,0.951052295313,0.0621321016161,19.2557853291,2.62867271684,4,59.9828221561,0.270689542672
balanced,1.15632995151,3.95912195173,1.77942603243,1.89539679919,0.977119947496,1.00390035936,0.0641132837614,18.3773483656,2.17085060066,4,60.0096401866,0.249511068738
balanced,1.20490978603,-3.13020241282,2.04753992108,1.98549147353,1.04304390123,0.928478917637,0.0591293173746,16.0469543283,2.2156307163,5,56.6769401605,0.225975947378
balanced,1.26676836882,-3.76774269158,2.00081113432,1.94058031208,1.00954787377,0.949395930705,0.0582802090653,16.3352391137,2.24146901142,5,57.8019624118,0.229914311854
balanced,1.26712031056,0.0319774978102,2.02104855316,1.8829432667,1.02252432076,1.06271836387,0.0569601059571,17.283600132,2.60660466278,4,57.928059144,0.24142124756
balanced,1.20420495414,3.37834379249,2.02640404971,1.95273350604,1.04367896652,1.00545373448,0.0473682857065,17.0731715945,2.5427386043,5,57.3093565277,0.207293798691
balanced,1.16220719105,-0.0803614766522,1.99013765103,1.68604901306,0.979916624141,0.931404221987,0.0483890539338,20.0552573172,2.48404020707,5,59.9855682386,0.233275837378
balanced,1.27616340557,0.986438886555,1.94251168517,1.68578236802,1.01700272461,1.04445822324,0.064436354225,16.7128443816,2.51192008466,4,59.4408836473,0.273315550558
balanced,1.27186540496,-2.34639951865,1.76306003247,1.75310779112,0.99221222609,0.947069514062,0.0607266698235,20.3869990887,2.52782160993,4,59.6031774998,0.24277859659
balanced,1.12261751472,-0.917429003141,2.06137267975,1.91837351928,0.998687812131,1.02551465005,0.0674439068248,18.8661862987,2.28082228553,4,58.2364570994,0.276663886545
balanced,1.22617489454,-1.99814825932,1.88417786394,1.99418115101,1.01101427218,0.904662763269,0.0632677935696,20.1483832552,2.21765339962,4,57.8782212727,0.236472855156
balanced,1.21774497597,0.962942367307,2.02684023832,1.91072503832,0.985696588119,1.03496870573,0.0507872500394,17.0718649825,2.47391690622,5,58.8158740771,0.228590257311
balanced,1.23263896387,-0.441593506154,1.99937740752,1.92572288428,0.966450138594,0.968838113169,0.0611442232005,18.0060504406,2.33156609365,4,59.3185215264,0.261815292558
balanced,1.15923669546,-2.62605480121,1.87303339317,1.82702035151,1.00453434486,1.0856506669,0.0509808384351,18.3384975516,2.546484071,5,58.4303228223,0.212595937439
balanced,1.15549471831,3.46556211769,1.75252979426,1.78214830906,1.03452243807,0.931316350839,0.0587028778929,19.0892773838,2.47978115143,5,58.8558676858,0.230277040033
balanced,1.15524731608,-1.17035967112,1.90374015115,1.99620633201,0.984896685191,1.09775221947,0.0485371836309,19.0681442639,2.54454489151,5,58.2403975126,0.206645826506
balanced,1.26922201701,3.86878757845,1.93715505223,1.88971028062,1.03242371535,0.938431397678,0.0510890905079,17.7523110759,2.15899704202,5,58.4144150522,0.208586547607
balanced,1.1390134447,2.43984328458,1.81643144859,1.72927688631,0.958278379454,1.07176635041,0.0529791140177,19.7896992459,2.42821201643,5,60.9142380836,0.23592599316
balanced,1.17603790542,-3.81032502405,2.04773931293,1.76829062437,0.966141387037,1.03173816457,0.0482916636879,20.9761511085,2.55889774897,5,59.3892253906,0.230839284763
balanced,1.16879973737,-0.974807884472,1.89601795529,1.91164319264,1.00949961987,0.958692787679,0.0561148959925,19.6977323742,2.63821246219,5,58.0364581589,0.231586836361
balanced,1.23708225122,-2.52859443076,1.8146853924,1.73978289751,1.04707176116,0.918798587413,0.0581024255507,16.2765067007,2.28656221663,5,58.2196096766,0.21931418486
balanced,1.2756673177,-0.421047295176,1.98661984446,1.75293065472,1.02458300771,0.951757272105,0.0677781409496,18.6197050426,2.2068681851,4,58.8418648246,0.272357305263
balanced,1.25325563397,0.720963785019,2.04818175761,1.91640246249,0.989356196579,1.03204709516,0.0584999756053,16.2535622658,2.23658935256,4,58.8668131442,0.246732107174
balanced,1.21018002743,0.149045917637,1.8401151164,1.9931295551,0.959008901151,1.07434619257,0.0494430000037,18.0531062037,2.46304822722,5,59.3488941124,0.211576589128
balanced,1.20936563898,-1.2550091363,1.78184719815,1.74579291945,1.01217479404,1.0408387685,0.0519450103108,19.8861132331,2.49283192996,5,59.072603884,0.211537823692
balanced,1.1231730449,0.602024910377,1.86003483137,1.82100511,0.966818540596,1.00241161713,0.0553500491419,18.8332899986,2.24560797502,5,60.0054581686,0.233102236274
balanced,1.26121512625,-3.71581388927,1.99809772826,1.88889890877,0.969986663425,1.0749607572,0.0543220185972,16.9277362871,2.63749062066,4,58.8728720426,0.240010931903
balanced,1.25453305177,0.299096885566,1.95026203658,1.90298958142,0.986687852268,1.05042587597,0.0459387010288,19.1889591642,2.20000104225,5,59.0427301093,0.199382120779
balanced,1.23666682252,0.540381932963,1.83600948415,1.73647421907,1.02767148317,1.03938048537,0.0530051341737,16.3355020847,2.58305640142,5,58.8377525685,0.22056618071
balanced,1.19337249883,2.78302601899,1.94410492592,1.85071910751,1.03431537835,0.976838460989,0.0580143530002,17.3073069621,2.52554616084,4,58.1468510056,0.241089327581
balanced,1.16642632407,1.28402403048,1.93628943757,1.83343822499,1.01889473482,0.980421710937,0.0484586024905,19.5198717423,2.44949638472,5,58.4105822649,0.211183836257
balanced,1.13933099268,-0.488032624156,1.87750691158,1.85114918885,1.04351306354,1.08339949684,0.0513723204972,18.3790359148,2.59763764333,5,57.4913418218,0.207364503972
balanced,1.26315040788,-3.09383486396,1.899817151,1.75208424357,1.03689677807,1.039320664,0.059595083631,16.7308196471,2.31290092423,5,58.2358573891,0.229808111887
balanced,1.16490435027,2.28517286015,1.87284546169,1.81921374302,0.967737754053,0.983218392225,0.0538881685723,18.195921472,2.50045952806,4,60.0686075525,0.239480690493
balanced,1.23158298492,2.98174612173,1.89630640114,1.93689066836,0.993897534701,0.961569487592,0.0548908773618,18.4149788314,2.38916233571,5,58.9848408041,0.229726744497
balanced,1.23698657738,-3.76394848066,2.09107432014,1.9115533119,1.00177592996,0.900831968861,0.067632413613,17.5128076463,2.4234046682,3,57.9214648742,0.282787134216
balanced,1.17335355927,1.30022219124,1.83987047606,1.89220205402,1.03073569336,1.05709197321,0.0657188913259,19.3374700686,2.19298332622,4,58.2345591014,0.240960955048
balanced,1.2550635225,1.22166413357,1.78780747477,1.8593436172,0.953531832857,0.907914377589,0.0650283081712,16.9346876266,2.42718667383,4,60.5274187021,0.270151756195
balanced,1.21451745607,3.95023648911,2.06283624217,1.88101349617,1.01507314109,0.986481612473,0.0667703569747,20.3511959431,2.18727288503,4,58.7206951889,0.276434557573
balanced,1.18090630677,1.9076713537,2.07696436338,1.81816804704,0.98816381026,1.05639870846,0.0677333554046,16.0734718812,2.15930775455,4,59.469911911,0.286551093052
balanced,1.12416977633,3.06737679868,2.04399412146,1.89807557285,1.00551108881,1.00580195134,0.057154632909,19.327634132,2.4175337836,4,58.4881297203,0.249253897434
balanced,1.17459007679,3.14444823154,2.03877465254,1.88633853146,0.953391575404,0.919300629921,0.0531539115823,19.5924381653,2.45216671065,4,60.0194010336,0.254550449798
balanced,1.26211032019,-1.2567481581,1.99193246695,1.81487748314,0.9914953351,0.942779431822,0.0501449832843,19.9552979645,2.63952628689,5,58.9188115349,0.230282310638
balanced,1.14762953054,-3.11264149369,2.09542070239,1.80287911856,1.02551077175,0.942633755412,0.0524035669397,18.3975052806,2.43445784266,5,57.6857139126,0.228602310117
balanced,1.23571735192,1.29410094131,2.08237760986,1.65977333791,0.991133365556,0.904943090232,0.0603771926602,17.1918107093,2.53718176978,4,60.011028419,0.28587189131
balanced,1.1428028557,1.67038743028,1.86141532567,1.70012614906,0.998739112821,1.03149244769,0.0600313596187,16.6952903447,2.33870716782,4,59.9098571261,0.250385950745
balanced,1.15599536605,-2.14805218139,1.88062785263,1.83107725618,1.03601174554,0.942396504055,0.0495255277626,16.4211705611,2.30118086497,5,57.7634062102,0.197745926796
balanced,1.16648342577,3.45230915742,1.80948522197,1.7317231328,1.02398203167,1.04297346198,0.0625233321316,16.0433256303,2.33404937852,4,59.4133737944,0.246836703738
balanced,1.21734750183,2.67344018811,1.86596420066,1.67164155255,1.03373860238,1.01901143819,0.0662814896503,16.221868507,2.31783236219,4,59.4342812228,0.26564915945
balanced,1.17350928674,3.46393923706,2.07111874457,1.88591472317,0.975498685351,1.09449203378,0.0532051925093,17.7001552712,2.52521548761,4,59.3513331673,0.248844706713
balanced,1.24231311581,3.44512860217,1.86258106272,1.71071649399,1.04570797089,0.948435437535,0.0615682343913,17.6107376555,2.24141895237,4,59.0606021522,0.242770907903
balanced,1.24825660964,0.6379134356,2.00192973389,1.98738297774,1.01476590598,1.00092292625,0.0583500993888,19.0144618558,2.37357769444,4,57.8372105228,0.236549414997
balanced,1.21692923702,3.69814786209,2.07478190423,1.88312074253,1.04913002696,1.07074259303,0.0451952185023,19.1170665067,2.20791670849,5,57.6637335182,0.195720125716
balanced,1.21954610149,1.64822499572,1.85117599955,1.79032561579,1.03233464482,0.973161502023,0.0562436746657,19.4467090959,2.46454256822,5,58.5854886828,0.227417613454
balanced,1.19718697643,3.65965000076,2.0912473038,1.79565643313,1.00030273483,0.939521148535,0.068256100324,20.6166448366,2.34110377331,3,59.3568345684,0.300814909537
balanced,1.25771808474,2.75210449637,1.97803028617,1.90165756372,1.01266824509,0.956867468384,0.0576735171061,20.9263053713,2.26942900775,4,58.6327564776,0.237836167455
balanced,1.21657924252,0.527714090735,2.04539977863,1.87724374406,1.00167108429,1.0823405579,0.0638938432505,17.2421824107,2.40168717438,4,58.5890375318,0.268642289273
balanced,1.14328161249,1.55392341452,1.9889720098,1.86461165844,0.961083133675,0.936841697616,0.0528280657535,19.3254551903,2.50843977092,4,59.724087215,0.246658013018
balanced,1.20159733015,1.30990409697,1.96446327358,1.96782598454,0.960552418712,0.922944414267,0.0574281664779,17.2652812269,2.35509263198,4,59.4549637888,0.250026647257
balanced,1.15749168156,-2.78633312902,1.89981986708,1.84988997263,1.00456868534,0.945448475279,0.0489040772487,20.2731177486,2.55954991785,5,58.2348039509,0.21053794064
balanced,1.25915004282,2.94280599396,2.03732679786,1.66937719877,0.96066867154,1.04677550883,0.063500119041,16.3708929849,2.29982909955,4,61.2179926953,0.292669408479
balanced,1.22087404909,3.03609090066,2.03225932215,1.83484839517,0.95104110503,0.945796311026,0.0601091344226,16.1641498665,2.55359261459,4,60.3952265374,0.284602843828
balanced,1.20286452283,1.20285529052,1.95475671578,1.72014752086,1.0350614619,0.926566371336,0.0554787932868,20.6949259365,2.26100063728,5,58.7723223756,0.231032381187
balanced,1.26074173869,-2.10546953628,1.95732928514,1.74329814887,1.03702194358,1.09247081314,0.0486143619496,18.2082947995,2.25135222207,5,58.2654726154,0.200312517093
balanced,1.17636589946,-2.33651335386,1.88436087262,1.77211663274,1.00340485587,0.928694545661,0.0616639451174,20.5655053874,2.17555107877,4,59.0663361179,0.242644495213
balanced,1.23897847406,-0.484902116025,1.83611862449,1.76980814216,1.03948842668,1.00706667127,0.0451904490239,16.4367420114,2.21938426612,6,58.3972188765,0.182035095923
balanced,1.12794066287,2.59870540907,2.05240794981,1.84549040885,0.967774195177,1.07737083134,0.0632828983589,20.0369438775,2.59712966307,4,59.6481901718,0.289349915946
balanced,1.16398732312,-2.56994839023,2.02908262235,1.66451291822,1.03599961931,0.974591638258,0.0622859296662,17.6561897209,2.63588528848,4,58.3159394003,0.269945743287
balanced,1.2743547651,-2.28045749875,2.00625372544,1.70021412093,0.97981473338,1.00838214511,0.0613197024639,16.3310370522,2.35800193787,4,59.9486549745,0.268807025431
balanced,1.25913581131,-2.19029112945,2.00437281884,1.65733356703,0.979653975043,0.943502943877,0.0467691121338,19.7939909598,2.41752802703,5,60.0731079594,0.225966123037
balanced,1.17499063653,0.54763384107,1.85863504826,1.802317185,1.02233213006,0.975225167856,0.0694187950206,19.1013560775,2.5012080909,3,58.6330872117,0.275743623414
balanced,1.1982739255,-2.53117755507,2.01315147157,1.83882440732,1.04487084002,0.923043660347,0.0628626832795,18.7157106448,2.48441996835,4,57.3051302023,0.25396823092
balanced,1.18628935298,2.12227785723,1.80202045427,1.88023428704,0.952665074908,1.02678104493,0.0504093116982,18.6242333169,2.25079142534,5,60.4320713149,0.216141208406
balanced,1.20138828575,-1.00969493324,2.03390769166,1.95084894345,0.979173269734,0.902245234834,0.0488446142283,20.3334380535,2.47444417991,5,58.5401880895,0.223396409121
balanced,1.25924258385,-3.75669479501,1.95935572958,1.843229775,0.958911997597,1.05280887052,0.0542748550493,20.2445398717,2.58285189093,4,59.4845004383,0.241207849653
balanced,1.16436383894,-1.7143249628,1.91027058605,1.82472722222,1.04394740824,0.999091840252,0.0470244551289,16.8831891793,2.52162892351,5,57.47542252,0.196360973361
balanced,1.12065674057,-0.888966556874,1.79437342329,1.98831215875,0.958443593439,0.915747760019,0.0480830206468,20.0403544813,2.24726602041,5,59.329127874,0.200194893851
balanced,1.24925947296,-3.16355213271,2.02088203277,1.66358346559,0.986790292027,0.975325856132,0.0617759157904,17.5961919194,2.3812128563,4,59.8038590752,0.272371010744
balanced,1.25157200619,-2.13388095473,2.08583474262,1.86815928807,0.958506979089,0.962242411287,0.0614562327207,20.6650162537,2.58050520001,4,59.4047430403,0.28172955998
balanced,1.19857632174,3.4366450447,2.09265231306,1.96508217329,1.00650020557,0.975188157166,0.0640510671458,17.9385363183,2.6488163464,4,58.1552927388,0.282560845048
balanced,1.19062474296,0.232024217453,2.07388654963,1.98271555615,1.02885715986,0.935196335838,0.0613847602997,18.5552735242,2.36887183937,4,57.2853315323,0.25103260105
balanced,1.14943263207,3.3454952271,1.89305637073,1.95994012606,0.977437563056,1.00319736896,0.0506448311787,19.8795895997,2.40154892755,5,59.2118333958,0.220342601091
balanced,1.18312806493,-0.304071561731,1.95162529875,1.76497140591,1.01668610457,0.983608412476,0.048644213215,16.2213810348,2.51807595757,5,58.6151866813,0.216487667215
balanced,1.20122562075,2.12968324868,1.97559073382,1.67586637792,0.953966427837,0.921539464901,0.0589844137873,17.2238995051,2.24286503316,4,61.2921085054,0.272884191149
balanced,1.26155964566,1.54301442491,1.78251153792,1.85125629404,1.02567581417,1.02461488197,0.0648107267489,16.7322506415,2.38500384778,4,58.7016333811,0.243350675193
balanced,1.14731280483,0.337940338695,2.01548080319,1.95437275946,1.02603842308,0.909696188112,0.0651463026828,20.6808092377,2.45664965793,4,57.4895593246,0.265646924051
balanced,1.17226344505,-1.52971817312,2.05563818435,1.92821210484,1.04845560934,0.975889403386,0.0560578758612,16.6101395959,2.42280534952,5,56.7859829156,0.225979546303
balanced,1.24317779255,-1.97874854774,1.906263644,1.94396147047,1.01451859835,0.973324097783,0.0699792320671,20.0441172295,2.37530245759,3,57.9529552321,0.268236547997
balanced,1.22363374504,2.973657657,1.96083300777,1.88286020355,0.992964813792,0.907712064762,0.0483463418481,16.680721076,2.33292561834,5,59.1483776736,0.217568744944
balanced,1.17969781283,3.23074174226,1.94735463577,1.74693002105,1.01187577217,1.0110436389,0.0608785856123,17.3089644154,2.56153191473,4,59.2849791104,0.265196876089
balanced,1.17017790122,1.88538357541,2.08076909531,1.94703864002,1.00179902791,0.904348164636,0.0689876651066,18.295704294,2.55633029447,3,58.2360119926,0.299832525105
balanced,1.18389996047,-2.7183960831,2.09936153295,1.71946527593,0.987508311852,1.01052982971,0.0610996107587,17.2481329767,2.59784742105,4,59.1890690254,0.280001873859
balanced,1.19443022713,-2.58467768509,1.84600399114,1.69138053824,1.03716968099,1.00438109555,0.0681375382517,18.1758648348,2.35478382055,4,58.6347460348,0.26137440557
balanced,1.14870408666,-0.499778251337,1.85260086551,1.87920182586,0.965004884512,1.07434315653,0.0608761436542,17.7591908544,2.51159858422,4,59.5744692197,0.25340580567
balanced,1.14781952277,0.946246386273,1.82554485381,1.7465889363,1.0291368361,1.07652682039,0.0680477771292,17.9462404056,2.46054111474,4,58.8269431269,0.265331967385
balanced,1.26724081911,-2.09115496326,1.90587660436,1.9998987377,0.971138125405,0.936344132277,0.0485489067903,16.2210960471,2.50686670064,5,58.684812001,0.21139277622
balanced,1.16277084843,-0.952700427313,1.94880107722,1.89966176979,1.01712271872,0.988715383469,0.0528300998166,17.3274292562,2.15348286675,5,58.0543495805,0.210368086297
balanced,1.24848117582,-1.32215794398,2.01014977392,1.96306621901,0.963238855432,1.03356779167,0.0612641622439,17.0877320039,2.21388316812,4,59.2144486247,0.254697525563
balanced,1.24325665011,0.133754859179,1.80793896621,1.75976082422,0.969294099667,1.0463190417,0.049268143654,17.0380583565,2.4979469754,5,60.2911505778,0.218327648447
balanced,1.13566181258,-3.87698094927,1.90992625953,1.90338728524,1.01784296178,1.09513036792,0.0545429813559,16.7111382913,2.28108891945,5,57.6388787611,0.209778158815
balanced,1.2073316359,2.89305334889,1.80510870493,1.88377768183,0.963467419247,1.06135821605,0.0678244913303,20.3551023179,2.17324543128,4,60.3758201742,0.267008577003
balanced,1.25245656342,-2.00099540903,2.01515281152,1.65771346014,1.00852853233,0.994899466699,0.0627173505118,17.5163478747,2.3293769873,4,59.4385888068,0.26861154633
balanced,1.27864720471,-2.70091673104,1.91227767649,1.86454006228,0.959679209378,0.958478142128,0.0485978968412,20.6351299784,2.30555987731,5,59.6892990037,0.21463306353
balanced,1.20758731907,0.321255115982,1.9150812839,1.70014680486,0.968531774167,0.961782421888,0.047306201132,17.4726334908,2.38900601758,5,60.4863341363,0.223917710874
balanced,1.18922390256,2.01769055526,1.82612400558,1.97398014793,0.974984085018,1.07577852448,0.0594832372875,20.0321105979,2.61542567379,4,59.176943601,0.244617512839
balanced,1.27171842842,-3.37171719987,2.08048334817,1.76509254308,0.962405203589,1.02920792325,0.0508532390027,20.8850808893,2.42558879651,4,59.7427548788,0.239364936031
balanced,1.14280577535,-2.51744821374,2.04525019813,1.94710137414,1.0322342372,1.09823001229,0.0498222045738,17.9875859882,2.44220568562,5,56.909510603,0.206363792484
balanced,1.2048842159,-0.0439210903666,1.79207883681,1.68621582658,0.979380751305,1.01624308121,0.0493570637763,20.5087165606,2.51150493026,5,60.3673838879,0.219425031058
balanced,1.17083894097,0.89122559768,1.84552113315,1.76837074688,1.03508941611,0.911735486588,0.0458348416059,16.2797987664,2.4684526559,5,58.4176382321,0.196910645158
balanced,1.26080394106,-3.41104665307,1.83347833622,1.70981988746,0.952552045568,0.94211622984,0.0587475250631,17.9117615754,2.57242593914,4,60.6475623976,0.258064947654
balanced,1.13051841582,-3.9913420579,1.84834646573,1.93150332954,1.00738246731,1.09125868488,0.0654377943577,17.5292197148,2.25552926402,4,57.9378509215,0.238681613527
balanced,1.1295090022,-2.76351559983,1.86429515646,1.84017088221,0.958163220919,1.06093936918,0.0451591129719,17.2529108694,2.40260342246,5,59.6204558153,0.203063037885
balanced,1.24903363753,-3.72585742805,1.95115195899,1.85629605585,0.990012746363,1.07658068756,0.0470345328842,20.1640992165,2.36145079782,5,58.6327265158,0.202743644215
balanced,1.25030604142,-3.80750026759,1.94911130265,1.80881704703,1.02256079609,0.984180930938,0.0532516687254,18.5873793512,2.37491878124,5,58.0498504724,0.217319849319
balanced,1.20083204086,3.82724331989,2.0927351627,1.90817803798,1.03606159568,1.07458211972,0.0535385335322,18.7698632083,2.42567332533,4,57.761236493,0.230472792157
balanced,1.24472822192,-3.85882075026,1.90917511334,1.7444694461,0.958389344182,1.01793218158,0.0462979189452,16.3376335911,2.54179681917,5,60.0319543555,0.217715461037
balanced,1.15299282975,-0.924581717491,1.880200965,1.8193967156,0.99978336198,1.02218280503,0.069231708562,19.9253702397,2.43872957261,3,58.9308805577,0.277092838494
balanced,1.24120802254,0.877390563601,1.82277522917,1.70175886962,1.04205761427,0.96450640072,0.0483612343239,16.0854735458,2.51058106579,5,58.7447278808,0.20421592447
balanced,1.13704810331,1.94304180848,1.92256128785,1.86907173698,1.04784680673,1.07975064033,0.067312600857,17.8673443224,2.21029489726,4,57.8035816115,0.252543332492
balanced,1.20446800685,-0.623685250356,1.91412110902,1.81757883692,0.996193568197,0.905632706734,0.0477920096597,19.0464890258,2.54319812498,5,58.9128301307,0.21550862423
balanced,1.23662115611,1.95670137468,1.80018265778,1.66715772841,1.04141610936,0.959021565645,0.0656332934418,17.1910840385,2.25900348179,4,59.3585624721,0.252896409773
balanced,1.23502092046,-3.05713066853,2.05626389191,1.73458973307,1.01652524932,0.9617762423,0.053377582498,19.5449683324,2.19021193627,5,58.6197515474,0.227028977583
balanced,1.15987438973,1.49414315973,1.86854182815,1.98292854407,0.960685407994,1.04052136396,0.0676349371179,20.3514743802,2.51129309651,4,59.4617546245,0.279025014249
balanced,1.18012892999,-2.36166177164,1.90525774573,1.99084363885,0.986117257716,0.954051489314,0.0457016785553,16.9678135244,2.52430758676,5,58.1285294281,0.199112648301
balanced,1.12840710936,-1.72988849473,2.07848928985,1.83252057851,1.00524781607,1.00256359905,0.0627081806417,18.0759356356,2.63809395044,4,58.1609027133,0.275129705006
balanced,1.16656879945,-1.32507578838,1.90461352041,1.9743983062,1.01172644549,0.988581851033,0.0613973808383,16.7389012723,2.5895312756,4,57.6842485734,0.244467839851
balanced,1.17836004579,-1.86059584413,1.99729982447,1.80735788657,1.04030324978,0.987935140888,0.0696642259661,20.5456190424,2.61446787164,3,57.6189931243,0.284484717766
balanced,1.15803338755,3.61911864124,1.85149398265,1.6773654557,0.968623106085,1.05012195463,0.0620333548509,20.0182300778,2.63315404753,4,60.9703554397,0.279352037838
balanced,1.23357476543,1.26406998203,1.91898031194,1.92044028154,0.96568559469,0.989196676706,0.0478790661473,16.6688771764,2.28879422319,5,59.6205461368,0.213130229347
balanced,1.130708854,3.89139096812,1.85704293908,1.85319008785,1.00959402618,0.998865649261,0.0661036126178,16.3323490253,2.22251217722,4,59.1515630089,0.25939200137
balanced,1.21868123079,-3.20621835979,1.97886674428,1.88447352916,0.974782753379,1.02406215315,0.0508262092309,20.7377805163,2.17113730867,5,59.0188499034,0.21508138309
balanced,1.15811726735,3.080277759,1.8221252854,1.69329493856,0.950374324249,1.05229413709,0.0548649234535,16.0771229086,2.51214640935,4,61.3997797417,0.250874550347
balanced,1.22541849701,3.87189686762,1.75533831738,1.86634944262,0.961263598184,0.990592698579,0.0673424527719,18.1492816616,2.53089468607,4,60.5398219175,0.277627023159
balanced,1.1397573661,1.04377494669,1.84822359249,1.92698312693,1.0392387261,1.00651300397,0.0461509002098,16.790842353,2.6423236849,5,57.3956223019,0.1917190267
balanced,1.22770744349,0.590275737169,1.91896683183,1.90907198462,1.0419522875,1.0217256539,0.0505833181336,17.4718467618,2.41712113404,5,57.5238680848,0.203775682646
balanced,1.2704213237,3.01851375307,1.96277228121,1.72836248047,0.958254098265,0.94679754723,0.0643083351889,20.6454745433,2.2643973006,4,61.1120105915,0.287224557753
balanced,1.19741687546,2.3952669981,1.98961369301,1.83024998814,0.999141665902,0.907339492714,0.0532293349875,19.9542719164,2.44463963737,4,59.0690241548,0.238190928895
balanced,1.15919337165,-3.9084465324,1.86914163351,1.76369518717,0.973940772109,0.930756906521,0.056623353375,20.0399633221,2.5214249723,4,59.5003172063,0.242371131408
balanced,1.1531783222,-2.84041145912,1.8780736515,1.79393931053,0.998934644338,1.01307354845,0.0554352189267,16.7184280008,2.56262810903,5,58.7305971556,0.23115973713
balanced,1.18199906979,-3.37689024312,1.91053555957,1.90510760592,0.965743337262,1.04734427974,0.0620558860526,16.1565212427,2.35435652922,4,59.157075546,0.252362499654
balanced,1.16079162665,-3.31077142512,1.94511401749,1.81846600276,0.979748069916,1.08731339776,0.0591924210987,19.5696773753,2.55012973166,4,59.0008320554,0.251566469001
balanced,1.22037498364,-1.38135480947,1.9783251054,1.95658844916,1.0215576834,1.0440719242,0.0689275308232,17.5201322113,2.52776168366,4,57.547288827,0.27261287965
balanced,1.20663769259,3.23828681268,2.01574397266,1.99369132609,0.953009665393,1.08327591266,0.0534055874927,20.0921401556,2.16452236426,5,59.7872760008,0.233947018788
balanced,1.19055641161,-0.32264755466,1.79435419305,1.8048491899,1.01362664039,0.911576977907,0.0662263983983,18.0995161651,2.58489626791,4,58.8181893207,0.262636482137
balanced,1.27362634187,0.0991480165931,1.75228947458,1.66582806833,1.00322360696,0.938748179699,0.0672349759863,20.7668876327,2.29256266979,4,60.2648623383,0.263196560401
balanced,1.19541029982,0.903810716791,1.95006092989,1.93257094295,1.03111854032,1.02122243561,0.0650595593742,19.0061503227,2.25813566587,4,57.8038722042,0.24981096179
balanced,1.26634328832,-1.49673573287,2.0111102352,1.94113876963,1.00384881125,1.0981453992,0.0571759837155,19.2921010411,2.57648825877,4,57.9930729855,0.239338880489
balanced,1.20471399598,3.03725482393,1.80467366185,1.71461021556,0.985728919107,0.921138548413,0.0600760778476,20.9496603355,2.1563501825,4,60.629576201,0.245660431403
balanced,1.22899289594,0.841197071508,1.79818974672,1.72763330224,0.998549906982,1.09187279549,0.0451513364898,18.5800284605,2.4273889545,5,59.7569191773,0.197243289723
balanced,1.18730270817,2.46479236837,2.08892603955,1.81935029811,0.954692713393,1.05518407025,0.0551700824897,16.1695242988,2.59892104013,4,60.1242888253,0.269322442309
balanced,1.20371712842,-2.71206189571,2.01672165348,1.67548635258,1.00483563781,1.09360672741,0.0621036857111,17.112771506,2.62231567374,4,59.1163101337,0.2725369519
balanced,1.26951849883,-1.68890781958,1.76211568673,1.96351857025,1.04139660252,1.08790750791,0.063074128046,16.0323594584,2.43824535639,5,57.4125217402,0.221551449811
balanced,1.13311343783,-2.89352062072,1.83050001416,1.82231980686,1.0300031888,1.00390345297,0.0680948837455,19.2291499351,2.52813841945,4,57.9120284018,0.259261572121
balanced,1.22377979871,0.563823433473,1.99060792409,1.98021018779,0.950221000982,1.01572968029,0.0601068109047,16.4816910978,2.2447128231,4,59.6812892221,0.25686618605
balanced,1.21683004431,3.45000227095,2.0394151815,1.94542219616,1.0065030698,1.06449791535,0.0643099867419,16.8039834297,2.21706112686,4,58.5831552516,0.262967622255
balanced,1.24985654162,3.1957766918,1.9055238581,1.67919603705,1.03247982724,1.09729637244,0.0485853469918,16.2909221984,2.59679456166,5,59.2097593226,0.217707910704
balanced,1.20683164554,-1.54232516644,1.78173552709,1.68284771567,0.978104761109,1.0096703325,0.0630911521066,19.6252957206,2.57091324453,4,60.3286084691,0.263242656763
balanced,1.15940451014,3.58988578353,1.92132777451,1.89528531448,1.03419726919,0.939892936919,0.0622777431231,19.9169326084,2.37565397561,4,58.1107346221,0.249156367299
balanced,1.26234416771,2.92557626463,1.91825037734,1.91931313975,0.955543205763,1.03619877648,0.060723817026,19.0138765125,2.45257930926,4,60.1265241481,0.264215895422
balanced,1.1274089599,-3.72076176579,2.0650015783,1.80729604139,0.957134686725,1.06628801299,0.0552605886696,16.6486390487,2.30107688395,4,59.5300690749,0.247681728809
balanced,1.23989918826,2.38172998764,1.95739619416,1.74118500214,1.00350807386,1.09154537843,0.0495501810679,20.5183292561,2.26617912041,5,59.6067763873,0.218557299333
balanced,1.25068002133,2.61423057992,1.97423255312,1.98576401226,1.00107953495,0.95913667225,0.0685530585575,20.9951810921,2.2019956282,4,58.629132778,0.272499590374
balanced,1.1456637327,3.37939945802,1.77901041026,1.75853356179,1.04157753737,1.08302038679,0.0521637901309,19.120407945,2.41616864441,5,58.7238134429,0.207489617525
balanced,1.26666123507,1.56464313683,1.98144281751,1.96187952225,1.00806270784,0.979248523552,0.0688274351215,16.6505870789,2.37589724507,4,58.347992113,0.277399216952
balanced,1.1595878862,-3.56647497291,1.8576339873,1.6985110048,0.977498496919,1.06680048303,0.0507446880539,20.3712429873,2.58358390845,5,59.7499956651,0.224770852574
balanced,1.12039217682,-0.483462387023,1.91155006554,1.90074792938,0.977289200991,1.04933695667,0.0647832354354,18.3868783688,2.35401146425,4,59.1043301024,0.263687115911
balanced,1.16597261392,-2.32195051898,1.85368341839,1.9541963686,1.00999671737,1.04588470875,0.0472230591605,19.2624550374,2.47132834873,5,57.7602603374,0.191608076538
balanced,1.19254087066,-3.7165206643,1.80894485843,1.85262854324,1.04681009978,1.05055358576,0.0531507705003,19.0798613931,2.42397078548,5,57.3326862893,0.19774771924
balanced,1.20278784302,3.57307934994,1.83501866613,1.79067447535,0.997097363882,0.905809033004,0.0667505378975,17.735316707,2.40890760092,4,59.8059392156,0.275139496375
balanced,1.2326134784,-1.91413033147,2.0077903913,1.89545716781,0.983134455568,1.02523093917,0.0668575383363,17.0017359599,2.40650093311,4,58.8170877591,0.278172248331
balanced,1.20164284782,-0.14495419648,2.0447052567,1.72598266119,0.998835882995,1.09821506654,0.0577200725667,17.7424193923,2.58198074508,4,59.2259950022,0.260696979056
balanced,1.26353707679,0.571416242158,2.07552867625,1.97128499473,1.02240486695,0.970281694733,0.052723061591,20.9092678397,2.52738826499,5,57.5101572726,0.227485069771
balanced,1.26309166527,2.29825328455,1.77083403647,1.93274668381,1.04592694448,1.06347648831,0.0477771052455,19.3216000007,2.34130066269,5,57.820805561,0.180412285227
balanced,1.19481088066,1.03985602013,1.86192779499,1.94001978851,1.04440746897,0.987682995438,0.0451134218872,19.3927163155,2.18805231003,6,57.506040354,0.176042130368
balanced,1.17344047518,-0.242132440082,1.99736867401,1.67288313118,1.00432619102,0.992352445093,0.0467475942902,17.4159334634,2.4906465495,5,59.380297563,0.221752654308
balanced,1.13133014277,1.19223667426,2.00620985441,1.86406457149,1.03350284525,1.01504363574,0.0686061885401,16.6768499136,2.34864790706,3,57.8941501653,0.275029499297
balanced,1.13103993485,-2.20098848722,2.01428458672,1.87429944204,0.974253136137,0.978460655052,0.0608599462942,19.8258223455,2.59921520526,4,58.8355800087,0.268687180441
balanced,1.24675113665,2.42148750485,1.93098950943,1.75538256554,0.987524343238,0.970091079069,0.0506214439225,19.4528399502,2.20452828463,5,60.0571872694,0.224011450341
balanced,1.15811813681,3.05651195163,1.85562417467,1.86304477883,0.953478987062,0.917496955619,0.0522972574689,20.5573180027,2.50987550519,5,60.3389713703,0.23784430219
balanced,1.15621949088,0.832779130906,2.00557251498,1.66292817038,0.974053667483,0.996784123203,0.0543338553618,16.5637004298,2.51030637831,4,60.371326214,0.258973197514
balanced,1.22887263491,3.9053148345,2.05441428669,1.79288114482,1.00673944241,0.96016094401,0.0488760130476,16.6141199625,2.47742470192,5,59.1405905182,0.230918810698
balanced,1.20153052048,-1.9957783459,1.84806851269,1.83984519079,1.02644905236,0.952633835103,0.0646314897756,19.8147244003,2.3894860735,4,58.1417143868,0.246620557804
balanced,1.14213892783,-2.3639160752,1.80446276875,1.80435298844,1.04917574714,0.960280350259,0.0493936246021,16.4713907609,2.37834587418,5,57.6073186658,0.190767771203
balanced,1.19983813405,-3.07316982116,1.9928509557,1.86178102983,1.00726301167,0.968818579048,0.0559076125522,19.7080345722,2.26227949686,5,58.2020967481,0.227980799351
balanced,1.19810191147,0.284835537636,2.02350315677,1.74720949136,0.976050114899,1.08995910116,0.0469783322645,17.1060257156,2.50839963048,5,59.7698501545,0.226706518859
balanced,1.22860157704,-0.971761137053,1.77328535491,1.83997859614,1.04585583671,1.02603460402,0.0589408124188,19.2342761225,2.58333672177,5,57.7971174268,0.221209532033
balanced,1.21332447599,-3.37370170157,2.02483138611,1.69064920801,1.02800548781,0.944910716369,0.0473330577255,16.7789655898,2.36811930497,5,58.4056717481,0.211616655798
balanced,1.16633598554,-3.80944466662,1.76499469681,1.91195081627,0.988340429709,0.96425280969,0.0600780025337,16.4225367463,2.297028741,5,58.6953251164,0.224979234671
balanced,1.19092289194,1.13567057162,1.86824021019,1.85611940943,1.021041285,0.963515656127,0.0540372558097,17.9214212602,2.15275111848,5,58.5756997493,0.212165412414
balanced,1.19213767937,-2.06597143288,1.95635330025,1.77936418214,0.974007904731,1.08873627189,0.0524071924793,17.6604426712,2.45924294294,5,59.5382308694,0.232300845652
balanced,1.15930307567,-2.13412949629,2.05910731826,1.82097749899,0.963662135639,0.924616767116,0.0597479679244,20.4002435774,2.4473346184,4,59.4556391048,0.271556199348
balanced,1.21524911656,1.7763943613,1.80524471513,1.71132286964,1.03890814354,0.908362965217,0.0614817683459,19.5675400325,2.43787654287,4,58.9817777172,0.243942689412
balanced,1.26939194083,0.6461406778,1.78543508624,1.8766791456,1.04687786681,1.01108853133,0.0642140452546,20.5871303926,2.58814868073,4,57.8407158906,0.239602107178
balanced,1.25719838074,1.81975774293,1.80058383894,1.84938887224,0.953324060538,1.06636764552,0.0669727011062,20.1930049694,2.59689726073,4,60.5515188293,0.281256051046
balanced,1.25345430318,-1.81405903226,1.8349611803,1.67292952799,1.00602318303,0.923077895451,0.0507143041367,19.7130196496,2.19707559771,5,59.7218476182,0.211238605461
balanced,1.27784823202,-1.34740751867,1.85187923365,1.81077533791,0.992703589792,0.940959833009,0.0485390983815,17.7785747077,2.27165999331,5,59.3196386208,0.204612440386
balanced,1.13597954417,2.76692195659,1.86849123439,1.78815986126,1.01760074216,0.970197415311,0.0640011511818,19.6847844955,2.32650739152,4,59.0672788989,0.257245764839
balanced,1.2590058505,-3.47523510019,1.99240814468,1.7234503025,0.992421145699,0.916447526581,0.0562729239017,16.2256899083,2.37703684115,4,59.3030555952,0.245489627619
balanced,1.15448951305,-0.922267486617,2.07357196744,1.82230419671,1.04971300719,1.09325572314,0.0643240029705,16.927514756,2.38387752868,4,57.3581679756,0.25896350257
balanced,1.26680508952,1.51425880155,1.80002388109,1.97205461654,1.00797040393,1.00842243782,0.0471480246415,17.9259882824,2.51545645334,5,58.3773743605,0.193663647186
balanced,1.1930433442,2.31083773299,1.84086037319,1.8362874045,1.03537473038,0.972868130497,0.046894409746,19.7451581534,2.41932263782,5,58.2873660712,0.195363116869
balanced,1.13409979425,-3.09507836575,1.84118310065,1.84318161869,0.997487558457,1.02850374098,0.0645856361726,19.1965122488,2.56912104233,4,58.5689434588,0.256448418937
balanced,1.26067232476,2.90371770169,1.80546394032,1.84197546805,0.977489982296,1.00417505773,0.0459487974958,17.0902722603,2.56366038271,5,59.9227770363,0.208115705437
balanced,1.24403896352,0.704784181499,2.0982757838,1.66971846588,1.04961963479,1.07520158152,0.0689774999928,19.6297456971,2.44478746448,3,58.4698261787,0.292234024737
balanced,1.20426979205,-2.4157892127,2.07568502273,1.76123561996,0.982781913312,1.06954432551,0.0510816659553,16.8349383281,2.48963733496,4,59.1802283036,0.236557444057
balanced,1.18722395578,0.982439249375,2.07367153808,1.8700850738,1.04525388995,0.942430698113,0.0628260151715,18.8365584188,2.38818679207,4,57.4817735085,0.259207495759
balanced,1.14028591369,-1.97638534448,1.90700126226,1.8052291571,1.04952326496,0.923963763855,0.0466224715733,19.9465211132,2.33888176095,5,57.4751087236,0.190928320608
balanced,1.2735041961,-3.82921222287,2.03544348376,1.7350377069,0.988252918132,1.00609544832,0.0487211797609,19.3902864473,2.4865850713,5,59.1643259705,0.225439951051
balanced,1.17580643096,3.21112349508,1.76349598108,1.86547242596,1.01363311574,0.901091256144,0.0613769869738,16.5836246209,2.33420550008,5,59.0427991587,0.23653214954
balanced,1.23040351324,-0.277888876631,2.08912078307,1.87015315125,1.04259664215,0.905145538268,0.0629337426896,19.3627538945,2.63691476262,4,57.3227738055,0.268367101603
balanced,1.21781226838,0.391630944013,1.83486742419,1.73165556378,1.02816424908,0.915932468733,0.0640483696275,16.9447423256,2.53890925299,4,58.9001709223,0.258787216594
balanced,1.216746846,-2.7565655579,1.83911122594,1.93475262162,0.964761360938,0.91587486459,0.0662467285784,19.5433905537,2.22752072284,4,59.3819525752,0.258607249455
balanced,1.12344354957,-2.73937512442,1.83662546798,1.89533679874,0.957300927283,1.06526029075,0.0641305412323,17.5177419169,2.31297971445,4,59.5787566296,0.254957146028
balanced,1.24731506235,3.49721004779,1.78160524044,1.99950342151,0.964357255498,1.05884580626,0.0628925148097,18.856645505,2.6463413827,4,59.6895392208,0.257602214053
balanced,1.18467476374,2.31952047883,1.8492883165,1.95686703835,1.01254054249,1.05194444495,0.0538695611661,20.0184080817,2.60288080008,5,58.2121055478,0.21990900008
balanced,1.26296592315,-3.30289625845,1.9853821861,1.83046888819,0.951689889366,0.992372674619,0.067695162467,18.0863345162,2.52472789638,4,59.8792166823,0.29501339443
balanced,1.19394372589,-1.48146018074,1.80415923049,1.77611272443,0.966695636727,0.959411144628,0.0690059399479,18.5112408698,2.61648832022,3,60.0882388186,0.287556081679
balanced,1.26181600535,3.67862016777,2.02062867835,1.92801537574,0.953129505693,1.08833819637,0.0562308726335,18.1125335208,2.43524774293,4,60.0670524359,0.257193469368
balanced,1.12105102695,-1.95560368496,1.86144706816,1.78943283943,0.969226732903,0.942346756319,0.0616365063849,20.2710398337,2.42854962708,4,59.7449041177,0.259376167454
balanced,1.22639035968,-1.78471143897,1.84297067722,1.88318111014,0.95782283196,1.08451082289,0.049810177861,20.5522778733,2.33449874244,5,59.7721073866,0.211835480156
balanced,1.17393239149,-1.97415031276,2.05563391624,1.97217937676,1.04048044176,1.05703097317,0.0582865124691,16.9636910997,2.23545008498,5,56.8524070811,0.224764673054
balanced,1.21291032324,-2.5493894432,1.84617356751,1.90608913587,1.01967057269,0.94229763531,0.0528886296492,17.2333794723,2.40559110409,5,57.8662670346,0.207690432948
balanced,1.19377273534,-2.95553416993,2.05218356045,1.79808276967,0.985942051503,0.981695844685,0.0475398057505,17.267843421,2.29241624729,5,58.9433284053,0.216926120911
balanced,1.20185304067,-3.98774923268,1.8654110196,1.92633000597,1.03230971699,0.924688055938,0.0527008522455,17.7781595546,2.50776490131,5,57.1847115772,0.205670205161
balanced,1.21409333305,3.7831120427,1.95783399775,1.72306548668,0.998490474337,0.969891498132,0.0527658303272,19.2249532667,2.64579684701,4,59.7780037171,0.24704638091
balanced,1.20515078663,3.38266817872,1.80017548394,1.8713607325,0.952328200513,0.92538162496,0.0542245509196,16.6711497757,2.43014388097,5,60.5824705283,0.236945661733
balanced,1.22307933273,0.232670437266,2.07420746458,1.67101334254,0.962538438978,0.989014674318,0.0595370219448,19.3704083524,2.58986539759,4,60.5697634541,0.288036468964
balanced,1.25850403089,0.743249165657,1.99548949531,1.96769986077,1.020506066,1.04449931177,0.0577854566463,19.1866115232,2.24833035178,5,57.8833892702,0.228429376087
balanced,1.16824378078,-0.888055232576,2.0082793756,1.80723262223,1.0117514842,1.05031268317,0.0678066440421,19.9062795287,2.2127541575,4,58.6344036141,0.272253125619
balanced,1.18799732923,2.92672392473,2.01690107865,1.90047435649,0.979254692771,1.03486684707,0.0507777152677,17.5503074243,2.53503946966,5,59.1982734234,0.234481999872
balanced,1.16751304675,3.11942390407,1.82043212393,1.94799313895,0.980603925814,1.06638268852,0.0557167015625,19.4874437382,2.28609625992,5,59.3949872863,0.224214204353
balanced,1.22753805638,2.49841636561,1.90605908089,1.93549637291,0.962285174456,0.916478688312,0.0558339684641,20.2574863956,2.52502256736,4,59.7157888984,0.247581501963
balanced,1.20881474952,-3.43552254277,2.0552648466,1.76707475134,1.00209498318,0.940362510838,0.0526026583676,17.3387608088,2.61902192946,4,58.4993522687,0.23984324702
balanced,1.12196863134,1.12622431776,1.81267009567,1.88103229151,0.995094962086,1.01464183472,0.0588824468877,17.961976171,2.37906504142,5,59.0129921218,0.233442162153
balanced,1.25725833797,0.900129027928,1.8743722426,1.80924642926,1.0364828214,1.07216071274,0.0569603859783,16.726161613,2.43575060991,5,58.3351089641,0.225332477496
balanced,1.24471809648,-0.335621585208,1.96660787114,1.88495532728,1.02740970687,1.00204181514,0.0536610183119,20.0901297828,2.3909783018,5,57.890877197,0.219731779507
balanced,1.12700758024,-1.36030548289,1.92404769234,1.91465506607,1.02283992868,1.00209474501,0.0671922275225,17.9517992998,2.1982674197,4,57.8331192649,0.253180862421
balanced,1.22632697933,1.27999476362,1.82848320276,1.70885316445,1.04206475514,0.915442924201,0.0585458890683,17.6096258336,2.1616100156,5,58.9829009836,0.226278294796
balanced,1.26956859584,3.46261268678,1.76279616673,1.7707731048,0.993565612766,1.09779902039,0.061164447649,17.8246303674,2.63010534782,4,60.0665101909,0.251317969314
balanced,1.27048178979,1.46558347048,1.86259453382,1.8511884272,0.96999800711,1.0523017394,0.0545565704981,16.2453496235,2.38523705097,5,59.9899024772,0.23231558026
balanced,1.19589851666,-2.70885836739,1.93688913706,1.92876234817,1.04217410687,0.923742477424,0.0674849007014,19.0501521143,2.5812008502,4,57.0008400554,0.262031739561
balanced,1.20853021842,1.68015012376,1.89660153784,1.71844020787,1.01489997145,1.02031421204,0.0669182930127,17.9406339019,2.58386924137,4,59.3358049569,0.280604640911
balanced,1.22775536419,-1.38922417121,2.01929047138,1.70160498543,0.966148698828,1.06084836722,0.066405468359,18.5245255089,2.51868658103,4,60.2700750677,0.297899267512
balanced,1.15651781851,1.66853604888,2.08695855896,1.86597595534,1.04518217531,1.02649239946,0.049946448721,16.025870644,2.46140295256,5,57.3984149976,0.218132508437
balanced,1.22741416644,3.03298289622,1.81604589673,1.99507811614,1.02302310742,1.08908158067,0.0503732784944,20.2085622175,2.61804167839,5,57.935896224,0.202755197535
balanced,1.24814125959,1.81962294962,1.94990468444,1.68636222773,0.975048059043,0.959134902069,0.0541552119694,19.5662590371,2.47675626384,4,60.5551421409,0.252468530155
balanced,1.27679867251,-0.66592667544,2.07200680461,1.83596225308,1.03203147525,1.0225790392,0.046339164493,20.6435050895,2.46758214618,5,57.790559562,0.207776394674
balanced,1.27872316515,2.9730308989,2.05437442845,1.68839971885,1.02891520494,0.926664856027,0.0450195936672,17.0158882626,2.58802986416,5,59.033292601,0.221543531098
balanced,1.24093992593,-2.12067191586,2.04464693611,1.74375337857,1.03638640131,1.09696388105,0.0667102008326,16.4177088857,2.51909077482,4,58.0818594643,0.275469417032
balanced,1.13280575742,-1.79571632684,1.98381034106,1.7017806749,1.04403232429,0.900378653268,0.0667813338425,19.7889013635,2.20575544677,4,58.2693093425,0.265988518432
balanced,1.13661620985,-3.34698310534,2.0585383051,1.92816184516,1.00322782059,0.925825587317,0.067187338201,20.7791986532,2.53740274428,3,57.6827279114,0.281313006609
balanced,1.20900816426,-0.48070538782,1.92264556981,1.84871636303,1.04810081665,0.937326415808,0.0679210580076,19.4798331048,2.43669845888,4,57.6099856452,0.263486993225
balanced,1.21005347758,-0.947332826897,1.95088807932,1.75285025127,1.0137970668,0.989455362261,0.0612766085852,20.3558711811,2.42372155113,4,58.851017143,0.255295504183
balanced,1.22832336,-0.838191604872,2.0813684997,1.70422281164,0.977580465366,1.0081647909,0.0545959059436,18.2496279139,2.49033489551,4,59.8624391237,0.258794099561
balanced,1.26675211586,-3.98268209089,1.8928600226,1.77877360453,0.989925452156,0.93166920893,0.0636638736294,17.5415548246,2.55674838734,4,59.1225109249,0.26450293557
balanced,1.26287706049,-1.44571280295,1.90461066717,1.92045402159,1.04460981442,1.05574352364,0.0511749818244,17.8704365228,2.49231722687,5,57.2136392735,0.201559051065
balanced,1.19190326625,0.64771703619,1.93604136777,1.99148025639,0.993205355856,0.962548897841,0.0462515953756,20.6318775738,2.2519586657,5,58.3957132466,0.197597419288
balanced,1.16442361626,-2.73378615568,1.84672382331,1.79842275616,0.96198293981,0.905888941437,0.0594618448692,20.2633457929,2.48252587836,4,59.8610620797,0.253180580999
balanced,1.19721854726,0.656808720061,2.07246933983,1.73301014217,0.970192718079,1.074362614,0.0652589220731,19.7923647244,2.23621252971,4,60.2418653932,0.288431768641
balanced,1.12072117867,2.43679209295,1.77551335001,1.98463026288,1.03454638055,1.09096418881,0.0634515802303,16.0006052651,2.56315874965,4,57.6422094208,0.234232434771
balanced,1.26222995215,3.45195656273,1.8868679068,1.65310901146,0.970813571815,1.04063471677,0.0486852958578,19.8051766464,2.25294233607,5,61.2571341169,0.226445655837
balanced,1.25689708526,1.42017648895,1.80231588722,1.97484766146,0.99182159857,1.04497924295,0.0608087405205,19.6017727298,2.16131298449,5,59.0512094707,0.227625952415
balanced,1.2436319583,1.6597802424,2.03264523121,1.90479279297,1.02592423289,0.962620720461,0.0475950855553,18.0093459799,2.45566971517,5,57.8870102071,0.211264611888
balanced,1.24980170046,2.4853333881,1.76768202243,1.72476075596,1.02157065076,0.936575794736,0.0536554019031,17.7188711127,2.55930951512,5,59.4290260989,0.223220270356
balanced,1.16057481595,-3.42891060575,1.75297265654,1.8490363146,1.01019247388,0.918817018305,0.0686580576985,20.313911493,2.5682999629,4,58.3845230677,0.259763472587
balanced,1.25220609417,1.1168855061,1.9994392009,1.91957860781,1.03204619983,1.01738611667,0.0588607206948,19.8960348441,2.23289252923,4,57.8568656322,0.231887238168
balanced,1.17107280111,3.54247129507,1.87420621455,1.66085401,1.0467707979,1.08272264164,0.0633179958639,19.2908086574,2.27075774533,4,59.1965281641,0.251142501339
balanced,1.2764747688,2.68031109402,1.96719998589,1.73801187883,0.981959634007,1.08817117703,0.0558343738868,19.7216891904,2.49341987768,4,60.186761931,0.253044772541
balanced,1.26121709655,-0.0647475121415,1.9106094434,1.74595803841,1.04058209415,0.905482190717,0.0619357988905,17.247738352,2.43092092624,4,58.446218584,0.250215737957
balanced,1.23466775741,-2.11169104664,2.02685452445,1.65982364421,0.987754917777,0.983809386524,0.0601789152579,20.6409410668,2.621768189,4,59.752529993,0.276433542406
balanced,1.14100619509,3.28873465183,1.94382640844,1.93815525632,0.954910494267,1.0368577896,0.0502835283585,19.8717411314,2.48700561827,5,59.7960727133,0.231936588313
balanced,1.14450227666,-3.00713971634,1.80140307072,1.6699502341,1.04984928456,0.963685623627,0.0573206212832,16.8490699072,2.44590321875,5,58.2821435374,0.222212983384
balanced,1.1755985164,-3.98777507806,1.97241035079,1.95047693751,0.994226352321,1.07960391741,0.0544543066376,20.8468106442,2.25239066757,5,58.0070973814,0.21742351197
balanced,1.2696305232,2.87255630323,1.92397718715,1.89694220508,1.00738915141,0.987345259451,0.0677502766275,20.1952674628,2.44300997797,4,58.8648311007,0.275982401592
balanced,1.20765668829,1.44065370348,2.03634297104,1.7982523163,1.00514246861,1.01479538335,0.0505587998565,20.9142539712,2.16646031093,5,59.0603442511,0.221202426916
balanced,1.22402185066,-0.121630260717,1.75951157796,1.83276627606,1.03035830533,1.02411861187,0.0542140821548,17.3480430196,2.49340792003,5,58.3491760278,0.209086360303
balanced,1.13830630673,-2.24322266327,1.80678398503,1.99090304809,0.996937069639,0.905097657714,0.0653844307846,18.4959267271,2.40243813828,4,58.135400875,0.247191550015
balanced,1.25163051347,1.65979778993,2.03749652653,1.92712323712,0.981554606515,1.09161334033,0.046258991563,17.8635651016,2.24257922383,5,59.0639550419,0.209268181054
balanced,1.22677242645,2.21189455193,1.95539356988,1.74735050512,0.96828667424,1.0090532793,0.0489708421602,19.1072155641,2.36556397998,5,60.4318120686,0.230304755785
balanced,1.17265531741,3.28221236773,1.76037623386,1.84725384592,1.02126221579,1.06945990738,0.0619272068704,16.2407802935,2.50956140092,4,58.8499654943,0.238316948066
balanced,1.12730389682,-0.925222986633,1.78745975018,1.75778906899,0.950241697427,1.01680722049,0.0464490557378,17.2678809581,2.26626215374,5,60.6924324415,0.206634862111
balanced,1.18771630358,3.3405452465,1.8257547911,1.94683178969,0.960145284285,1.01914160054,0.0667077423701,18.1617603486,2.44615235501,4,59.9894585195,0.274683107544
balanced,1.14263134811,1.34868987982,1.75638348554,1.81894568187,1.00616286695,1.08658716871,0.060473041029,19.9980146425,2.16991946644,5,59.3154633483,0.225940352851
balanced,1.19946812062,0.0954472667807,1.92155983712,1.71543549239,0.969406013348,1.07370791453,0.0593553800929,18.2738440916,2.16488675171,4,60.5333090671,0.251405566258
balanced,1.2710372819,-1.1427992012,1.93626576897,1.72309554328,0.988094965067,1.07930831972,0.0572674195569,16.4449128781,2.21382798186,5,59.8826147851,0.238717160689
balanced,1.22119910313,2.92355379279,1.83444793498,1.66127348456,0.978040586721,1.08862808725,0.0536341321862,19.8892868088,2.40041572757,5,60.9192678581,0.237098305845
balanced,1.20219981583,-1.84616857634,1.82987228508,1.88002788244,1.00487771758,0.917287106937,0.0667884880767,18.6334644343,2.46493051456,4,58.5196752022,0.260203349124
balanced,1.2068099846,-2.08717623491,1.81171429073,1.90630141604,0.964871104524,0.913417781381,0.0473378166716,20.3558438146,2.4443813145,5,59.3785685015,0.205204670037
balanced,1.12305825626,3.26611390449,1.91223553812,1.77694973425,0.995738705355,1.04637935157,0.0507857042839,16.2183033756,2.63769645696,5,59.4237843508,0.231419306189
balanced,1.15299554619,-3.70878955464,1.98525161429,1.8639107088,1.02371832721,1.00409824045,0.0684713236787,17.5250765758,2.59483375916,3,57.5275912334,0.275940487714
balanced,1.1810395253,0.075963283557,2.01316452881,1.85384057312,0.966423662917,1.00661590104,0.0480963211859,20.1525144308,2.17052393371,5,59.646674904,0.218277965197
balanced,1.14115153875,3.49043991766,1.9187412795,1.83735278667,0.980916480507,0.96387879251,0.0525905109609,18.8979080574,2.30982731064,5,59.7370539914,0.231558953187
balanced,1.24895179514,2.82106095633,1.93416752562,1.75832328135,1.03793663888,1.0475920107,0.0552824143739,18.7362531492,2.34557783354,5,58.7177172973,0.228051463701
balanced,1.16897906405,-1.92587307893,1.80096836053,1.77003805981,1.04718524343,1.03862303878,0.0610125432592,17.277677452,2.59016213849,5,57.8945933531,0.231783795852
balanced,1.27048122942,-2.00327215356,2.04686305952,1.87913205903,0.992048803925,1.03913161274,0.0481934625654,16.3640043808,2.46075388845,5,58.5066285453,0.21737014132
balanced,1.20782483283,2.03092841961,1.90656589632,1.7328404128,1.03356695247,0.919555914983,0.0592157043341,17.1675522765,2.36975024242,4,58.8723448619,0.244053378867
balanced,1.27351899422,-1.83843704466,1.81213327917,1.86497841476,0.965990581709,1.05360071916,0.0498396469337,18.4973064879,2.46558958311,5,59.6767029189,0.212055759685
balanced,1.2512095932,-0.223440572876,1.80578695285,1.90387793923,0.956902396018,0.989528997071,0.0548217125914,17.4306089196,2.60233586304,5,59.8648054471,0.234216519743
balanced,1.13077385599,-2.38481473787,1.95897929211,1.75637409038,1.02364336336,1.09095294622,0.0479223890112,18.053011166,2.41552177847,5,58.2072789126,0.205762004397
balanced,1.17423781696,-2.52538605068,2.03763018275,1.99656512315,0.954575060001,1.01378460397,0.0542187906143,17.0738032018,2.5504922052,4,58.7933038278,0.243651772281
balanced,1.27900281287,-2.99461645605,1.94936712519,1.65902065076,0.950872579488,0.961522915398,0.0616265491829,19.357860546,2.24392086956,4,61.0757874164,0.272391810414
balanced,1.22119368047,-1.23396689458,1.82997238519,1.66214702992,1.04176445219,0.974507457611,0.0521267929422,19.620228046,2.63227756243,5,58.6667809953,0.218313980266
balanced,1.2738427844,0.0569462502948,2.04942300671,1.77650195633,1.03764019706,1.06649963118,0.0687980907814,16.9175366986,2.27992060228,4,58.3046526215,0.276939498678
balanced,1.27237729183,1.12068138484,2.00103726153,1.97018636964,0.989246747342,1.04984539429,0.0496444259695,17.978626112,2.25318816439,5,58.6944503206,0.213127544934
balanced,1.14034940169,-3.19228858994,1.91043172844,1.74254704688,0.996177835209,0.928360430169,0.0591859962411,20.6808778233,2.49311086225,4,59.0291088264,0.250464020991
balanced,1.26134602869,-1.37910937535,1.78236021243,1.92935237988,1.03621485299,1.01390610025,0.0573316464918,18.7151612661,2.37550758729,5,57.6878283186,0.209399878761
balanced,1.13042304478,2.30571739119,1.96123107104,1.8754373931,0.967423108457,0.911498635426,0.0486913909341,16.9880395612,2.43984861409,5,59.6106613321,0.228134624445
balanced,1.18901628941,-3.07261438716,2.02087148655,1.87092792958,1.01387549793,0.905783995911,0.0472953241647,20.1075064563,2.18447061995,5,57.9226510346,0.201161307182
balanced,1.22565893467,2.00597264696,1.89899022764,1.75365377663,0.985061249619,0.987671172332,0.0637389745238,18.3250805101,2.60952732003,4,59.9594272506,0.278298064099
balanced,1.27205688942,2.65844969236,1.84078972611,1.89876274584,0.951280150724,1.02709865319,0.0559158298954,16.4725176589,2.57123351922,4,60.3654510064,0.245433131253
balanced,1.17776652454,3.7708733238,1.93484857742,1.92138283784,0.953798226373,0.960374457146,0.0648401983269,19.8445327588,2.24851798879,4,60.2503495311,0.277464326721
balanced,1.13313989923,-0.431625212679,1.7559808201,1.98366161948,1.01901721498,1.08406550539,0.0595920092162,19.7713402781,2.60400469483,5,57.7293881456,0.221811983533
balanced,1.17007829164,-0.465533296325,1.76502698347,1.71008016346,1.03464086459,0.966309284389,0.0528415753249,16.95962575,2.58236991075,5,58.7171256937,0.214115267604
balanced,1.23475478395,0.178418794737,1.99414614436,1.76897285958,0.978927735574,1.01187092249,0.0621840635144,17.3590192609,2.55376031515,4,59.7269940004,0.277308095272
balanced,1.2434992556,-1.76359347519,1.8377585948,1.71904392634,0.9827225026,0.910865571935,0.0513855079185,18.6100091207,2.39284611031,5,59.9573812136,0.223182913853
balanced,1.23897900557,3.47140869718,1.8744650911,1.83783812751,1.00696688237,1.0223543111,0.0695458962617,17.059831569,2.35436897105,4,59.3253168674,0.278119570641
balanced,1.15140192616,-2.46827377965,1.76620808685,1.83801393416,0.973773317058,1.08355283727,0.057829752368,19.7238612319,2.51978688641,5,59.4430696583,0.231358078453
balanced,1.27331356729,-1.09960359027,1.91820948371,1.78972334685,1.01724509314,1.01486617103,0.0542542995044,17.5974389369,2.44335883339,5,58.6389707785,0.225213229177
balanced,1.1660169275,-2.66968244305,1.77966959673,1.92159020543,1.02780144143,1.07991263886,0.0589897336011,19.2596726887,2.35186375762,5,57.6769827647,0.212946900033
balanced,1.20214975974,0.752603666915,1.81121440501,1.71750998285,1.03318705203,0.941117545039,0.0634548589679,20.4763918081,2.48520545019,4,58.9320978974,0.251944408831
balanced,1.23918126837,2.71116144119,1.99582724896,1.69991158818,0.957415710359,1.00370029656,0.0517827449041,18.7256098903,2.60792152209,4,60.9057181084,0.257302400945
balanced,1.22138310865,2.71471875007,2.00317557168,1.71113202651,1.00117022783,0.926436699423,0.0492780575956,19.9161584213,2.54383989056,5,59.6291821409,0.235159617555
balanced,1.15628293587,3.54003069771,1.8508063433,1.76552586525,1.03719775223,0.961453989008,0.068429505432,20.7720360963,2.27068052879,4,58.8938291698,0.266352607863
balanced,1.20855336102,3.97477549775,1.81867099861,1.8007626768,1.03193780058,0.999902731903,0.068051555048,16.5647798686,2.53186159186,4,58.8721876251,0.269487767487
balanced,1.15399454106,1.30571791584,1.75522711901,1.81973611299,0.952661070858,0.988240082768,0.0696679297638,20.5971931932,2.4377293193,3,60.6865463843,0.284728310064
balanced,1.21870760442,-2.36168764117,1.77962326088,1.85866259529,0.980246762534,1.04007514712,0.064633476989,20.6100519817,2.28770996743,4,59.4211708003,0.245541048069
balanced,1.21123393808,-3.53404959475,1.75285489559,1.95756706639,0.995945488562,0.938276521247,0.0503936206558,17.0539033591,2.18092242355,5,58.4061810768,0.188155057046
balanced,1.19428519923,2.17587098555,1.99907060312,1.90807115622,0.979795379827,1.03578483008,0.0687417331182,20.8052886107,2.58502533532,3,59.1764600499,0.297273036587
balanced,1.23104539809,-2.06341578653,1.81983411012,1.79282660273,0.998905668469,1.04996061962,0.0455679880804,20.7356347948,2.53001468905,5,58.9874090875,0.196281494577
balanced,1.18212123431,0.565728468806,2.07424131128,1.72701365963,0.991046024479,0.948038500111,0.0555064976151,19.8283557807,2.23697034789,4,59.6173717592,0.251050036218
balanced,1.21229138486,-0.270041550452,1.75470591083,1.81997720749,0.975113559777,1.04253379642,0.0491266229479,20.0545148305,2.50528002411,5,59.8081808541,0.208355538939
balanced,1.16703735852,-3.34593287854,2.04964536023,1.87843400006,1.00181483541,0.936722573683,0.0515105590124,19.2039713469,2.27728313076,5,58.0673072014,0.220397941095
balanced,1.20800051208,1.45556425217,1.99407084927,1.73036673475,0.994261875095,1.05559333551,0.0536525267165,18.4543758715,2.2585164781,5,59.7383140019,0.235884239894
balanced,1.15795296523,-3.9775249791,2.04909714332,1.99536237989,0.991260290426,1.05296110634,0.0676187517198,18.4335560698,2.38390750363,4,57.7493191641,0.272351028999
balanced,1.18121930565,-1.4456577237,1.98228545018,1.68327864308,0.958793540079,1.02583063764,0.0604668404334,20.2871521553,2.43974989911,4,60.5669092713,0.275359251647
balanced,1.22930764654,3.19460342163,1.99055567748,1.83634043279,0.987239010621,1.07621507423,0.0634859844854,20.2547619933,2.3492219842,4,59.600644257,0.271507194366
balanced,1.1476478921,2.82937116291,2.03447944255,1.90568412268,0.975404509215,1.03069431121,0.0489853435111,17.3809756731,2.52318391493,5,59.1775282669,0.230954688849
balanced,1.1921126271,-0.99452228088,1.83684551006,1.65805278221,1.02787179454,1.00093653343,0.0619289791211,20.6249062939,2.48065166896,4,59.1475345137,0.250031059966
balanced,1.26005436415,-2.18002522304,1.88794084731,1.81439120932,0.96328992902,1.00910367036,0.0512013458137,19.0473458755,2.33706179969,5,59.9069272831,0.222584240444
balanced,1.21308362704,2.06048233002,2.07830796457,1.70497995881,0.998161556231,0.902393292497,0.057223930166,16.9615894231,2.34304503202,4,59.7065863568,0.264135512391
balanced,1.15860738242,2.68872845886,2.04967634353,1.96101379766,0.953091236863,1.03832465735,0.0517581580579,18.7011835331,2.30566312198,4,59.6568920476,0.237754362877
balanced,1.16239083183,-2.54331661003,2.08569115405,1.90684343065,1.02094133717,0.958300412265,0.057581471424,16.7531426196,2.58356853427,4,57.3353949218,0.246797644224
balanced,1.22855319842,3.85899319931,1.91269252974,1.8307300149,0.955584234499,0.963889630382,0.0581622869411,19.1089923571,2.22550621323,4,60.7397145637,0.25490641935
balanced,1.18678115847,3.81723535525,1.89878720852,1.65551260785,0.957659309478,0.969071349884,0.0645335640984,19.3206652389,2.54496739208,4,61.4540326014,0.297504807887
balanced,1.14549873657,-0.127153437141,1.90407431095,1.84918163792,0.964275830081,0.946654332924,0.065959893386,17.5005901162,2.52320921827,4,59.7237611915,0.282901546003
balanced,1.24497910976,1.08799504662,1.96237992549,1.68517492234,0.985712975875,1.09315777471,0.06242391535,16.6316136434,2.35701946461,4,60.2766879398,0.271171678833
balanced,1.16252251968,-0.916793494699,1.9683506859,1.68158412434,0.992373594942,1.08746517039,0.0561839467995,20.7253229625,2.28070674997,4,59.7705638388,0.242234537472
balanced,1.25725556977,-3.64957416937,2.0954866128,1.88512359436,0.953662653302,0.914618758604,0.06844223819,18.619667281,2.3183842463,3,59.4661408687,0.298868880078
balanced,1.26054532934,-1.36935826336,1.86392647615,1.92293893415,0.962127126303,0.9518938521,0.0547540778798,19.8633655029,2.44965830338,5,59.4950063804,0.231752837492
balanced,1.23129664793,2.51242883327,1.80182380911,1.79576139775,0.991652534446,0.943885823416,0.0569141386471,18.2462574455,2.17611056545,5,59.9825813667,0.228966845599
balanced,1.12429094677,-1.36520668415,1.88915867253,1.95657044135,1.04205920478,1.00813490442,0.0603696387105,20.1044961576,2.22662812625,5,57.1430689149,0.220721963035
balanced,1.13699404823,-3.23731087932,2.01447730097,1.92616587478,0.966450374421,0.97175791153,0.0572592483381,16.8104022531,2.25450718459,4,58.862362199,0.242333134201
balanced,1.18431545708,-2.69298068213,1.86459860614,1.71296769732,1.01757368762,1.094682718,0.0603124098441,18.1423101379,2.51369318275,4,58.8196935627,0.242375528154
balanced,1.19638103179,3.04350836025,2.02270895442,1.84950353811,1.02501504029,1.02883629766,0.0609891645654,18.1889941668,2.35096381188,4,58.4166301554,0.254789685667
balanced,1.17168313248,3.24638495974,1.7528837057,1.97943754943,0.988950705633,0.960836508665,0.0468270056525,18.6283051294,2.55204412057,5,58.9623326336,0.197946185774
balanced,1.13303957336,-3.29822184051,2.08595971182,1.70243158056,1.00267808302,1.06254173601,0.0697042035865,20.8486978272,2.55341359216,3,58.827243471,0.304130467048
balanced,1.23388313697,0.6562949443,1.76868748716,1.98320909733,1.04113167172,0.934740165732,0.0630546648669,17.6632757388,2.17733862992,5,57.6823764676,0.22030816224
balanced,1.24160461427,-1.47095163476,1.77803701762,1.71167702936,0.970867618789,1.08159176298,0.0623618694735,19.2792304594,2.22002192663,4,60.6193968371,0.246610736799
balanced,1.22850664595,-2.76352629371,1.9172844804,1.9715217027,1.01167764942,0.951715947802,0.0462456172602,20.7470527278,2.52779582563,5,57.5481037225,0.195246135994
balanced,1.15183704727,3.81017346201,1.86062604361,1.74336874831,1.01749841743,1.03643885398,0.0593924423731,18.8165016737,2.2639875521,4,59.4723954096,0.240319231109
balanced,1.14490368426,-3.82973860427,2.01257414437,1.8936179111,0.974755820723,0.927519215162,0.0671134833607,20.7099674995,2.4691099004,3,58.672321614,0.284226320465
balanced,1.20802040333,2.42340937495,2.02412994451,1.78085927209,0.977020941761,1.0519086107,0.0658134616574,19.8699165965,2.41517539311,4,59.9762001048,0.29097411638
balanced,1.26087777138,1.01264147402,2.04037433613,1.8442062997,0.965750946095,0.921153418007,0.0675995979067,20.8310428828,2.60750260416,3,59.7718946726,0.306299500191
balanced,1.18053581977,0.078206800535,1.89748634223,1.96084590976,0.959150479055,1.03087214155,0.0648189262499,19.9018467914,2.48617623496,4,59.4290170821,0.270532859042
balanced,1.22022490176,1.95122709744,2.05097571367,1.98686230319,1.02045848244,1.03154038462,0.0593253833945,17.7796520137,2.2713892027,4,57.7919766272,0.240484842086
balanced,1.27387447461,1.85677059188,1.76207220233,1.77751899089,0.963368717183,1.0166141424,0.0673336761793,17.1272399893,2.21489790475,4,60.9490829398,0.26762756745
balanced,1.21794975111,2.2845696452,2.00233478525,1.93518875014,1.0183129758,0.923523740657,0.0467390352803,18.9478319935,2.2915178357,5,58.099352718,0.20423582997
balanced,1.25376322539,2.89233524604,2.02723423263,1.66368534781,1.00224417741,0.984078472379,0.0631674606064,18.401401109,2.20509567523,4,60.177262808,0.276249071835
balanced,1.21718211103,-1.43801210215,1.91492348539,1.99610194874,1.03538537695,1.00253116204,0.0615364686374,20.7427156832,2.47637517336,4,57.0872459115,0.233691010042
balanced,1.21245749315,-0.725630688683,1.96616542033,1.81480880765,1.01562990663,1.011244427,0.0638905222536,19.190171473,2.33084355351,4,58.5481313965,0.258357742361
balanced,1.2057928291,3.80140749975,1.75049627501,1.68006080496,1.00686501002,1.0492498016,0.0531016959805,20.7534113758,2.39665983158,5,60.2542648642,0.22158415255
balanced,1.12223013398,3.70786106498,2.03790095261,1.98767829361,0.980176412276,0.988292842361,0.0664307592115,18.6811311297,2.37395628416,4,58.904172445,0.284759225049
balanced,1.20093829131,-2.40467440528,1.8798279893,1.84366182344,0.994407818705,1.03042595732,0.056027773172,20.3440729061,2.55519556287,5,58.7198219744,0.231633631808
balanced,1.19124029463,-2.92646825202,1.8477897198,1.88419061382,0.974728877525,0.932086312575,0.0580094700454,18.4545206765,2.25828981029,5,59.2078275299,0.231536454955
balanced,1.13540500612,2.52809371295,1.92284140449,1.7431361853,1.02395267205,1.0722165537,0.0460051784099,17.5794431829,2.45207296799,5,58.8512943282,0.206164499984
balanced,1.26205166101,-1.40766988971,2.01932054322,1.65259283469,0.961005767633,1.08402650282,0.0515022940406,16.5527090967,2.19602256662,5,60.8439855845,0.238092461119
balanced,1.26512338808,0.148650792844,2.07893186449,1.82781819756,1.02039919655,0.933954056312,0.0663440838421,17.3312036903,2.35124171318,4,58.3775365046,0.278901385327
balanced,1.23593385759,2.96368479186,1.87766280346,1.92751267775,1.04082063508,0.971031195845,0.0540678783,16.0332264301,2.43626548661,5,57.8197805522,0.215242739887
balanced,1.21103264873,0.698142529846,1.80991298077,1.72007562522,0.952766742386,0.968770554613,0.0608863444027,19.6486826437,2.5041448537,4,61.0544615482,0.266501386083
balanced,1.14757870825,-1.63440575576,2.037918506,1.73771597789,0.996053010698,0.912690323209,0.0620924988539,20.8779795307,2.60373518291,4,59.0155848924,0.279230285273
balanced,1.22385836591,-1.10831489582,1.94579737834,1.96049347543,0.993077738476,0.919890034639,0.0502444762466,16.2918052042,2.5744165519,5,58.227637767,0.218915834903
balanced,1.21244463733,-1.87052398312,1.84006360934,1.93797899841,0.971754070276,0.978339560486,0.0482908880908,16.443308679,2.47905526075,5,59.0094435828,0.206806678196
balanced,1.25443457402,1.25201798063,1.90857332898,1.84239944703,1.04487234274,1.02942768917,0.0622039695926,19.5557934845,2.30718527129,4,58.04294443,0.238620777509
balanced,1.17373669805,-3.41902932255,2.01440519584,1.67855013697,0.997443068324,0.901596746499,0.0457896115694,17.951135247,2.18657936035,5,59.3192208227,0.210423526937
balanced,1.12558766673,0.265297780074,1.99382307845,1.68628228209,1.03549953099,0.923604280212,0.0475623508816,19.555224756,2.160467712,5,58.6876653117,0.207953879708
balanced,1.23075246166,3.87777916053,1.85304073202,1.96017767719,1.02181637514,1.0112745414,0.0688081874618,16.0412507588,2.59000525629,4,58.2904849827,0.271069767131
balanced,1.21173572165,-2.93202303142,1.78644334527,1.78606194985,0.956029379907,1.05965051313,0.0579199093314,20.00769922,2.471840838,5,60.2370397511,0.239437153127
balanced,1.18960432238,2.28584806016,2.00766736874,1.86387125327,1.01959502673,1.00087239564,0.0558263500923,19.7528359593,2.53689991204,4,58.2813430064,0.241539645713
balanced,1.18727442712,-2.01257118977,2.01366093391,1.76403837312,1.02974852194,1.0774042489,0.0459386576251,19.0723806156,2.39365384302,5,58.0566438925,0.201959095785
balanced,1.27672240801,1.16749167304,1.77459086608,1.706797511,0.960541054397,1.08723160384,0.0663958049354,17.7149179334,2.36564303743,4,61.2249392066,0.273450576098
balanced,1.25314548833,3.04118558317,1.78447357497,1.66793840547,0.994571732568,1.03161041118,0.0516794283983,16.4914242128,2.28346436957,5,60.6326710171,0.220195805567
balanced,1.17015610851,-1.97815669893,1.85161112273,1.79942113136,0.969235198604,1.0874882811,0.0588824723336,20.8116640806,2.51322765271,4,59.715703438,0.246644040527
balanced,1.2552913959,-0.915390795124,1.94580690028,1.72745154122,1.02342394203,1.0584071118,0.0520218633278,19.4741186854,2.30638388912,5,58.829651501,0.217951859293
balanced,1.19074383187,-0.258458540691,1.93800167548,1.66739886029,0.971326839717,0.928904010979,0.0559513175594,16.164429607,2.44974682287,4,60.4931240592,0.25699084134
balanced,1.19351301856,1.91445009468,1.97670541558,1.776286595,0.957945832669,0.997895661149,0.0483880369346,16.1824785414,2.30836259595,5,60.4802574426,0.229763152761
balanced,1.13587786431,-1.45707455899,1.93306576255,1.90758715334,1.00149303794,1.07516962864,0.048616897686,19.340009171,2.3367034426,5,58.2121065547,0.203362363126
balanced,1.2658123518,1.45744403187,1.90891741026,1.67590658205,1.03938938255,1.01102202742,0.0568847501528,16.7205697549,2.4825015012,4,58.9910956821,0.238147549944
balanced,1.19050498658,2.04684754043,2.05367062638,1.67442798678,0.986221511568,1.01088918907,0.0489994234646,19.8608220295,2.57132080794,4,60.0287140935,0.24301898923
balanced,1.17081276168,1.16157087677,1.85534546997,1.99992564237,1.01179288419,1.00442854777,0.0661356719508,18.368284529,2.54372889998,4,57.9804765769,0.257321970941
balanced,1.25560544418,3.88199309478,2.02798777443,1.8586699016,1.0328919601,1.08195727666,0.0562058488115,18.9336641722,2.58913980487,4,58.190982621,0.242912594585
balanced,1.18881397276,-0.503554930633,1.80773811831,1.82961934284,1.01625459333,0.9685722984,0.0576206554573,17.7475196674,2.56427559665,5,58.5356679954,0.229731795107
balanced,1.15388160029,-2.31046304514,1.80679970546,1.71290667185,0.988628214329,0.995716144036,0.051088919761,16.9065196596,2.20977248676,5,59.7906894184,0.210721970529
balanced,1.19626480903,-2.6716029855,1.95950229619,1.72327393408,0.972277408259,1.02464197686,0.065213480766,18.2098068132,2.35598601247,4,59.9575186759,0.278527395086
balanced,1.16210265716,3.99307683609,1.81151733523,1.9981023652,0.950824674892,1.09284397777,0.0652803926112,18.7970297681,2.57050297848,4,60.004783748,0.271657821879
balanced,1.21855757516,-1.66075153355,2.06014596591,1.89900547609,0.973322482853,1.04782267118,0.0628386748608,16.2145242486,2.60343267669,4,58.875423477,0.277464100554
balanced,1.20475709453,0.147444829744,1.78867251448,1.72378016675,0.97309780464,0.921648440953,0.0508121883382,17.1793036528,2.59387376447,5,60.3246732389,0.227474702689
balanced,1.19559713697,2.72446486238,1.81483980963,1.70110946769,0.983533977318,0.971985340672,0.0626687379687,17.3367079015,2.39107232807,4,60.5724470469,0.26442218572
balanced,1.22375218621,3.55373124228,1.89374645924,1.90191248366,1.04969387821,0.903501086298,0.0492068804486,17.9817598542,2.31494445908,5,57.7822787621,0.199979727146
balanced,1.23787815344,0.938352680464,1.784317978,1.95735080752,0.983210792921,0.912111125643,0.0672744477856,18.2257716946,2.27396862256,4,59.2838356899,0.25732172947
balanced,1.17894673274,3.71098988255,1.91599119935,1.84859862836,0.956754396744,1.0029583549,0.0494865650412,17.9518899843,2.61874058381,5,60.2537983456,0.235750763432
balanced,1.1944876112,1.40979435422,1.81348987361,1.84391952489,0.962957971657,1.06192180741,0.0615161753329,18.5808268061,2.29614276714,4,60.2762379126,0.250111283017
balanced,1.27337847467,1.24610389825,1.95858261876,1.9233275835,0.970819396248,1.0678006417,0.0558047600153,18.353785101,2.39010600097,4,59.4524032298,0.239750879766
balanced,1.13656104074,1.69164231065,1.87779881136,1.75980734875,0.95181124865,1.02186601609,0.0638421024194,17.9968789824,2.627613137,4,60.7057726161,0.286156762478
balanced,1.19957050597,-2.71484786925,1.89757107048,1.72538362961,1.00926344336,0.915164359383,0.0600469925022,20.0519861442,2.59693862379,4,58.8936921704,0.253568531636
balanced,1.19194759833,-2.1364987269,1.87956226744,1.74467880134,1.01011705144,1.02319131966,0.0642479654607,19.7114593629,2.40742057561,4,58.9674915653,0.257347430273
balanced,1.21883755635,-1.14164017225,1.85155318677,1.79492430642,1.0397263817,0.963145256018,0.0597423643098,19.4755587534,2.37702427451,5,58.1314319881,0.229748770552
balanced,1.27599173227,-0.693019084174,1.8528466252,1.71120009216,0.973480328148,1.05558173129,0.0512656850907,17.6625373137,2.41640183872,5,60.3813092075,0.225903225579
balanced,1.13805900504,0.59374921531,1.85196609982,1.89718434623,0.97095531548,0.908129568752,0.0604481095313,17.7464725698,2.33875857169,4,59.5240563959,0.249338213043
high_downforce,1.16537156656,1.35897333438,1.80162952674,1.65029586935,1.03208913776,1.04330300291,0.0622683917926,19.9735587035,2.57623715812,18,65.4580005707,0.871503768414
high_downforce,1.19217172419,0.797981710548,1.99995516583,1.73559613278,1.02539926941,0.976095679083,0.0638860385306,16.5615110363,2.49006033673,16,64.2204018585,0.618872283181
high_downforce,1.19789494257,0.458005625369,1.85215319662,1.94059726904,1.04363034642,0.933344276332,0.0593388738029,16.4104790568,2.21014690416,16,64.8424284297,0.766789898842
high_downforce,1.2290500371,2.02276968139,1.83172797815,1.94545293079,0.971379436346,1.06764234366,0.0492500216839,17.5941840813,2.19939339974,17,66.2525580874,0.885763547235
high_downforce,1.1257290133,-1.52043744653,1.85501662304,1.70338771991,1.00610186746,0.93441511997,0.0514931194263,16.6889605829,2.33024483847,17,65.7881999119,0.750277146937
high_downforce,1.12635737759,-3.44768240944,1.8351025189,1.98965289033,0.95799645458,1.07610073399,0.0590882125775,19.2024257419,2.40752947487,18,65.3839572711,0.910774125088
high_downforce,1.26606650336,-3.1048784665,1.9488340234,1.9634745758,0.985196140348,0.901351886959,0.0567551375807,18.3266042466,2.30910577343,18,64.5495137407,0.874430512983
high_downforce,1.25019088706,0.341974497105,1.84390080396,1.99302794477,0.97247481968,1.08394973272,0.0502991006246,17.9369839362,2.57611282698,18,64.8842940607,0.898077875471
high_downforce,1.18332290983,-0.800149257433,1.96951311707,1.66021273184,0.982538769055,1.07141649389,0.0552548080606,18.325045638,2.56263841743,18,64.9955132962,0.793432757176
high_downforce,1.15147761992,2.20035592551,2.01559133159,1.72553973913,1.03505516684,0.970278015877,0.0607165689341,18.203024316,2.20720645654,18,64.574152695,0.827277946487
high_downforce,1.17873625421,1.26468915659,1.75901624523,1.99273914176,0.9728776462,0.936057438625,0.0638451454132,16.2162039532,2.53272293606,16,65.9733519376,0.713525378548
high_downforce,1.18732096195,0.471662901662,2.053644713,1.97613651949,0.954105111894,0.955145163497,0.0618014645164,20.7200595925,2.43528137962,18,64.3361826398,0.746592201534
high_downforce,1.13079815735,3.1276553707,1.76489661489,1.87303273412,0.951160632852,1.04833148827,0.0504330274936,20.5576865968,2.39534575978,18,66.8273351837,0.936837804039
high_downforce,1.27011292155,1.58680967293,1.97530155998,1.69089072991,0.954828566178,1.09229556379,0.0661386242284,19.2633987322,2.19266854835,18,66.6295200428,0.812070098994
high_downforce,1.12438851137,-3.68241226765,1.89001439005,1.91140896068,0.968005381515,0.958145051184,0.0587652941568,18.1938150205,2.51791387946,18,64.8145132551,0.841057129309
high_downforce,1.21000575859,-0.675478016076,1.78036310197,1.67808837475,1.03222850531,1.08757649376,0.0662071836163,18.1072268377,2.17383922963,18,66.434167531,0.972594253839
high_downforce,1.27454372943,-0.0475002698936,1.77630947678,1.77766477159,0.994988588458,0.944487861374,0.0609824777278,20.4055459505,2.38040690713,18,66.3096294296,0.922264464942
high_downforce,1.26995083652,-3.05878343142,1.99301565324,1.91846668055,0.95528726613,1.07041540765,0.0485055437398,20.5669497037,2.36303978421,18,64.7291394156,0.873582019083
high_downforce,1.17578097374,0.426097077372,2.02794246573,1.76890812816,0.975671260698,1.0917210706,0.0534829087577,19.0948872252,2.5488100537,18,64.3883901418,0.779353540541
high_downforce,1.22272436013,0.567686933813,2.02304516414,1.69810878474,0.990267555647,0.917579962066,0.0671964026028,18.4690577734,2.4931837612,18,64.7936948166,0.719489062225
high_downforce,1.20100023442,-0.968310033343,2.02228490536,1.96796680263,0.996455808152,0.950418702723,0.0588483751369,20.2535722233,2.46532200775,18,63.5363293922,0.798935051806
high_downforce,1.20674809227,-3.64663862622,2.04271107133,1.92280861121,1.03303022147,0.914035801015,0.0664973767085,20.5042032967,2.16090138164,18,63.5899630264,0.846390253198
high_downforce,1.2434847902,-1.40462702455,1.91260053703,1.95361308336,1.00157876931,1.00956806915,0.0583647950161,20.5750647326,2.58617450026,18,63.9146044585,0.852759649721
high_downforce,1.15146612588,3.31380096804,1.80155970537,1.81674609694,0.978572866504,1.05045875887,0.0644764890558,18.1542000323,2.31943183198,18,66.5557110752,0.892205923909
high_downforce,1.13694832098,3.76276009979,1.91377200085,1.94987146319,1.0361204454,0.999046477755,0.0584168154718,17.3685580918,2.38593776265,17,64.0733118319,0.792005015414
high_downforce,1.24893472578,-1.63457677523,1.89141175998,1.70968335641,0.984719809329,0.969395908545,0.0536045750309,19.8304450764,2.62118565553,18,65.1715606215,0.832361186447
high_downforce,1.18147431505,-3.24576191169,1.94090364744,1.82456147101,1.03440795468,1.02694573164,0.0538961605582,18.3982227265,2.56048444001,18,63.4023660411,0.867610322322
high_downforce,1.20063031569,-1.49348079436,1.87125382497,1.72748361139,1.02309855862,0.901127431224,0.0670601165774,18.9313259701,2.58802241949,18,64.7154572195,0.810361917822
high_downforce,1.23700196372,-0.311090824369,1.76078318615,1.99301409042,1.01350973897,0.950065416172,0.0585222549172,18.8854774983,2.29275467674,18,65.4671190341,0.990997594909
high_downforce,1.18254728114,1.43315222058,1.89926746216,1.84950659878,0.963340715349,0.987979940961,0.0630281595057,18.1568410654,2.26123905698,18,66.098994593,0.849193384017
high_downforce,1.27516407412,-3.63672149348,1.91868148439,1.75375619108,1.03897831468,1.00601093965,0.0532556604483,18.11409221,2.38227045181,18,64.2093039358,0.915915728838
high_downforce,1.16973816357,1.72335089556,1.99876600707,1.86329411403,0.958584628548,1.06000124383,0.051324924378,17.5059438342,2.5828947077,17,64.638435317,0.706493800254
high_downforce,1.16553393617,-3.21502251315,1.82014360095,1.86242266331,1.04490176541,0.995806326019,0.0461719534821,18.4421679498,2.39912758492,18,64.2316607186,0.995220708612
high_downforce,1.24555262325,0.545056647551,1.76573367931,1.95751361099,0.987517496289,1.05093380271,0.0613916647316,20.4639505455,2.52060256835,18,65.5363850155,0.928106248585
high_downforce,1.22705215796,2.86246970241,1.80234039524,1.72025683791,0.974438397696,1.01833467312,0.0482570534357,18.8025047628,2.1759860075,18,67.2749602341,0.969644694938
high_downforce,1.17485192173,0.934219827378,1.75293279561,1.66513402568,0.969630310375,0.963799190271,0.0546585920132,17.9166579773,2.48220001144,18,67.1349024024,0.880445488261
high_downforce,1.22997037941,-1.0888666246,1.93310955406,1.7293786351,0.952666340292,1.06790078597,0.0618685380744,17.3546032638,2.31085348579,17,66.3263717605,0.750889470254
high_downforce,1.20497659595,3.5988643016,2.04341940033,1.6715045767,1.00658933676,1.01569454246,0.0545515353877,19.2123831203,2.36622912329,18,64.7815170493,0.78549150027
high_downforce,1.15935303009,-3.94195751751,1.84605862833,1.94581779688,1.01779656118,1.08870843426,0.0669287495281,17.994068019,2.31717399225,18,64.5763418422,0.931993664588
high_downforce,1.15828010095,-3.13939465191,1.90539985667,1.81868919502,0.992155418148,1.09964498348,0.0562764296875,19.530186271,2.46529622059,18,64.6643065865,0.878696276615
high_downforce,1.27320746646,3.36667871664,1.94865114448,1.77480634166,1.04154230335,1.08775794597,0.0586350438507,17.6900391448,2.61902548032,18,63.8668713864,0.753477174244
high_downforce,1.23186078609,-0.556607591312,2.0807563533,1.78537041033,1.00866743836,1.00052003011,0.0637851533416,19.444212844,2.20870466508,18,64.325245922,0.800423493714
high_downforce,1.2192108308,0.23227063687,1.94345498761,1.70849745578,1.00006793707,0.969568825262,0.0591800186143,20.6624354645,2.54001428953,18,64.8504446956,0.796849549062
high_downforce,1.14026065453,0.750341376111,1.84194726249,1.81964480302,1.03537731815,0.986319363088,0.0589444141244,20.5173818111,2.27841439179,18,65.0715250488,0.930363704463
high_downforce,1.26863775391,0.0213991049204,2.04853321252,1.94378078971,0.959157998302,0.933672440652,0.0576695073612,18.1319000798,2.25468054427,18,64.8325898123,0.805792985512
high_downforce,1.26577764813,1.22856858946,1.8239858015,1.69107340284,1.01383923883,0.960455308341,0.0643619799093,16.9068758395,2.34152865514,17,66.2405366891,0.781473146241
high_downforce,1.22632385035,-0.988100082083,2.03792231072,1.93652948718,1.03904317536,0.904066007567,0.0669034240533,16.8204254863,2.63153915122,17,62.6043102791,0.637278268982
high_downforce,1.13519769769,3.92858426214,1.94982222724,1.82576718347,0.964606185791,0.975771067047,0.0664108172576,20.3800866902,2.36048991384,18,65.7170973078,0.770999175746
high_downforce,1.22014730963,-2.45355004947,1.98283269012,1.89248836651,0.972527360633,0.907759491365,0.0479426610927,16.6136311024,2.52854951825,16,64.367201693,0.657129880745
high_downforce,1.2176920516,-2.39221359166,1.95835847296,1.78855441085,1.04194622726,1.00402321316,0.0568705029912,17.0561455094,2.22351953487,17,64.3241396992,0.823522691949
high_downforce,1.16547153432,3.44197657076,1.83036607758,1.98663679551,1.04404609719,0.962502626406,0.0609749334909,17.3307852798,2.64172685623,17,63.8581877982,0.790935327603
high_downforce,1.16296237447,-0.418610109469,1.88662618778,1.79055977816,0.978529806244,0.946296198206,0.0605660248559,20.6250005399,2.2381840929,18,66.0235974531,0.87188436761
high_downforce,1.13831223219,-1.194057949,1.95685731851,1.9468528388,1.01793190915,0.970229858731,0.0489070646821,16.4470802971,2.41921723793,16,63.7423274114,0.707262498383
high_downforce,1.16031014749,3.75565372311,1.93491874563,1.86685616715,0.998606868109,1.04238257037,0.0612661424361,16.4711709411,2.46238973367,16,64.8438382777,0.652752920594
high_downforce,1.12338866497,-2.8535094441,1.80979852909,1.84599196027,1.03173385909,0.927352657885,0.0508512984691,17.3087276495,2.63031884722,17,64.2279366708,0.831524531833
high_downforce,1.2469912184,3.18919686339,1.96813403026,1.81801558612,0.955856902926,1.09974861282,0.0674825912785,19.3265883669,2.25063282144,18,66.090431773,0.806833443137
high_downforce,1.12498360461,1.65082264739,1.82983823044,1.67695483614,1.02516941582,1.0679614518,0.0460815987188,19.5791655439,2.31116065017,18,65.7100863296,0.960591562179
high_downforce,1.2728512818,-0.466842139309,2.00639468701,1.94366845705,1.010192824,0.943159525106,0.0525136110675,18.262045951,2.15977410612,18,64.2781285107,0.900717076366
high_downforce,1.22641067155,-1.41632327145,1.95358847659,1.99902233063,0.992951417389,1.08356738504,0.0580073443705,17.2290103735,2.17812299987,17,64.710424998,0.834064521494
high_downforce,1.24015850708,2.98415920991,1.96203940435,1.66936431109,1.03936740878,0.989153978546,0.0504123843774,20.583738758,2.18569488723,18,65.1445766284,0.89917615804
high_downforce,1.13150689442,-2.98658754919,1.76195957654,1.69307004021,1.03897315869,1.08325434941,0.0563854754526,19.6164850454,2.59860886536,18,65.0308078329,0.943517215527
high_downforce,1.15399730652,-3.6012029207,1.75561197247,1.7296884849,1.01312515012,1.02733032134,0.0583855244887,19.5944541591,2.49395612248,18,65.6636903339,0.944455194877
high_downforce,1.12982897668,3.31147974666,2.01426479397,1.88228817727,0.998539642964,0.986331060942,0.0533603513916,19.3400670409,2.25403187997,18,64.5197841437,0.836968929023
high_downforce,1.21007453116,0.108669259725,1.9167678197,1.89914250021,1.01094963377,1.01471454943,0.0454041469972,19.1591152922,2.29459740387,18,64.530864574,0.942272532256
high_downforce,1.24519369445,-2.92705647828,2.03242402245,1.91613486885,0.998808767628,1.07674091771,0.0557018372203,19.4859156561,2.440170077,18,63.490270734,0.838144762026
high_downforce,1.17687941339,2.572923596,2.0454015929,1.74211932926,0.970216318389,0.960450388265,0.066112514963,17.5101628762,2.47137249242,17,65.0551318586,0.634242642172
high_downforce,1.22916524359,-2.83244131611,1.86315404434,1.84325414175,1.02831356473,0.997407896676,0.0600415130438,18.7548472018,2.24090145794,18,64.9091283164,0.946402261882
high_downforce,1.22828281581,3.51129185152,1.76122982314,1.8090789887,0.954930513661,1.06356644212,0.0668342732857,18.546009621,2.49567333691,18,67.0314642602,0.867155239538
high_downforce,1.1283736602,-0.619048583212,2.00714193775,1.81399785814,0.97004531472,1.05244902749,0.060101779972,18.6055720558,2.5096427116,18,64.5293126232,0.768775723215
high_downforce,1.27411042703,3.85239160081,1.77329800945,1.68912932487,1.04192248112,1.08247715545,0.0623840405679,18.9963205044,2.23979241692,18,66.3836443959,0.968965186984
high_downforce,1.21604568839,-3.28875998108,1.79798747763,1.91829931346,1.04306713547,0.921649981288,0.049840753732,17.521215217,2.56883567755,17,64.0295032588,0.872693606454
high_downforce,1.14142781409,-3.82560123149,1.9064387015,1.83047265322,1.00821156378,1.07690975813,0.0612377502098,17.5585658192,2.23222190603,17,64.9847742522,0.829737569924
high_downforce,1.21077646298,0.226667002384,1.8508425703,1.79097005248,1.0153965576,1.01036693331,0.0688308714012,17.9757391008,2.18065522105,18,65.8686643433,0.90338382857
high_downforce,1.26007140913,1.07224062642,2.0588736724,1.99129971697,0.999788249588,0.997674350428,0.0570496347847,18.0093462985,2.29801877324,18,63.7205777576,0.828589242265
high_downforce,1.24516133272,-1.92319726766,2.00934259614,1.94322851916,1.01104615443,0.992852781021,0.0689507934281,19.6606291773,2.33565219405,18,63.7998151238,0.81535889504
high_downforce,1.27898048425,-2.46026458936,1.88619051077,1.81659338788,0.984022108686,0.995939931318,0.0460651120559,18.9645631972,2.58915639251,18,64.7589976424,0.890533968355
high_downforce,1.12029476289,-3.85441447338,1.92184497549,1.76404987156,1.00339805967,1.09769102503,0.0619751368565,17.9187999086,2.31261306412,18,64.9217952236,0.859774290191
high_downforce,1.27643638051,3.93609487763,1.93366893615,1.85689257563,0.953689740144,1.02962153787,0.04666044162,17.2176722282,2.44686160109,17,65.6992323535,0.766813180373
high_downforce,1.21148646196,-3.16139838918,2.09529471105,1.70699641886,1.02512430428,1.09610352279,0.0501717582867,20.9429192925,2.53602996334,18,63.0648491703,0.801946663272
high_downforce,1.13812320173,2.781494868,1.94168082006,1.78667968939,1.03577276044,1.08642918304,0.0589243200547,17.4494129966,2.22987376005,17,64.7910279465,0.804835656536
high_downforce,1.2561534134,0.47107197633,2.08394027276,1.92023521071,0.95254101192,1.06711761426,0.0621263634954,18.7688364987,2.57832282669,18,64.0539916775,0.722442978999
high_downforce,1.14200620464,-2.52413492235,2.08249253184,1.74154979776,0.991277933488,1.00283541935,0.0521403771485,18.3828227503,2.2723852394,18,64.3335244652,0.812050131173
high_downforce,1.27346590734,-1.23887990744,2.05368803583,1.81372181328,0.988932763948,0.99378249595,0.0591247923234,16.6445773699,2.25552402156,17,64.741723549,0.655985241291
high_downforce,1.13160406932,1.98525109127,1.87504656446,1.68803142049,1.00618535545,1.04837345651,0.0620932097223,16.9031707953,2.27023740592,17,66.0994090853,0.767997576116
high_downforce,1.16372208957,-3.76506188289,1.75597125038,1.94674113916,1.03316508583,0.934514860245,0.0650266783091,17.6850257382,2.51612298535,18,64.6142823828,0.867307779224
high_downforce,1.23864627231,2.5322306351,1.9450623129,1.70990067621,0.992049223725,0.985522588497,0.0508429642021,20.9707761649,2.41550404189,18,65.3509195646,0.838373781789
high_downforce,1.23155533868,-0.687654320492,1.95645264631,1.79301455142,0.954678306792,0.961522144439,0.0576352202403,19.9291215925,2.29537589001,18,65.8646075387,0.828228099577
high_downforce,1.1651576778,2.03737980401,1.84151727619,1.78429001272,1.03981318843,0.986389936865,0.0500622994782,18.7625748848,2.16438983415,18,65.453610931,0.982024268045
high_downforce,1.1978866703,-0.273841160417,1.92879180575,1.74009879548,0.951310606521,1.04868455956,0.0620396017619,20.9541313649,2.5675008333,18,65.6808093115,0.776077514802
high_downforce,1.20345328379,-1.21953297445,1.76627873042,1.98054261574,1.02135180409,1.00583640907,0.0682277171491,17.0707547771,2.27013809326,17,65.4583296939,0.882359035842
high_downforce,1.2169270758,3.17992108421,1.86434052445,1.79606417683,1.0123089681,1.09640668778,0.0694449287315,18.4841746596,2.59991315381,18,64.9292674033,0.818153542752
high_downforce,1.25105872757,-3.57468398026,2.07270171691,1.81643989969,1.02783986763,1.00921317564,0.0626891709919,19.2882223264,2.16596243953,18,63.8285008408,0.848377464363
high_downforce,1.26925603538,1.89301145146,2.00188334655,1.66211839949,1.00121762094,0.919992245176,0.0521785261996,18.5527086922,2.60419784768,18,64.5881576324,0.76501827637
high_downforce,1.15631797519,-2.0754085656,1.76719467869,1.73647572559,1.03393570602,1.0140399531,0.0588795641016,20.5333956999,2.6079174183,18,65.0141327231,0.920082641607
high_downforce,1.2565884157,3.74615112005,2.03547188978,1.77440875777,1.03917368807,1.06091016545,0.069609883537,18.8079403677,2.57649509655,18,63.5001229854,0.740188133295
high_downforce,1.1689390771,1.22095530728,1.87199720143,1.8902157525,0.97241520367,1.06952367893,0.058107050933,19.9535106302,2.28973240123,18,65.7820333192,0.898458699569
high_downforce,1.24966061396,-1.76466923877,2.08070913134,1.74252144401,1.04196172296,1.05633186491,0.0585605457205,20.0060578172,2.24075583227,18,63.6519837848,0.841644115044
high_downforce,1.21142849243,2.71201492221,2.09569286457,1.65329181656,1.0289417636,1.01638052522,0.0504452144805,20.9528951925,2.63183690553,18,63.4136760804,0.741960931014
high_downforce,1.23218999887,-2.36612789924,1.84016664504,1.96222242598,1.01668908584,0.926292781744,0.0506391385301,16.3157942432,2.20494315966,16,65.1384255471,0.797126900885
high_downforce,1.13355660892,-3.83790472973,1.94923758406,1.88780930964,1.02555870755,0.903712451133,0.0620658232056,17.2086416004,2.43119948126,17,63.7131529326,0.760114384224
high_downforce,1.24743482532,-2.85162735739,1.82666950479,1.79169918661,1.01672323404,1.05161791501,0.0572609734178,16.9389315988,2.36101377794,17,65.335710936,0.846598926686
high_downforce,1.16674256343,1.26543601306,2.01110268547,1.99995243444,1.01592236046,1.08738921946,0.0514437348045,19.0558366608,2.44192103327,18,63.1757460499,0.858726231784
high_downforce,1.16979209257,-1.4032796351,1.9217063937,1.66166058771,1.04388777411,1.04850209876,0.0525259923201,17.3315641781,2.49769676279,17,64.3208016103,0.789396750252
high_downforce,1.25310687609,-3.5778901584,1.94221975381,1.65050627161,0.975345361193,0.945811652487,0.0544357530406,16.6486818215,2.45164754083,17,65.6973297448,0.662020421541
high_downforce,1.22468431649,-1.17298682379,2.02247674438,1.80916297416,0.971439512861,0.933216961834,0.0465074379551,17.1570414904,2.38121021186,17,64.7592540813,0.744903699378
high_downforce,1.15041630399,3.44144660193,1.9360772094,1.84188838032,0.985242588008,1.03066048241,0.0675523907533,19.1089584752,2.35672375054,18,65.319584173,0.801686465489
high_downforce,1.19438006622,0.244791402628,2.04689932735,1.96646171412,0.994708271751,1.07023741541,0.0470966554006,19.3602802667,2.59622685813,18,63.0302527437,0.81724452645
high_downforce,1.17463575561,-2.18032929178,1.79213266104,1.68308562646,1.03115760292,1.09527983385,0.0590623701362,16.0220744111,2.62459762213,16,65.2139200035,0.726984699368
high_downforce,1.2508984287,-0.298230489235,1.83020042794,1.8199706645,0.982540133651,1.08318266893,0.0456255643089,18.9685809363,2.61098227348,18,65.2087371575,0.921345820685
high_downforce,1.27471138106,-3.14804037871,2.07214643332,1.74412630778,1.02475765693,0.958715755134,0.0485627581923,20.680164115,2.37978164793,18,63.5203085315,0.836355572781
high_downforce,1.13704915177,1.68422613159,1.80287791505,1.68801120449,1.0282258443,0.963481061431,0.0606347690342,19.9113375803,2.48697722294,18,65.5754581052,0.878530171908
high_downforce,1.25375552183,2.46469781035,1.8843395088,1.94268025461,0.959520660956,1.00320514803,0.0645152620506,16.0238713534,2.34133014067,16,66.0453686214,0.678730979477
high_downforce,1.2204271931,-2.54286546601,1.93365157653,1.9811897273,1.03642972716,1.09911900333,0.0546223014172,16.506487829,2.24560951368,16,63.8872048923,0.768262391861
high_downforce,1.18551783618,-3.53537709503,1.85476636427,1.80859416595,0.975130141378,1.09627773079,0.0543280132755,19.6991503975,2.44190596403,18,65.4289227703,0.910221808239
high_downforce,1.18628852737,2.29940060956,1.95894655513,1.99947611711,1.02687956998,1.02615955086,0.0517620797121,18.9384317517,2.37975825237,18,63.5738720368,0.890192236359
high_downforce,1.14417351167,-3.86014659577,1.94708869642,1.98512616539,1.04332449176,0.904899764815,0.063487751263,18.584686371,2.22846487122,18,63.5368248171,0.8966138999
high_downforce,1.13783103717,3.04400567104,2.00373518569,1.99924289826,1.00588633048,0.983876678795,0.0525289299145,18.6690580969,2.22492023525,18,64.1127167411,0.86954207738
high_downforce,1.2029691632,-2.92865648895,1.84507523825,1.88889177006,1.04740428051,0.972290539666,0.0565653007309,18.5477461595,2.48634969165,18,63.8615543356,0.930514026651
high_downforce,1.2361745298,3.11239814634,1.93215936222,1.76272756043,1.01190242703,0.975617463123,0.0594237335778,19.1893732775,2.3762605094,18,65.0691492314,0.836312560342
high_downforce,1.17412508642,3.63796776856,2.03440707572,1.78456754582,1.04856773483,0.942207876375,0.0568705555892,19.4862739376,2.22050414071,18,64.0236251313,0.835097550926
high_downforce,1.14738556539,-3.1200347907,1.96011468524,1.88054635201,0.979383939501,0.95786304768,0.0689124945477,17.576534576,2.43073300723,17,64.6497483405,0.71275389346
high_downforce,1.14042803583,-3.26688936887,2.09775043344,1.76823039887,0.96842706008,1.04535709664,0.0468451700092,19.6406468578,2.64039394839,18,63.5953356486,0.754126911399
high_downforce,1.14363032417,-0.0791065089553,1.93144094011,1.69094558109,1.0455399982,0.957101125232,0.0571901524558,16.2676508906,2.49639767305,16,64.3334913199,0.667475699824
high_downforce,1.2459423627,1.44214252606,2.00795936357,1.7393305247,1.02532563774,0.934953492667,0.0671061558361,17.1716680715,2.53831901758,17,64.0926696697,0.674366939266
high_downforce,1.15877526676,-3.95200886578,2.02696243023,1.93082421236,1.02573298789,1.01231292053,0.0577989725826,18.4314026976,2.53964494821,18,62.6506413584,0.818671778552
high_downforce,1.23838455168,1.69354287222,1.8472726981,1.66031127452,1.03898595048,0.962062571226,0.0550896843652,17.1570573119,2.15867598524,17,66.128735856,0.861254233757
high_downforce,1.13347317006,1.93485305377,1.90635228883,1.66120477749,0.969746295312,0.986363303012,0.0533952956363,17.7054768141,2.56202417387,18,65.8923450449,0.728255156775
high_downforce,1.21873609954,-3.95070466243,2.08048169001,1.96814168213,0.965326800755,1.04193086539,0.0457183333443,20.8899473901,2.19983135784,18,64.1263090983,0.88031502401
high_downforce,1.17906303819,3.75450250866,1.78171297179,1.76432705666,0.988732524131,1.09079186132,0.0540775592216,17.1736261099,2.6205588725,17,66.0131514482,0.806386996294
high_downforce,1.15204705548,-2.55127096918,1.99338101939,1.95821796267,0.98157643657,1.06316464219,0.0483147796724,18.7677062227,2.2762727138,18,64.2287695761,0.897764429098
high_downforce,1.23542085408,3.81583443468,1.95861958613,1.97816251921,0.985356716164,1.07385018061,0.0692072684986,18.0270312968,2.29110515985,18,64.952336845,0.825103653685
high_downforce,1.14178043991,3.91512978008,1.92215086058,1.89662544799,1.02999567494,1.03243482066,0.0527503127597,16.6434348461,2.43374973919,17,64.2206045201,0.710577921826
high_downforce,1.18002347394,2.62898842686,1.79504405793,1.93631892362,0.976886692579,0.998541388296,0.0627251708284,20.8034305616,2.40843174108,18,65.9715987857,0.894407756468
high_downforce,1.25119383259,0.0972404675556,2.06883969215,1.6922546437,1.02087601734,0.939593594026,0.0475693169338,18.0608930454,2.29426690904,18,64.2265025335,0.830756613019
high_downforce,1.24606834256,-0.68199224782,1.91537720759,1.89466828419,0.985546192282,0.983639724613,0.048306845328,20.8361883996,2.56433330487,18,64.4129038466,0.867990766692
high_downforce,1.21972494844,-0.480289860154,1.92107750824,1.89408918489,1.00578912645,1.06975133411,0.0562620224936,19.2436256601,2.58014082027,18,63.9884072768,0.856169990419
high_downforce,1.2697953206,-1.25822345635,2.02550452159,1.74341786558,1.0023717863,1.08406221709,0.0612160277887,18.7286323361,2.57105888155,18,63.9802369324,0.777086559807
high_downforce,1.22466163719,-2.92224814674,2.08213676729,1.75661672689,1.00654058867,0.932409691838,0.0562138294979,17.8142703337,2.26982497576,18,64.1399828921,0.764830163087
high_downforce,1.1976252921,2.1235269817,1.80936127536,1.7407849585,1.01243318692,1.04270313548,0.0643877256142,18.5130579303,2.20712214476,18,66.39875419,0.930900080104
high_downforce,1.13341417003,2.8521731438,1.87720037692,1.70851602631,1.03907497699,1.02158937661,0.0697727497065,16.6027924184,2.54690862344,16,64.9113449052,0.646108538883
high_downforce,1.13260739305,-2.25777040882,1.96979190771,1.78762366414,1.03583944007,1.09241937937,0.0657914812532,17.8694519846,2.37162640335,18,63.9160870482,0.812938625732
high_downforce,1.25918816281,3.34218349406,2.01953117043,1.93124275838,1.04728725579,1.06590038736,0.064579348001,18.603339253,2.39208124222,18,63.2402294216,0.824535872817
high_downforce,1.26322374113,-0.65328807606,2.04275106679,1.68945549586,0.969065670161,0.964392596293,0.0614863219436,20.4904667093,2.48858756585,18,65.0136482969,0.733169866583
high_downforce,1.23776459759,-2.82949297187,2.08059037797,1.8595674939,0.974916772938,0.911917900739,0.0564295072688,19.2550057407,2.46762497207,18,63.865854894,0.759366928301
high_downforce,1.17068732675,0.805154834748,1.79235055675,1.77083074424,0.980589533546,0.9702122915,0.0603214387216,20.6315270494,2.6213849784,18,65.8947606115,0.852501896208
high_downforce,1.17744939583,-2.26139473541,1.82527599258,1.74184539884,0.989443519841,1.09368591964,0.0690690712041,17.1759818387,2.22307480538,17,66.4901419603,0.827812274778
high_downforce,1.25402938524,-1.85947126453,1.7855119675,1.90122985908,0.95236316077,0.969961539436,0.0464322182286,20.5614252363,2.55367843136,18,65.9423789623,0.933941942617
high_downforce,1.1316676516,-0.731725661639,2.02638305178,1.92126015656,0.951974733327,0.977222697673,0.0595400036038,20.8192434583,2.4944875315,18,64.4447918522,0.753350915875
high_downforce,1.25212755338,1.33840564147,1.83188830135,1.90982427163,0.958511636378,0.962211299027,0.045381812756,20.3214142514,2.3648303715,18,66.0789067949,0.935230852711
high_downforce,1.22658429838,1.62484703536,1.75394421276,1.93740712555,1.0217473502,0.910930380005,0.0564573255145,19.9922750727,2.15710079004,18,66.0335629913,1.01540076967
high_downforce,1.14955596673,1.19582568812,2.01030392376,1.82310402688,0.980745812534,1.01818778884,0.0504484199689,18.3605062064,2.60023094519,18,64.1078069477,0.782225809711
high_downforce,1.17458754885,-2.98886997574,2.08024981427,1.68721852838,1.03035146277,0.980585370654,0.0561334691167,17.6692915537,2.33197737853,18,63.7957746937,0.728112331339
high_downforce,1.17147200085,0.216157029065,1.87749864503,1.71100129496,0.993329699833,0.936543719722,0.0658596632676,17.8244225766,2.28015086815,18,66.1435159102,0.804661774166
high_downforce,1.12069903515,2.3762599703,1.89725335952,1.7802470047,0.983813639848,1.00359524424,0.0470333155593,18.9493415835,2.33096332388,18,65.6252694936,0.890123216533
high_downforce,1.25526942229,-2.39833532883,1.85396192948,1.70341367894,0.956476780047,0.931723765225,0.0606948645826,17.0534258673,2.51070734287,17,66.3981156472,0.74714903219
high_downforce,1.22324253268,3.60781343326,2.02935275725,1.77227868472,1.02797801069,0.983717263888,0.0562534510229,17.2850984298,2.46602097695,17,63.9417535962,0.71189732553
high_downforce,1.23776117729,-0.074132953373,1.79539807228,1.92704232091,0.972833781238,0.99475845574,0.055387861314,18.9828832982,2.44187799317,18,65.8014740648,0.926846663533
high_downforce,1.15328297285,-2.20772892042,1.8534789415,1.84248785508,1.01303346233,1.06729430988,0.0639202388372,18.7130013332,2.63950401287,18,64.3006035885,0.855387869258
high_downforce,1.15951390132,-2.36697564862,1.83129790023,1.82045198226,1.04368510729,0.956802335139,0.0576584356794,18.9822011908,2.17682145436,18,65.0908421808,0.97807194269
high_downforce,1.15918188401,1.33618478339,1.910293184,1.88413231573,0.967699884841,0.901804343478,0.0561319017966,20.6444555255,2.32869629199,18,65.5735678879,0.845095618708
high_downforce,1.27715542777,1.05627813216,1.89743635308,1.83625704232,0.958628977138,1.05666375457,0.0524997719126,20.7207558257,2.62643673471,18,65.2980022844,0.836036798893
high_downforce,1.15991875255,-0.10212811797,1.97434046555,1.73509210459,0.950647247627,1.06125741851,0.0453581428096,20.9575479617,2.21844720386,18,66.0810481034,0.875649019709
high_downforce,1.1610430734,1.57418862608,2.03001977372,1.88723093133,1.00851114314,0.971736576318,0.0563981573562,16.0884654464,2.63636557466,16,63.4011628329,0.606755747034
high_downforce,1.23917733064,-0.538749956317,1.90387161249,1.85028247115,1.03481199014,1.02653414603,0.0470164665996,20.6272750681,2.5750005416,18,63.6699791598,0.906436344954
high_downforce,1.26538629306,-3.78284693099,1.88652567387,1.84724353267,1.00640278713,0.984990516617,0.0694978159738,18.1529437071,2.36420820412,18,64.8835106883,0.867814468044
high_downforce,1.20241702172,-1.13768587925,1.80176830695,1.96051860463,1.02020133929,1.05416894247,0.0676946804322,16.4782185255,2.21252702455,16,65.5111626985,0.778900003559
high_downforce,1.23929088729,-1.52666411806,1.83780091889,1.94661535082,1.00715795038,0.915150825429,0.0467301736354,17.2940441131,2.59517021643,17,64.3415168574,0.834098584303
high_downforce,1.27680115759,-2.84464195605,2.06184904374,1.99568189739,1.01106338295,1.09502554861,0.0577800310673,19.9673528952,2.32407949685,18,63.1393055152,0.859930861915
high_downforce,1.22980578272,1.52965099268,1.75325809542,1.72474893046,1.0041298491,1.00445612325,0.0567506431302,19.2486800308,2.17250906099,18,67.0744206103,0.992098618934
high_downforce,1.14330330093,1.45853674666,2.0628564826,1.75883084457,1.04222230085,0.917769201072,0.0528509952073,20.7249262132,2.52680551771,18,63.1010384418,0.771477733304
high_downforce,1.16229342832,0.251472983852,1.75587221591,1.65926914259,0.986257106421,0.946612513715,0.0616635599529,17.7034813872,2.2107527932,18,67.5703285998,0.867088012152
high_downforce,1.19601621609,-0.922626912842,1.91382346793,1.7967498879,1.013201886,1.00528318595,0.0553256051592,16.2229702632,2.63998215736,16,64.2614923705,0.667460730854
high_downforce,1.24690021128,0.671806431141,2.01279773188,1.68822557952,0.968797793463,0.906046001123,0.0452440869477,18.4801595385,2.36448456209,18,65.4444081204,0.812508927314
high_downforce,1.18546489048,-2.12067749438,1.85978498186,1.71367294162,0.997704213631,1.00053090744,0.0544928708214,16.1510979224,2.22972867626,16,66.1790952463,0.744728299176
high_downforce,1.16620720123,3.86674214638,1.89349170785,1.72582374751,0.987603915665,0.988099252742,0.0646561743411,20.755749264,2.60346321707,18,65.4619408738,0.770411853529
high_downforce,1.2166653697,-1.55711258817,1.86922268121,1.73611747519,1.01982131302,0.99369465984,0.0578679101441,16.2554666019,2.64194831788,16,64.6903708442,0.679942032722
high_downforce,1.26459563999,-2.64966174266,1.96788399544,1.90399612063,1.04112707721,0.945320253992,0.0488738641924,19.6613989619,2.39887252532,18,63.2766251454,0.906006642496
high_downforce,1.13452804567,2.95759071603,1.78844059421,1.85626764157,1.03571424494,1.03291782189,0.0637104573935,16.068378203,2.25943831045,16,65.733030952,0.764156489404
high_downforce,1.27651648744,2.35913529205,2.09773857051,1.85074925559,1.01332810482,1.05280553303,0.0672362605251,19.4771191041,2.18685718424,18,64.1859769812,0.795218441369
high_downforce,1.14744661634,-2.75116467094,2.0303116572,1.83784463215,1.01573023831,0.967660632922,0.0642931606421,20.3119787852,2.25741897278,18,63.9884780173,0.819095772105
high_downforce,1.2588446576,-2.14782815945,1.98403239496,1.81474028277,1.01126565997,1.03323245738,0.0465563772199,20.4104494396,2.16149894897,18,64.6424879474,0.939301205176
high_downforce,1.21495178251,-0.345243140701,1.99321296866,1.9464196634,0.994738123525,1.05204221367,0.0608781495318,17.6571492255,2.37305305894,18,64.1616177458,0.756219906748
high_downforce,1.23052837946,1.33365952984,1.98043828072,1.84402928614,0.967783701572,1.05039168551,0.0673636853412,16.1276112172,2.49347322544,16,65.1053264848,0.608557769883
high_downforce,1.22326381898,-0.0331845382503,1.7980080075,1.66019984632,1.01485060532,0.914849145864,0.054662142209,17.6365557896,2.64749237661,17,65.6221400457,0.787991453834
high_downforce,1.17165854703,-0.491471266605,2.01288129195,1.71678230172,1.03140471975,1.08592353749,0.0672288155063,17.032834514,2.33915587885,17,64.2840575389,0.729411983439
high_downforce,1.26225137127,-0.125718084794,2.08246711841,1.87987334133,0.995789425063,0.990920834784,0.0572305037231,20.0447876753,2.1704943252,18,64.3094745205,0.834017861693
high_downforce,1.21556256497,0.227326624488,1.75668863511,1.72382181072,0.991570076987,0.97094100505,0.0541950251754,17.4106881302,2.37244364319,17,66.7433551454,0.859095443055
high_downforce,1.23159088974,-2.9058052837,1.8335591018,1.98052038171,0.974059685755,1.02618758221,0.0505516096814,16.4824596541,2.54572477192,16,65.013157145,0.739401092902
high_downforce,1.26185146869,3.64972838386,1.87750831023,1.98581179411,0.986521432701,0.927285359565,0.0517875409612,17.9424905867,2.33831258402,18,65.2459447162,0.889514679293
high_downforce,1.26962738499,1.68309499205,1.79795079575,1.9006757598,1.00662230832,1.09293855033,0.0635662112061,19.1942439435,2.34451661202,18,65.6344464298,0.943610429592
high_downforce,1.17648229785,1.60752324468,2.03146682153,1.93473358019,0.950559813959,0.988320298162,0.0544669000953,20.7191495395,2.22932364742,18,65.1914025594,0.817655792926
high_downforce,1.13934835827,-2.43764315024,1.91881859199,1.93537041502,1.0364299394,1.01456644511,0.0452260873836,17.6695051194,2.47805166922,18,63.3238751721,0.852731596626
high_downforce,1.27749099167,0.439701756608,1.95803847759,1.7115497862,0.980189065301,1.04021829812,0.0578284247735,19.5130226137,2.31345098296,18,65.6916454368,0.840952726022
high_downforce,1.13462359971,1.59247507958,1.87737255751,1.68903635327,1.01674169603,1.06501125295,0.0536376751797,16.7330145072,2.1866131188,17,66.0399380058,0.780557058946
high_downforce,1.16288346609,3.5593789846,1.91966379187,1.72934141105,1.01916465016,1.01547192848,0.0557387299313,18.2031244178,2.53817646203,18,64.6858148037,0.823646905635
high_downforce,1.14789189417,1.77787773044,2.03853226789,1.72396433422,0.95648689569,1.0265268815,0.0487527121347,17.2093370327,2.18917148712,17,65.9137824795,0.743715350345
high_downforce,1.25897908803,0.764741467423,1.92280218387,1.92108178797,1.02155547517,0.975906952516,0.0489825890175,17.1686510688,2.44749414338,17,64.050146389,0.814008310099
high_downforce,1.2398884081,2.62051172762,1.90121366069,1.99459215525,0.997258377264,1.08440992911,0.0645208600993,17.8417511466,2.64824706983,18,64.1295225466,0.786033580024
high_downforce,1.27416960759,-3.6350398525,1.99839778906,1.6889902596,1.00134781168,1.04122035518,0.0697432330144,16.0826368369,2.54606576185,16,64.5582472832,0.607917956849
high_downforce,1.2599549517,-3.72252221295,1.81854027156,1.6866124051,1.03601509076,1.02185310475,0.0649966330791,20.3022150388,2.41340543247,18,65.2694184551,0.915573868488
high_downforce,1.20184830147,-1.5020932837,1.95674703698,1.7484764839,1.04071757282,0.948976377969,0.0656831764608,20.0560295391,2.42491008001,18,64.062284492,0.818724576738
high_downforce,1.15943084052,3.82460548315,2.03804730968,1.8576773715,1.0325783498,0.900758921603,0.0647261900252,19.626395524,2.32312058039,18,63.8401969607,0.774737105894
high_downforce,1.14277819804,1.46580555277,1.80455876839,1.66988389542,1.02347287729,0.958223618155,0.0595657869329,18.8255861722,2.44320177001,18,65.8116832482,0.88497225555
high_downforce,1.24819996116,3.93475005151,1.82589173657,1.81786957077,0.961136372909,0.933591992374,0.0696064175723,16.6171617448,2.50000699638,16,66.6505105436,0.643034727254
high_downforce,1.17167971026,2.28229525817,2.02857311414,1.9907101723,1.01556449774,1.07418056187,0.0450693171015,16.1390999152,2.55617494048,16,63.0199978148,0.671866144297
high_downforce,1.20857136972,-0.940198406502,1.75646269728,1.99953994232,1.03411521085,0.98050470698,0.0453524378833,18.334369966,2.17878072016,18,65.2031120042,1.08209763581
high_downforce,1.25312456799,1.01585958076,2.00650507498,1.91627832832,0.979477570797,0.928610961535,0.0694728275109,16.228873162,2.3478020552,16,64.8651539613,0.615766090199
high_downforce,1.14805687349,-3.17334834884,2.05928739104,1.65665260527,1.00875808643,1.05066410423,0.0587889065093,17.4921682212,2.39220716404,17,64.2718656801,0.709262573979
high_downforce,1.13322476191,-0.379355900856,2.03612622118,1.89491617,0.950260723601,1.08555761527,0.0587552110641,20.6562422102,2.41286936659,18,64.6768992009,0.778252041984
high_downforce,1.20640471102,1.43451135264,1.94046305965,1.72677303979,0.987802448286,1.04638026863,0.0676061774742,19.9519635936,2.29456607471,18,65.7513713426,0.815848331881
high_downforce,1.20247546779,3.21534825921,1.95157844366,1.8689855615,0.974463937324,0.940353402488,0.0689632018353,19.7130778068,2.40635105623,18,65.2828438525,0.766945997205
high_downforce,1.13531830986,-3.27154070105,1.77798793553,1.93627760484,1.02745813856,0.984533254406,0.0535014857231,19.6842749834,2.47916699347,18,64.469733037,0.972902297043
high_downforce,1.1467376264,1.74983342105,2.01238656541,1.75376245032,1.00729721855,1.08237608186,0.0519956139731,20.2121457399,2.50008815036,18,64.0929581477,0.808443116288
high_downforce,1.18627509124,2.95212479983,1.80520880728,1.83449823034,0.950658584854,1.00146856777,0.0508781427362,18.0191000966,2.24731162194,18,67.1050630762,0.934944555581
high_downforce,1.14388566273,0.228934113355,1.8561933975,1.95982698769,0.97734764082,0.946211189654,0.0546524872122,18.0372117014,2.52853862697,18,64.9071021221,0.866856789943
high_downforce,1.19721943771,-1.71213435649,1.81585690227,1.98542742145,1.02224714442,0.956464407177,0.0665125544784,19.6658001225,2.23637594089,18,65.0167053127,0.94897703558
high_downforce,1.27506835536,-3.89903680702,2.09017378401,1.69748560934,1.04253512884,0.949083658027,0.0550312455152,16.9554673411,2.22052480227,17,63.8043536072,0.75178446118
high_downforce,1.16994608304,-3.98546145919,1.82587184998,1.72321064273,1.04887630961,1.02827819714,0.0561072183299,19.2043778034,2.20660226336,18,65.192588146,0.990496104067
high_downforce,1.2559096488,2.20620902519,1.77451844099,1.88320348499,1.03883191782,1.07265350803,0.047390272935,20.7722790228,2.63886205486,18,64.4616610411,0.97155414719
high_downforce,1.14276019127,-0.294880379486,1.94053981591,1.78461861653,0.971009659599,0.90643653771,0.0453751941177,16.7273879528,2.52980670644,17,65.0989865103,0.682143335318
high_downforce,1.27348926401,-3.29244294203,1.80283357296,1.88850054182,1.0421325821,1.02078554102,0.0456058864202,19.641443936,2.20508844638,18,64.8890112495,1.0628648938
high_downforce,1.26231598132,3.81983262944,1.80883165904,1.65894345112,1.00413574847,0.911165294368,0.0580095114282,18.7703600055,2.38533754242,18,66.5751198451,0.88014571175
high_downforce,1.24304863518,3.40213003025,1.86757983733,1.97478972696,0.999232541836,0.926085182861,0.0539315425046,16.2620897344,2.62593989642,16,64.5843346985,0.681995148811
high_downforce,1.21928907151,1.82848857095,1.96517682549,1.84603045641,1.02049483728,0.976502796451,0.0650792948412,16.3230417778,2.55949893931,16,64.0598187085,0.627029910692
high_downforce,1.27340974942,-1.27603896676,2.06143229477,1.90457081351,1.00323127715,1.09699139793,0.0598026023378,19.6310927397,2.47924285221,18,63.3321465202,0.80238251031
high_downforce,1.24213721433,2.38699010482,1.80344992826,1.84118174591,0.968256994868,1.0350344654,0.0553346907521,20.8261539604,2.41128609875,18,66.3526843753,0.912058538172
high_downforce,1.22035701197,-0.604597822824,1.88786009414,1.68919660107,0.993296752103,1.02995542425,0.0538338575077,17.4128795966,2.39816368677,17,65.7326016354,0.793662705216
high_downforce,1.23496323833,-1.76610284992,1.94049038747,1.84471601547,0.971748516235,1.03541544531,0.0635767833746,19.6951017685,2.54017766826,18,64.8030062383,0.802202781671
high_downforce,1.26764949773,-1.27430986295,2.00615540518,1.89429682414,1.03002363163,0.931607933875,0.0460137859887,17.8747488527,2.31124440054,18,63.5792992867,0.870039505779
high_downforce,1.13199135936,-3.908630104,1.88915719066,1.85258712582,1.01395988338,1.06066546627,0.0655859653204,18.6858853072,2.31968455746,18,64.6356612001,0.894018110665
high_downforce,1.22800017193,-0.987116933662,1.83620576318,1.79726276039,0.970730026936,0.916583384326,0.0625105152838,18.1713272721,2.24431357,18,66.5452488948,0.891906281165
high_downforce,1.24894992367,-1.33572550361,1.8861922478,1.75071755934,1.00906521529,0.938466693611,0.0631308037837,17.9746087047,2.37970387891,18,65.2648794465,0.852695267101
high_downforce,1.1967683826,-0.00086430021674,1.81974177566,1.85359024607,0.994864089381,0.901806366536,0.0655481753793,20.3959149554,2.15632442414,18,66.3037777984,0.921618204712
high_downforce,1.12325840054,0.744653836356,1.98644345772,1.90600277635,1.02173925011,0.978597529923,0.0552637521117,17.5678321054,2.44309358143,17,63.6321198455,0.752471384702
high_downforce,1.13993325275,3.64409040469,1.99101307125,1.99782469768,0.987066322085,0.944427603163,0.0681729127463,20.2817450517,2.64085427021,18,63.7706910324,0.721799641234
high_downforce,1.12117981796,-3.78098279726,1.87873571895,1.93587293758,1.0376681856,1.03641978749,0.0492270959519,20.0177606589,2.44127622399,18,63.5225989794,0.951569140841
high_downforce,1.19730421701,1.58823056707,2.07134430009,1.77542923039,0.959968227839,1.07681608004,0.0699392433575,17.5598054023,2.40340985989,17,65.0816412681,0.64182119644
high_downforce,1.1728846998,-1.20170754861,1.79430707757,1.8778960559,1.02820136571,0.951141512745,0.0533146102193,18.0913523078,2.33479292136,18,65.0581485064,0.97502746259
high_downforce,1.13477455458,-1.4958459392,1.77203957146,1.87137029914,1.00090825065,1.00801947557,0.0473135253788,16.5680366769,2.18444406197,17,66.2335943869,0.835439977118
high_downforce,1.14340260737,-0.497238775562,1.85459742074,1.72688552929,0.996433241221,0.990839758105,0.0458527630556,19.7565788532,2.64253337789,18,64.9947386662,0.874692029443
high_downforce,1.14107074581,-2.99059157505,1.79737732661,1.72007114238,1.00246584458,0.912150285617,0.0509845408079,18.8958771266,2.20016569696,18,66.3288768012,0.974592033203
high_downforce,1.20311057247,2.46845977057,1.95492719522,1.71283018704,0.987703684148,0.922065202588,0.047447766697,18.0411135127,2.46730764951,18,65.1927576538,0.820247923177
high_downforce,1.23873878908,-0.290507738426,1.78805646104,1.8083269934,1.0482036815,0.994064713757,0.0545528967678,18.0379085283,2.59681930084,18,64.4832546992,0.938438093915
high_downforce,1.19144134339,2.68558057651,1.86765394577,1.86580277245,1.00547528299,0.911384205896,0.0599266282359,19.8807760408,2.19822866488,18,65.69383599,0.90217971448
high_downforce,1.14485703654,3.32305291632,2.09361784923,1.8235822965,0.96034125716,0.939723910147,0.0622834876164,17.0461156596,2.60410756502,17,64.3366105517,0.597942041843
high_downforce,1.14849943343,-3.34636175039,1.95939993472,1.74398379719,1.01582916415,1.06842793136,0.0680477780273,17.1173352935,2.52880124496,17,64.1713496632,0.72097488556
high_downforce,1.22953554327,-1.83276803217,1.85066921816,1.94733441993,0.964260220995,0.952082853178,0.0628938447179,16.5933787109,2.52483139694,16,65.4448682656,0.680633446911
high_downforce,1.21868589492,1.76780160397,1.89464094171,1.82259923109,0.991220395275,1.08434422955,0.0564355733667,16.7917263856,2.49858608801,17,65.1627115433,0.728757129915
high_downforce,1.24357618419,-3.11674132135,1.99592432619,1.77244688737,0.998458971777,1.03377046978,0.0647212727011,20.4712301451,2.22563191132,18,64.8986204518,0.844771964412
high_downforce,1.18105885325,-3.06553616622,1.9213539803,1.76653791332,0.983442750149,0.904444048253,0.0627328130891,17.3083690559,2.43995447406,17,65.2238394655,0.734518646662
high_downforce,1.16950528604,0.204192715888,1.78756766743,1.83610976864,0.979262618085,0.90821635456,0.0579502033549,16.5498717715,2.35032179268,16,66.4852224736,0.732215554222
high_downforce,1.15613140817,-2.37241238832,1.80789115925,1.85732219874,1.02903298438,0.974116094725,0.0668346299732,17.3467736822,2.40149131847,17,64.9698776734,0.827532595439
high_downforce,1.21081369136,-2.83932991546,1.90158265291,1.91650778088,0.977274041637,1.064985721,0.0614350761482,18.1931215497,2.24535273949,18,65.3137551893,0.905947876315
high_downforce,1.24458608378,1.59115231329,1.93275175448,1.77917617933,0.960259469532,1.00989416573,0.0566118986683,20.5959707791,2.44099568333,18,65.7237996044,0.816871970965
high_downforce,1.21119511588,0.281433824628,2.0893758674,1.67932275648,1.03961374225,0.908528353877,0.065154577905,17.3187389901,2.3611079695,17,63.8810125273,0.672918235093
high_downforce,1.12876050324,-3.2355769521,2.09707564256,1.82602175078,0.961734353404,0.97213555528,0.0467596763237,19.1695348919,2.647590903,18,63.5212678653,0.743392340728
high_downforce,1.25620921983,0.834034330889,2.06133299144,1.83177096387,1.04404444541,0.978004889029,0.0623694001534,16.3531742566,2.6184691363,16,62.8704475433,0.602426532215
high_downforce,1.23549993776,3.45999814011,2.00676853178,1.93607753189,1.04126115166,0.995497661125,0.0492937398895,17.6623343162,2.28537731412,18,63.6269438166,0.812091549965
high_downforce,1.25775231259,1.52453881052,2.03491234465,1.96595796773,1.01759010846,0.903016647716,0.067147373603,16.6511295155,2.34147099895,17,63.8243432286,0.631527202559
high_downforce,1.15967326706,0.325143484696,1.85349506969,1.82666921139,1.00179764247,1.08058897617,0.0633325533296,19.4099072369,2.57590502065,18,64.8641168721,0.851744588289
high_downforce,1.20509308282,-2.28773592891,1.79486915498,1.83921791829,1.04218869837,0.919987010895,0.0619922459704,20.7068269302,2.64646449092,18,64.2690584725,0.893445442794
high_downforce,1.23399782794,-2.36561413186,2.00257881504,1.84050645837,0.953318289935,1.06189260832,0.047697231259,18.5180293622,2.29354464307,18,65.1738984216,0.868057926083
high_downforce,1.24276117236,3.56553351378,1.86978518054,1.89217696687,0.95667001853,1.07453635548,0.054274591369,19.9984132651,2.20517839434,18,66.5043117956,0.919338553317
high_downforce,1.18302146459,-2.93098077359,2.01574914501,1.83232923857,0.98811202783,0.974090198966,0.0520148267053,19.1348377054,2.57314939327,18,63.7506677024,0.797912086786
high_downforce,1.22587074408,2.0815968088,1.81037715035,1.73366938115,0.983024668473,1.09951255904,0.0662491788746,20.9049538646,2.28617354887,18,66.7871395126,0.900265804313
high_downforce,1.17890933851,0.5736547615,1.83622048011,1.81097841405,1.03274854352,0.99080961373,0.0483137538967,18.9693133781,2.40996925477,18,64.7695643311,0.947891146735
high_downforce,1.19406962366,-0.236158828605,1.81857894194,1.84782391584,0.980067419418,1.03221009524,0.0583120128107,18.1564241434,2.41572813276,18,65.7958797895,0.905995722769
high_downforce,1.21464827798,-3.31976915415,1.87548472676,1.98167475261,1.01378946698,0.959034630724,0.0591208813037,16.5561335413,2.30333021132,16,64.5937025451,0.747271699008
high_downforce,1.12188532872,-1.59969907299,2.04132158903,1.98172970608,0.984092484171,0.973103014121,0.0664855740475,18.41930557,2.20578465061,18,64.2424144545,0.807101927479
high_downforce,1.27984694676,-3.23768308723,1.83708144479,1.77307437939,1.03443538832,0.92140564911,0.0577579086274,17.8174446624,2.31865949794,18,65.1064291433,0.900988729424
high_downforce,1.24079001364,2.31660329773,1.82139183054,1.76803325146,1.01045443284,1.00866901446,0.0610474948486,18.7730711354,2.22882144713,18,66.204770085,0.931120863053
high_downforce,1.21555139659,1.45111550049,2.08706432879,1.72095577875,1.00088101819,0.952177492733,0.0589908433914,16.226154297,2.39375082259,16,64.4422515453,0.594545749759
high_downforce,1.12509149629,0.0132595494564,1.7801869231,1.88881872504,1.0100668668,0.992955282642,0.0492977074041,18.5745035305,2.3612783821,18,65.3817816487,0.980105696677
high_downforce,1.27374607618,-0.0908452228378,1.84365014057,1.71431777035,0.961907786948,0.916294789999,0.066093942702,17.2817137027,2.23808748112,17,67.2212652074,0.779766841555
high_downforce,1.24930905702,0.67630749868,1.89674284775,1.99309303895,1.04116607035,0.965207700792,0.0627756598843,20.8478430685,2.62985663315,18,63.2626475335,0.849875653902
high_downforce,1.26032785603,0.394445742318,2.09615189357,1.93615897651,1.03704496321,1.01615447105,0.0466326649511,18.0797421343,2.4159917965,18,62.5284959305,0.846273717754
high_downforce,1.18569009175,-0.732050113441,1.97161873696,1.95958571392,0.959756831108,0.981143801319,0.0625561200544,20.0834274917,2.18688112601,18,65.3657370877,0.846500153112
high_downforce,1.17295884064,2.0792195488,1.88840133132,1.87848373629,1.00862982995,1.0798770291,0.0657660375812,18.230789035,2.40086231887,18,64.850587152,0.858975857
high_downforce,1.25500690348,-3.03167934041,1.91798074752,1.77838948078,0.993883825814,1.07070760463,0.0651093564954,18.5074064928,2.51799244461,18,64.7561774043,0.831347784037
high_downforce,1.12503676392,3.83249026013,1.77737253774,1.82942366092,0.996857119882,1.04520402987,0.0562332091997,18.0346133256,2.2721231318,18,66.39168705,0.952686613592
high_downforce,1.1833296927,2.34694630956,1.78893488888,1.88218063556,0.95658982838,1.04075684766,0.0474529451361,17.026389661,2.18903119927,17,67.0988479057,0.89292509251
high_downforce,1.2253046821,3.68084287909,1.9666084843,1.98124924238,0.950246612258,1.07177340183,0.0603312264696,19.6263377087,2.29852051148,18,65.472438642,0.82864222331
high_downforce,1.2556037869,-1.04487453824,2.05207551897,1.94459823182,1.04216133937,1.09442148084,0.0523124952081,18.8712265806,2.64822254426,18,62.0819552801,0.827737854168
high_downforce,1.23076485775,-0.948241077593,1.90352575909,1.85192555639,0.983666412385,1.00846564958,0.0585427787748,20.9153971499,2.50251547015,18,64.8882308065,0.846683112478
high_downforce,1.1726814575,1.49145803971,1.98215934909,1.67538254804,1.0375424862,0.95743616171,0.0532943089444,16.9205273188,2.60471696785,17,63.9737140609,0.696492158223
high_downforce,1.25165421966,-0.560132516226,1.80691364481,1.73831052223,0.971146115646,1.05266381449,0.0610516821324,16.1965187207,2.32073788056,16,66.9413707832,0.730805404054
high_downforce,1.25780004586,3.14715915911,2.09533859074,1.90979425576,0.967901516163,0.968344582246,0.0499852476899,17.1659255556,2.3348257928,17,64.4520213493,0.708694103643
high_downforce,1.18984229005,-3.70799148074,1.78501423247,1.6578071482,0.976098370998,1.09371734798,0.0655359540805,16.7686722091,2.56288790043,17,66.4962927759,0.735565222891
high_downforce,1.20999548427,-1.10672458883,2.09212257412,1.67321122262,1.04968062793,1.02590947119,0.0617696049704,20.8671662103,2.26821097008,18,63.7091931982,0.803189699651
high_downforce,1.1543292579,1.30188977128,1.75527957083,1.78280309828,0.950967826416,1.08225756047,0.0505423699493,18.5166211901,2.32771482921,18,67.3002218089,0.960500810529
high_downforce,1.23944036171,-3.76313675606,2.03896451824,1.67135527256,1.04679128992,1.06164683859,0.0648818824811,18.953015162,2.21775051524,18,64.104311447,0.846315795242
high_downforce,1.21524925894,2.12972793883,1.93560354225,1.78914251,1.03897456729,1.03045899108,0.0542997349564,18.6236233365,2.46114068691,18,64.0862661045,0.866111995138
high_downforce,1.16453921022,-1.3943817605,1.85747340522,1.87015764839,0.969861057707,1.09050671847,0.0597974647522,18.6913194467,2.55660638289,18,65.2013378017,0.860236028472
high_downforce,1.23534010092,-2.76590600677,2.03948034705,1.97059464862,0.95233573187,1.09482367443,0.0611552048121,17.3463265227,2.30950815546,17,64.6434521419,0.739319749772
high_downforce,1.12457734855,-3.31632434742,2.02731722352,1.98970230493,1.04961366198,1.01877432952,0.0545384528566,19.9787670378,2.16457094414,18,62.9496525046,0.919204933577
high_downforce,1.27761798863,-3.94294631643,1.93301875043,1.71853840728,1.04956705412,1.07198399027,0.0505903183222,17.5803660027,2.42261313008,17,63.9814179767,0.83458634779
high_downforce,1.19768958933,-3.54410822026,1.79870067738,1.84268515322,0.993789397604,0.928081401845,0.055014323045,16.4660172307,2.63850517069,16,65.1680703144,0.717172659647
high_downforce,1.16590589866,-3.95800462036,2.05864977949,1.92014263248,1.01932428121,1.02217065682,0.0570164784005,16.2555901582,2.62936280437,16,62.5633911201,0.628788629327
high_downforce,1.12856073699,3.09254646875,1.90376754374,1.88588485912,0.998766405151,1.02108881366,0.0633797713071,19.0921766083,2.50082790663,18,64.6963565378,0.817661897551
high_downforce,1.16987499643,-3.87672229237,2.0355466104,1.78739144226,0.969036766537,1.0921980283,0.0630418281978,20.719957959,2.41286810167,18,64.5375517186,0.782376223076
high_downforce,1.12704652686,-1.06021207135,1.99023764726,1.81568861478,0.99838039607,1.01519196841,0.0563878354706,20.5089015917,2.62438094072,18,63.7693510057,0.78397767871
high_downforce,1.27795928475,-0.0395346580156,1.95117264688,1.84530801719,1.02159258809,1.00419083294,0.0628873297391,17.4833820044,2.60561182136,17,63.8492341257,0.731504256073
high_downforce,1.21637764555,1.14212831699,2.0101496035,1.93824435366,0.969853032272,1.05438333974,0.0584850840814,16.8153165105,2.33375817426,17,64.7835816514,0.698581589179
high_downforce,1.22033025007,-0.454253574438,1.82551998357,1.86761054084,1.01132525864,1.00505502116,0.0590462293788,20.5251008231,2.6211475159,18,64.6247245374,0.882705590954
high_downforce,1.18320417629,-1.39892042144,1.91414630058,1.70177242133,0.971057325494,0.922884174545,0.0616498645228,20.1756975543,2.64372752591,18,65.3316673139,0.763656318744
high_downforce,1.21517221778,0.132590079746,1.7614095561,1.66468464947,0.97953252215,1.02069367588,0.0667086166424,18.9569315416,2.21689130359,18,67.6059904253,0.926525228762
high_downforce,1.13468627524,2.7090239587,2.09216200692,1.76857086111,1.03724304576,0.955662501735,0.0512197232481,20.7733427778,2.21501167454,18,63.7968164306,0.822618253267
high_downforce,1.19505949871,-3.61890208663,1.89309943051,1.69622267774,1.03184536386,0.972147208055,0.056028749978,20.9123055929,2.42504698,18,64.6241653976,0.887565605722
high_downforce,1.25128404273,-2.09497861442,2.07042036678,1.92244321067,0.974939892915,0.971663915928,0.0471918495085,18.7516901597,2.33276834846,18,63.9784784075,0.837393130915
high_downforce,1.2683454123,3.59376126704,2.04372559865,1.84485812742,0.990123203131,0.965735245561,0.0693101541622,17.9859649714,2.27040027056,18,64.8837653165,0.758430238366
high_downforce,1.22534363246,-3.71976961218,1.99476616814,1.85768669867,1.03269777268,1.01580478642,0.0683433431286,20.3305425661,2.48089727972,18,63.2908334489,0.809731535639
high_downforce,1.23015004402,2.60723135675,1.97395842219,1.65523606212,0.96597911415,1.03149912084,0.0578318818347,19.894925181,2.37705134337,18,66.04837842,0.788854813256
high_downforce,1.13887739887,-0.635715079457,1.78248127705,1.87562565216,1.04573379401,1.0008538715,0.0655885656375,19.4962627847,2.62464943455,18,64.2729385973,0.897192407614
high_downforce,1.25739878542,-0.456734741411,1.906671705,1.76574345542,1.00756284531,0.9826803656,0.0516663538277,19.5952755025,2.55357763564,18,64.6055750396,0.860999685944
high_downforce,1.27435050398,1.96430664896,1.75971797397,1.68088221453,0.985917858834,0.914955193387,0.0624088302954,17.9922899795,2.5387669282,18,66.7844845193,0.865413566377
high_downforce,1.24355931894,-3.55324537962,2.03768092178,1.95023520854,0.997167354233,1.02396611342,0.0600385496224,16.1774042232,2.28054013326,16,63.9679546978,0.678366591619
high_downforce,1.15422908449,-1.23121131583,2.06955266433,1.65250453481,1.02034636747,0.985219073897,0.0504368368568,20.7489818106,2.21291931578,18,64.4705291575,0.835545838946
high_downforce,1.26892971475,-3.04220456676,2.07399567323,1.99633816308,0.974792905325,1.07029023408,0.0461150685859,16.0518033226,2.46489740833,16,63.4665248402,0.669346129432
high_downforce,1.15482255299,-2.18321970835,1.84769921225,1.81572444862,1.03784709458,1.04383663967,0.0477962648184,17.66630748,2.49558038837,18,64.2290340624,0.871592427393
high_downforce,1.19726995535,1.48164036057,1.93776290388,1.93729069815,0.970247223949,1.07637598726,0.0474930874703,20.9531959088,2.16779112811,18,65.4696430529,0.932935624361
high_downforce,1.26697983285,-1.11384855097,2.00291634295,1.79317494615,1.04186762579,0.970828310376,0.045057970183,18.8690825042,2.22721967197,18,63.9337193679,0.922143601959
high_downforce,1.18081052651,-3.10253235043,1.78421323961,1.93071553858,0.964012190201,1.05701356883,0.055751476177,18.4101523319,2.35792269164,18,66.0006631924,0.960540779974
high_downforce,1.12927325663,-2.02086911043,1.95727770341,1.95925128769,1.01086068121,0.915923580732,0.0666688426575,20.108166147,2.55719307295,18,63.4726753103,0.787671301495
high_downforce,1.1976371694,-0.217797091848,1.93297735639,1.70854265554,1.01836017187,0.947781158885,0.0455677624689,20.5217835505,2.48499510676,18,64.5276198507,0.867860044882
high_downforce,1.23988868786,3.11599758468,2.05454672229,1.81092877397,1.01615424419,0.918543441318,0.057044076827,19.9766182699,2.63070834498,18,63.4249096543,0.736195067389
high_downforce,1.2442467891,2.7282963803,1.99379491615,1.95107206819,0.955214026674,0.997223317741,0.0542572443034,17.711521945,2.21557386785,18,65.503802037,0.781463442335
high_downforce,1.19020553771,-1.02598943575,1.85979218688,1.84723422174,1.01889120464,0.93455673541,0.0531488092406,20.7693327416,2.25898602603,18,65.0843302527,0.942754051344
high_downforce,1.2697053675,-3.96643515593,1.79780652568,1.91149171265,1.01080101893,1.07249204919,0.0593045717876,16.0023561587,2.17041747973,16,65.7953743634,0.818760662644
high_downforce,1.20656511142,2.43120519001,2.04090447166,1.94226347084,0.956061871889,0.956481451863,0.0683769732262,20.9963406643,2.39212979351,18,64.7979903845,0.729075962475
high_downforce,1.17905692601,2.04111613874,1.99848557523,1.85297478703,1.03938785458,1.05161287332,0.0652594440359,17.9208717839,2.52145937685,18,63.3714995886,0.773245083378
high_downforce,1.25739498626,-3.3898756562,2.07117646038,1.69915259883,1.03609875638,1.05380650484,0.0634940326637,20.9801192208,2.35041286083,18,63.6575994307,0.804659711786
high_downforce,1.14793350929,2.20561251658,1.95588077788,1.98385948539,1.01582985227,0.950763777926,0.0459314639625,18.6008064515,2.20457826425,18,64.2465144995,0.925553539555
high_downforce,1.27492317378,3.60604536762,1.85646706237,1.82571288757,0.971018428531,1.09874327368,0.0470156511118,17.5249001713,2.22316387233,17,66.5369453707,0.864006580965
high_downforce,1.19918731396,-1.41964191135,2.07315574714,1.71804207759,0.966728621119,0.908064218257,0.0498110340168,20.9040517841,2.18784316743,18,65.3308274717,0.810683985081
high_downforce,1.20295827038,0.418454416541,1.77021769573,1.80404025218,0.983575646456,1.0822298552,0.0494692400222,20.0931944257,2.3018319572,18,66.4831784016,0.991696756849
high_downforce,1.14752947672,-3.92775152747,1.88332377395,1.79480243534,1.01218127072,0.913402140528,0.0461068271612,18.4249374869,2.53645496639,18,64.2743535661,0.896246991181
high_downforce,1.14071181515,3.24612156145,1.92904557605,1.72812951094,0.953725834452,0.95561590264,0.0477106732087,20.3841589437,2.25365322432,18,66.515565565,0.85193533546
high_downforce,1.12516140237,3.83488425021,2.0236081313,1.93205674833,1.0499181942,1.04489461076,0.0630377384532,17.0840667858,2.33531683234,17,63.30495273,0.744751352772
high_downforce,1.2643907516,1.68139519354,1.92220953314,1.88385625983,0.951829189023,1.09225756837,0.0613891769557,16.2510934228,2.16526615227,16,66.5183508906,0.705374215883
high_downforce,1.23035398663,-0.173215625388,1.98244139635,1.89231343606,0.978459778756,0.981072476691,0.0514028372474,18.0205348223,2.42396161654,18,64.4878366764,0.8385383027
high_downforce,1.23561859067,-2.05846286639,1.9675242856,1.75290693751,0.988954536653,0.962309543831,0.0523201898343,16.0486260344,2.61824295931,16,64.5194680777,0.640203456229
high_downforce,1.14367148183,-1.05348248521,1.78036548866,1.92010430621,0.996714405188,1.03672917202,0.0461075806701,19.768251038,2.21821160197,18,65.800829146,1.02948086378
high_downforce,1.20631515169,1.28923828511,1.80301404572,1.99549795853,0.961272843494,1.07830161546,0.0532875119633,17.0433067641,2.41063317402,17,65.9227712743,0.850176425511
high_downforce,1.26577916924,-1.13533746782,1.89792629471,1.78541646652,1.04221978961,0.92932378982,0.0500606477031,20.8260117746,2.2798641663,18,64.5837190009,0.941102109095
high_downforce,1.17574037929,-1.71209027034,1.93011383422,1.73801296087,0.964392526742,1.03573930445,0.0664415685295,18.5826721642,2.6170498101,18,65.2449731486,0.761287882083
high_downforce,1.13043713626,0.211179695782,1.91734284292,1.66842325781,1.03629625573,0.947172904509,0.0459024350537,19.6520531369,2.51711480203,18,64.3757464778,0.866044400554
high_downforce,1.2537287742,0.959828061651,2.05431035981,1.8739192302,1.0215129861,0.959515202502,0.052172890724,19.7213528044,2.45519318243,18,63.3002815019,0.811718887917
high_downforce,1.1359667362,3.52627784298,2.07546913012,1.90601080746,1.04234512319,0.977208193551,0.0490342683125,17.1489470321,2.55438470216,17,62.5583524062,0.713349699323
high_downforce,1.16566858073,-3.77567107218,1.80385016404,1.66268170336,0.993863348432,1.05847113496,0.0492502489913,18.8863454179,2.64835942334,18,65.4893715969,0.907887665371
high_downforce,1.17437996916,-0.0586879886821,2.0315867757,1.88780380507,0.99640279186,0.954551368634,0.0646285562384,19.5545833321,2.30904194387,18,64.2322072723,0.789779942697
high_downforce,1.25915723243,-1.0277350167,1.85602535297,1.69242320933,0.990010830674,0.968113167041,0.0671743720355,19.2254372961,2.52093239986,18,65.7962939242,0.820381254721
high_downforce,1.18938085959,1.58480404404,1.81567300644,1.79437135935,0.972071401613,1.09018818058,0.0578888544497,17.6794394459,2.53324783663,18,66.0586145652,0.80359528011
high_downforce,1.14424383318,1.88049558822,1.9980962394,1.78376993186,1.02290406696,1.04822698237,0.0666182704561,19.37103012,2.36150916612,18,64.2759644266,0.796285098153
high_downforce,1.15437266032,-2.97846699043,1.9282287691,1.69136014309,1.00478853974,0.916392049584,0.0617104270567,16.7309495574,2.21454752121,17,65.6811613257,0.716612811426
high_downforce,1.13068268003,3.71825276583,2.09888351293,1.75030910359,0.981975854988,0.991174381413,0.0574058343843,17.2295497115,2.50470189799,17,64.3226834142,0.635805198942
high_downforce,1.25535639723,-3.34356091197,2.00489194974,1.85847243273,0.980832386122,1.08026339561,0.0542289908943,20.9299111192,2.42286456991,18,64.2258200078,0.846483328938
high_downforce,1.27814955713,0.482523867615,2.06208824801,1.72080611285,0.979600187217,0.949409368927,0.052502530569,17.7444450853,2.17166767652,18,65.4279704969,0.765323151176
high_downforce,1.12387813168,-0.0803010659295,2.05634509158,1.70689117387,0.962478858939,0.957754432455,0.0660910794585,19.2289799413,2.20979561978,18,65.6750242354,0.747014561943
high_downforce,1.26768106877,1.68471378308,1.96813385127,1.81143332579,0.999082180572,0.92814063505,0.0578559352817,17.7035118032,2.23368755339,18,65.2623636382,0.783560715311
high_downforce,1.27632365867,-0.188032702287,2.01451284616,1.80391313314,0.979434612874,1.0265213918,0.0698086235014,20.6912025174,2.17071088742,18,65.4488689229,0.811050917226
high_downforce,1.22515366767,1.47026700281,1.96197232609,1.98998095483,0.985583597685,0.968004953986,0.0500202455287,18.7928055093,2.41894122903,18,64.2562009335,0.860021335011
high_downforce,1.127666825,-0.979322841965,1.9621522398,1.71846006174,1.03412159196,0.983623630191,0.0566294603107,17.0277789677,2.34943232668,17,64.4048652247,0.770509239992
high_downforce,1.25599908629,1.3967130843,2.05007807961,1.76274080956,0.971497286909,0.936655183152,0.0578834112262,19.4403936957,2.2063627055,18,65.4403976377,0.795434688423
high_downforce,1.13075008084,-0.464428598874,2.07965525005,1.7550108736,0.977183017554,1.09175654847,0.0547873608725,19.8936346796,2.22655908097,18,64.8120803413,0.810903951247
high_downforce,1.25153590836,0.807971106937,2.04120864185,1.79060440076,0.982362973104,0.949517681786,0.0468865295816,17.7992037282,2.63894415257,18,64.0109517498,0.724449707428
high_downforce,1.22891274482,1.18568472322,1.95446795666,1.70637111705,1.03830450073,0.990116321385,0.0556875206989,16.1859631968,2.3598878353,16,64.6986483794,0.686188634356
high_downforce,1.19087027241,3.251795653,1.86993095647,1.79758479904,0.973241633179,0.99943695839,0.0510945589284,19.3390932302,2.57692410894,18,65.5296692345,0.842852272894
high_downforce,1.21684895623,-1.54157562028,1.83055283568,1.74746706006,0.992314851092,1.07323657005,0.0467615587804,20.4222561182,2.43594065017,18,65.6015551634,0.94610786224
high_downforce,1.14621413037,-1.91323145879,1.89020242688,1.9293247994,1.03353616413,1.05743807665,0.068513310936,20.4038531981,2.18531551275,18,64.5272592809,0.923372307254
high_downforce,1.22125526252,-3.64909805992,1.85040391527,1.88236537873,0.97039842306,0.901388525533,0.0473920945127,17.5329039751,2.15849145578,17,66.148246464,0.882193345952
high_downforce,1.15638873169,-1.71616335086,1.79085439479,1.81448352107,1.0360509553,1.05624376122,0.0638206789148,17.0645127297,2.61728721484,17,64.6120264006,0.818248789151
high_downforce,1.25685290799,-3.45755943379,1.79136606729,1.81934267115,1.04817119584,0.917139412618,0.0600055127877,16.3815813343,2.27757515199,16,65.2749072308,0.789234339856
high_downforce,1.15791705291,1.83926142377,1.76926615057,1.69227510335,1.00619614992,0.937814707692,0.0566269344318,18.0672014891,2.37993690246,18,66.4799944404,0.918086116461
high_downforce,1.25451248202,3.94213281992,1.94048829637,1.89895799378,1.03690007668,0.961710893201,0.0498910110321,20.2187910192,2.19053440132,18,64.5155780717,0.930206169297
high_downforce,1.21916077962,-2.67419173961,1.9328954207,1.97891821395,1.02570663163,0.990480817945,0.0662829133795,16.1099379912,2.26948569833,16,64.1662350079,0.715457026674
high_downforce,1.18517899458,-1.31226812596,1.77124975918,1.95100158784,1.01764896854,0.926789443778,0.0547678487399,16.1256557512,2.42516280207,16,65.1711854479,0.775338841945
high_downforce,1.16567965044,-1.87668335252,1.86754469834,1.70017193065,1.01967005019,1.03593685884,0.0542195439838,17.4685237515,2.62216473654,17,64.692780956,0.783106105443
high_downforce,1.18840255556,0.199625511911,2.0626954568,1.77528587856,1.01898625484,0.983811810372,0.0496017693421,16.7538645901,2.44086252479,17,63.6970935788,0.671356237935
high_downforce,1.15931317349,1.66256285993,1.90947996013,1.95914397751,0.965207418828,1.06612015526,0.055409844983,19.9732402857,2.30009513194,18,65.395480506,0.884801184623
high_downforce,1.16668415677,2.86619772606,2.09464048571,1.89954736986,0.968757940838,1.06111941385,0.0626900238669,20.7367257384,2.2540506579,18,64.6107185526,0.765611849245
high_downforce,1.25263822078,0.575442341548,1.89636230363,1.91511456699,1.01159994851,0.981155605907,0.048421367552,16.0726472705,2.45889247187,16,64.4852038007,0.725957431065
high_downforce,1.2618569084,0.0248221261325,1.82096273873,1.95966483383,1.03284118438,1.01855567919,0.068646874904,18.6816651055,2.38537363016,18,64.6388673232,0.920019011151
high_downforce,1.23644267341,2.01483996692,2.00628318796,1.98469668237,0.953214730988,0.917129287355,0.0499615403404,16.974505177,2.53755219875,17,64.5034951731,0.702112992503
high_downforce,1.26575376278,-0.37769611331,2.01154946483,1.92471840476,0.999443204295,1.02424690689,0.056093136117,20.1975345383,2.3848291019,18,63.9182535601,0.841795775403
high_downforce,1.15345926794,3.36753743744,2.00590677367,1.87049556273,1.02426542137,0.914077482825,0.0503138798811,20.5607305928,2.56764949524,18,63.383596755,0.796416917297
high_downforce,1.15242694444,-2.4397108604,2.00381701151,1.73349521691,0.976726927937,1.0290775888,0.0555452978661,20.8501021034,2.44388356952,18,64.7489097983,0.799520826097
high_downforce,1.2009824896,0.237291063725,2.08254118537,1.87068844125,1.03574800566,0.926134672004,0.0651263403179,20.4196712322,2.27161690135,18,63.3943465119,0.788791179184
high_downforce,1.26055859114,-1.81760645874,1.76504101997,1.80088121062,0.965479021924,1.03072733025,0.0592436712996,17.7622435086,2.36645966332,18,66.8068277865,0.887648364256
high_downforce,1.27277117466,0.507771163914,1.82440464298,1.75077839028,1.00130522916,1.08772430134,0.0662369818517,20.5577910115,2.52032347502,18,65.6267400548,0.869592563615
high_downforce,1.25578150601,2.66924245815,2.04823760613,1.73024828408,0.959316510456,1.04879648489,0.0677155791452,16.4684535174,2.44851402195,16,65.4848161602,0.567444700498
high_downforce,1.19874816839,-0.518918796288,1.85959258919,1.82382500722,1.01645984153,0.954942573149,0.0486511235253,16.3583159024,2.36679647089,16,65.1103486222,0.747576826681
high_downforce,1.21769918307,-0.225349368526,2.02925591068,1.87596494778,1.03100814724,0.951780436355,0.0585606804616,16.8229303501,2.61977899268,17,62.9833259407,0.66209302499
high_downforce,1.23778587312,-2.43766067226,1.95408393579,1.92572236921,1.03565201319,1.09726383093,0.0629170423533,19.1620627915,2.25279099983,18,63.8427162602,0.912387323758
high_downforce,1.24101123898,-1.08452511713,2.03269984211,1.7327149961,0.995172692229,1.00814080981,0.0642304388935,19.0940055519,2.58657433095,18,64.1303613573,0.739113009825
high_downforce,1.15396625997,3.10449163274,2.09839661003,1.87025179273,0.980142933787,1.09841744384,0.0590108783191,17.7626790108,2.26659662998,18,64.4391465628,0.727089068402
high_downforce,1.12725836337,2.77255272196,1.93175952562,1.78671293526,1.01072936329,1.07788434983,0.0491540923686,19.449202554,2.41179051732,18,64.6645261987,0.875637600955
high_downforce,1.27029505368,-2.61933852953,2.012630081,1.95435845604,1.0428940455,1.02894986344,0.0479649287893,17.0647333254,2.21920525204,17,63.3038615854,0.852855635291
high_downforce,1.2445869746,3.40930130149,2.07066856726,1.95196949136,1.00738638564,1.01667761896,0.065852414831,17.4468332657,2.23998166504,17,64.0812097468,0.719445944785
high_downforce,1.12198902279,0.437380515969,1.78011138266,1.93880003618,0.958510695352,0.925696289922,0.0478775214819,19.6590877615,2.35456891491,18,66.2766485781,0.947753621535
high_downforce,1.20641279629,-1.34319146945,1.8740013983,1.92890255831,1.02478514408,0.912162171069,0.0492087899874,16.4465627828,2.19107038655,16,64.9273099178,0.78165163617
high_downforce,1.16260680646,3.15676260805,1.75581450602,1.70057566226,1.01267174304,0.948509264489,0.0588387053667,16.3201551699,2.59829205439,16,66.2007971263,0.705093255833
high_downforce,1.13886448545,1.44502785799,2.01339738394,1.87086404404,1.00064095139,0.936048852183,0.0588965547609,19.532727258,2.4126916392,18,64.0832097028,0.786801454608
high_downforce,1.22767303831,0.197819692069,1.80800656013,1.75010941003,0.965003321487,0.94239729449,0.0625826033243,20.9867323502,2.20234516176,18,67.2333733292,0.906828500291
high_downforce,1.2115120987,-2.71142744929,1.87371865064,1.98010837557,0.961665612125,1.07107307193,0.064596775618,16.0048888389,2.26168068141,16,65.7833883716,0.724717004562
high_downforce,1.19811678154,-3.11215193452,1.96711590313,1.77681049984,0.994962012757,0.946298518021,0.0503773822035,19.2246389027,2.4189251765,18,64.4944741675,0.851870827953
high_downforce,1.27257946823,1.82715020906,1.85817370026,1.76048436577,0.973930115837,1.07419286751,0.0697888443572,18.9274510242,2.36022791257,18,66.3846450444,0.84444905852
high_downforce,1.12890492546,2.24480770987,1.89537181906,1.75339426549,0.962462468419,0.953731308366,0.0690752365642,16.5640898245,2.62206951367,16,65.8729303157,0.589232382475
high_downforce,1.25725809802,0.262167282626,2.09676164098,1.79845995231,0.956661626559,1.02727263726,0.0478536994544,16.5036069109,2.40504570385,16,64.7551547928,0.619777151517
high_downforce,1.1993536626,1.06033491724,1.95031564048,1.84502664197,1.03891698085,1.08279672936,0.0660494930534,19.5702142847,2.64738375541,18,63.3805520163,0.801695690051
high_downforce,1.1718068207,1.12552524528,1.9642752736,1.95700937277,0.976496143051,1.0330010328,0.0617460927941,16.5846788853,2.16306288948,16,65.4050204035,0.694782525602
high_downforce,1.22473498253,-0.0805892954376,2.03610279399,1.79958849137,1.00651699428,0.930036122723,0.0567286169005,16.0478826394,2.30365939795,16,64.4779288212,0.649849889314
high_downforce,1.1616122862,0.615795728258,1.93363232729,1.82329315043,1.01231500496,1.01388494635,0.0494537807217,19.7984770562,2.19788937202,18,64.9602851289,0.924821208075
high_downforce,1.24406944317,-2.00714337414,1.82836850918,1.73000640813,0.969122716864,0.992937808573,0.0635401162262,19.4909716275,2.42105206319,18,66.3728044947,0.866060043098
high_downforce,1.17820709133,-3.27133675938,1.97176153989,1.65969136967,0.955933793585,1.01920104592,0.0460438795752,20.5933761918,2.55880743367,18,65.2934648881,0.810844598332
high_downforce,1.27225498434,-0.645306073026,1.78615506114,1.87691884875,1.02525064235,0.987844377689,0.0692787144299,17.3443078289,2.50229686192,17,65.1135294502,0.818865460094
high_downforce,1.20532721135,-0.109064287449,1.91096656119,1.82267120416,0.994159566199,1.08055533348,0.0610925506947,17.8233104005,2.50480692645,18,64.8055106613,0.800837493808
high_downforce,1.15551426595,-2.02849477294,1.80419464266,1.8398764917,1.03824595635,0.952392893256,0.0498007491162,16.6825167323,2.47093840214,17,64.6646544732,0.796014820569
high_downforce,1.12734429491,1.44144961618,2.05763442652,1.84055781216,0.988593609565,0.907798082752,0.0667507208147,18.1597897968,2.1572528574,18,64.9039682201,0.773836534516
high_downforce,1.24986514059,-2.45697917759,1.99973481424,1.86692911171,0.996940382187,0.962991137644,0.0688125425105,17.2152978535,2.36169856861,17,64.3852954478,0.721447673923
high_downforce,1.26134632538,3.94306893663,2.05947625221,1.97284376501,1.04411243681,0.93413136705,0.057569456433,20.7803915877,2.36773752882,18,62.9889192489,0.814051871975
high_downforce,1.2562285776,0.84410467586,1.91633617535,1.67649816236,0.995016994721,1.0231459007,0.0681836381171,19.3399801216,2.47255740452,18,65.5572164184,0.793618566013
high_downforce,1.22910979436,-1.13874737105,2.00759044089,1.86959381835,1.0271984612,1.03191098091,0.0510278456302,20.434241472,2.21280843687,18,63.9341964966,0.908254422777
high_downforce,1.20903739025,3.16680638721,1.75914053995,1.89264751928,0.992104741765,0.93486339462,0.056450772005,17.6165439092,2.28179655803,18,66.5289083326,0.87022842674
high_downforce,1.19302662676,-2.99510130752,1.98033470416,1.80928530994,1.02145535236,0.981717532961,0.0580692939136,20.1947946899,2.56128345985,18,63.5180829471,0.815838260718
high_downforce,1.20598013901,-0.969674421974,1.81501268556,1.8920236316,1.02569988897,0.931936578823,0.0644454410995,20.5545745534,2.6359399572,18,64.3555564097,0.867486341855
high_downforce,1.24627806144,-1.59610448931,1.91323987939,1.9990990329,0.980658163511,0.973698500344,0.0539965113143,20.7526064441,2.16001737923,18,65.1961589723,0.939023759786
high_downforce,1.23198207703,-0.180869709284,1.77463376148,1.83406502268,1.00296805607,0.911808048022,0.0694859195985,18.3387118423,2.19226885815,18,66.5106134587,0.934671152002
high_downforce,1.24299737268,2.90155709816,2.0032910172,1.93072973444,0.957453088597,0.903934357251,0.0580928683092,17.3618991532,2.57131841628,17,64.6780592432,0.671027717176
high_downforce,1.15010713723,-1.6481751934,1.8447978455,1.7174916456,0.972042979374,0.997660899688,0.0613567885622,20.2602324683,2.62587273713,18,65.7037766648,0.81847210303
high_downforce,1.25842771521,0.00800869449234,2.02802972718,1.80919252269,1.0072573375,0.940059714127,0.0615364812391,18.4988446361,2.33891669905,18,64.2998967091,0.799466330565
high_downforce,1.16296177625,2.38200802201,1.87425602928,1.8921117024,1.04653944124,0.924971653055,0.0465236432503,20.9542157909,2.52114009007,18,63.7991629196,0.90954018942
high_downforce,1.21947040194,-0.335652700734,1.92338701821,1.77729595296,0.961865432433,1.08634219365,0.0488248009997,19.8724987909,2.16669820076,18,66.2292167854,0.924322960266
high_downforce,1.13288929811,-2.53664007116,1.85294525532,1.96609957519,1.01941761869,0.961270220757,0.0503173190789,20.8767161579,2.58750976855,18,63.7356285113,0.912680223103
high_downforce,1.26744808674,-1.51297919681,1.75131017728,1.77282960389,1.02605167774,0.987319480659,0.0591655037505,16.7631391412,2.36989979685,17,65.9746425219,0.830532891575
high_downforce,1.2798836021,2.45823972488,1.9209634386,1.67065789537,0.994473585376,1.07401932052,0.0665068613998,17.5315823784,2.43264611848,17,65.8176430316,0.728449716392
high_downforce,1.16580422776,1.97703365018,1.75709186111,1.81949111012,0.984940601251,0.994181404258,0.0450914846995,19.6837654629,2.31020673313,18,66.539759508,0.992196268445
high_downforce,1.22719547479,-3.74555974601,1.95273334553,1.70267830757,1.04254537225,0.972450022928,0.0657533500061,16.918270017,2.25959074205,17,64.6300363417,0.764758056383
high_downforce,1.19888022913,-3.05525837184,2.02423321319,1.66012195604,1.00696187371,0.912350208893,0.0493647021282,18.1727533386,2.57266737977,18,64.0193435153,0.785589342757
high_downforce,1.22593820805,1.81688908626,1.94215793808,1.69773385999,0.972190454076,0.944820581705,0.0525628260791,19.1288162828,2.44294304444,18,65.7237522678,0.810362867013
high_downforce,1.26913003615,-1.509519473,2.00331069152,1.65184304786,1.02677680711,0.967372806381,0.0615968397097,19.1292155172,2.52007295055,18,64.1898049317,0.780914615129
high_downforce,1.14894126688,1.70957243497,1.89899784124,1.98492756206,0.999575624297,0.976928882865,0.0605297496126,19.0266137639,2.56124380549,18,64.1579046595,0.831459544939
high_downforce,1.25591589091,-0.260037910295,1.95569938427,1.87654256014,1.01316572668,0.927861108622,0.0518928802546,17.8019420803,2.26742567283,18,64.5336848646,0.849583841824
high_downforce,1.16320425293,3.28355785171,1.85117555877,1.80119383882,1.02370672951,1.04562303844,0.0685383152431,19.4594680212,2.46753353856,18,65.0671733162,0.845948177819
high_downforce,1.12222695596,0.842634735728,1.77905408198,1.82980965745,0.958104748288,1.04271293405,0.0695437071956,20.5560620255,2.17127838538,18,67.3672192368,0.914326080012
high_downforce,1.27340903531,0.652559261976,1.76268568133,1.81544563046,1.01116307448,0.998510924787,0.0583409734706,16.5448444768,2.43625186455,16,66.0112795755,0.760207921539
high_downforce,1.16301005433,0.208381415927,2.02030091172,1.93654580196,1.01402668594,1.03858156647,0.0467167066412,17.0707943068,2.53943213853,17,63.1201907131,0.759595044735
high_downforce,1.20525641943,2.46177583679,1.99208920951,1.94769939339,0.960480280098,1.01127856805,0.0487385717351,16.0170880135,2.19962620011,16,65.4658972487,0.696851002903
high_downforce,1.14460218784,0.132005597991,2.02548591733,1.95156628612,0.974837067873,1.09699569956,0.0493569021068,19.0663701627,2.57421443967,18,63.6192855295,0.809870451356
high_downforce,1.21101238622,2.16395291821,2.03980859444,1.78298605017,0.980608021708,0.940122206044,0.0547045916243,16.9782858385,2.4700977479,17,64.6316973694,0.679847696688
high_downforce,1.23527261514,2.05222714602,1.76810509561,1.94527965628,1.03209920796,0.924371376172,0.0581980075702,18.9200156805,2.45877325924,18,64.9647663736,0.946835780679
high_downforce,1.13315907256,1.24254380107,2.08851616682,1.8936486242,0.983597356234,0.983988234274,0.052309012348,17.8173573476,2.17933524122,18,64.4187226741,0.779615546442
high_downforce,1.14662680446,-2.29787034316,1.7834172009,1.96733741369,1.01066698155,1.07277100918,0.0592350558559,16.1345703716,2.18487400764,16,65.6848973571,0.81394956649
high_downforce,1.2124253182,-1.8693382996,2.0527432417,1.70212708342,0.962849142453,1.0726885909,0.0501121873894,17.0280977135,2.17815807146,17,65.631384627,0.762561360281
high_downforce,1.18276053569,-2.83340072729,1.87979480807,1.72769537593,0.950648093821,1.01614754517,0.05014096668,18.3714710018,2.46468038144,18,66.0388553426,0.865821842594
high_downforce,1.27566365222,-2.79866257857,1.82330611374,1.81690826118,0.978628702406,1.00936228696,0.0565658053747,16.2326237355,2.41799955477,16,65.9737435816,0.73548552911
high_downforce,1.15621544367,-1.578827,1.82565771435,1.90632779049,1.03893111068,1.01405703601,0.0530095545261,18.4711385387,2.56131638468,18,63.922611308,0.934543022177
high_downforce,1.19799613189,-1.75281940731,1.80231283145,1.78142661275,0.9716534539,0.937909534729,0.0580047342751,18.2041571189,2.41686375163,18,66.2713244383,0.895513892213
high_downforce,1.25838126428,1.80778247596,2.09168869054,1.71112043392,0.969131752205,0.932940137571,0.0627562582998,19.0199580982,2.38673821163,18,65.0439427492,0.711144346816
high_downforce,1.27966772914,-1.53724280659,1.88024885232,1.91661881187,1.01531853852,1.02160254892,0.0639379664786,19.7716280531,2.29447892689,18,64.7764605514,0.915445391285
high_downforce,1.13731669723,-1.91572450234,1.78331687992,1.92926736312,0.958170054937,0.982795589198,0.0583765406314,17.3367710802,2.45253171073,17,66.0824405732,0.82363555914
high_downforce,1.16439253348,-1.5838788375,2.05718344574,1.73482297008,0.993814519832,0.942556382125,0.0465835786042,16.1264395879,2.57196487889,16,63.9444249737,0.616772005753
high_downforce,1.25332517602,2.86719639225,1.91713824045,1.67156780253,1.04321130337,0.99458708459,0.058485463961,18.5058285489,2.176149193,18,65.478325908,0.901389878043
high_downforce,1.13422081002,0.359486127756,1.99612362353,1.73955941713,0.981714615874,1.03033633602,0.048357002761,19.7786293474,2.50308213464,18,64.627713094,0.808485033273
high_downforce,1.1825709094,-0.465567219888,1.97201189366,1.65108519192,0.982261266082,0.966770072797,0.0585765657431,20.0578451102,2.28801709007,18,65.7831123436,0.812981088634
high_downforce,1.13836509296,3.00125988545,1.75279255448,1.86102605372,1.0457075702,0.910540751952,0.0630371901464,20.1343738601,2.62209246765,18,64.8021442901,0.893378584662
high_downforce,1.15821949272,-1.28694478497,1.77440261828,1.92721875535,1.0090207446,0.945803262263,0.047736961112,17.0980628244,2.43785342268,17,65.1629718621,0.887427898928
high_downforce,1.1589469904,-0.969736350007,1.86473161968,1.68679601267,1.04553128776,1.01381000618,0.0639730554255,16.6243001503,2.29987970185,17,65.3048969753,0.727720872463
high_downforce,1.12903468228,0.648884886235,1.7945575335,1.79925868235,0.980823264101,0.989593680364,0.0601272084977,20.8089441442,2.51364064438,18,65.9516326133,0.873878117192
high_downforce,1.25163427326,1.73788859619,2.0002491201,1.70160808322,1.02073606509,0.978448437009,0.056701269772,20.7605960526,2.40830674693,18,64.5146937103,0.80978765936
high_downforce,1.22625832431,0.679358914289,2.00495929859,1.96173536703,1.03240826124,0.969770650579,0.0591247621766,17.2895834567,2.19716709912,17,63.8833440765,0.796378289978
high_downforce,1.14167282224,-2.67396274857,1.89302423353,1.89114669364,0.995887822877,0.967388808484,0.0656007603664,18.4780164504,2.16239643111,18,65.36566327,0.899896279676
high_downforce,1.24505960481,0.228124548424,1.77637574311,1.94467507023,1.02805241001,1.08016024076,0.0595181724825,20.9739408364,2.44687255879,18,64.8492031817,0.970178688873
high_downforce,1.23320532073,-0.0471730740478,1.98872803973,1.80996914687,1.0314834592,1.01685999748,0.0456478762187,16.9018615046,2.64815387872,17,63.2727215662,0.737758708524
high_downforce,1.188038578,-2.18783023401,1.90584309113,1.66560202156,0.975940445382,0.955707451368,0.0458426446877,20.1976201094,2.56162154319,18,65.4031955092,0.845635311654
high_downforce,1.27743927799,2.1099030624,1.93792936362,1.71352640438,0.956376524103,1.05769693356,0.0535717365185,19.2622366401,2.44044250675,18,66.0383199934,0.822928112808
high_downforce,1.23152690677,-3.61748099006,2.06819653395,1.6509334245,1.04520974898,1.08313259642,0.0571700751473,19.9236213693,2.64764175711,18,62.9171620565,0.776704993921
high_downforce,1.17056945752,0.983081417495,1.81159955633,1.86954104373,0.988087123764,0.969388486588,0.0532941355183,18.1826909392,2.53332507859,18,65.3699667247,0.896371670456
high_downforce,1.22120888804,-0.777302516476,1.87540050193,1.9658079175,1.04566652374,0.957182445348,0.0657761502883,20.2877895812,2.27109730577,18,64.196687264,0.919970735929
high_downforce,1.15230792698,3.18106210115,1.90546963366,1.75817998572,0.983229099878,1.04538410745,0.0695100174827,18.7169974341,2.57882417377,18,65.3614739928,0.762773618447
high_downforce,1.18222964345,-1.42495618879,2.09712530994,1.8609202744,0.952086843655,1.07602956857,0.0484606985838,18.5221495344,2.150189034,18,64.9532338829,0.84502485274
high_downforce,1.15444033525,2.16449537133,2.06654608095,1.65412981135,0.970371736392,0.967529562793,0.0486363594511,20.4803193115,2.22617638253,18,65.6156916107,0.793564767388
high_downforce,1.19740063665,2.05667898851,1.79348482275,1.73659217933,1.04145489814,1.02932925901,0.0522270828461,20.6413693239,2.36724868589,18,65.4565968772,0.964704828611
high_downforce,1.17704657724,-3.74766999327,1.85074870424,1.85543069688,1.04341180095,0.942916709464,0.069099437291,16.3037893271,2.5266730754,16,64.1528838381,0.696958162769
high_downforce,1.27022976191,0.40660215841,1.78951617034,1.80352652055,1.0483735107,1.07320822556,0.0460365473296,20.6315164816,2.17361213158,18,65.4921368619,1.0622462506
high_downforce,1.1801106831,-3.45181943763,1.97182248787,1.8650025055,0.98766347097,1.01110563809,0.0465778986274,20.4613695378,2.28655847865,18,64.5128950436,0.904854453773
high_downforce,1.20508005964,2.23704377551,2.09262252659,1.90716267645,1.01488262949,0.920541690144,0.0688502834339,16.6323708177,2.39992742382,16,63.5774654988,0.582911750087
high_downforce,1.18489042462,1.47146878669,1.9297795226,1.69927089532,1.01669680429,1.05051354752,0.0501813199391,18.5975526592,2.2350701676,18,65.3516636053,0.908070417598
high_downforce,1.23089473165,-0.619333213539,2.03942879457,1.86584041189,0.968900005995,1.01808933227,0.0592120409868,17.6768105114,2.37507837397,18,64.6378810132,0.716042896476
high_downforce,1.12522209937,2.28986047193,1.93274687113,1.80529686226,1.03673903845,0.907438314329,0.0658745759051,16.357164937,2.36140793483,16,64.5936889432,0.656746150926
high_downforce,1.13154676718,3.84753887923,1.91725672566,1.80138886303,1.01185932237,1.02294103146,0.0528311158986,18.5044360079,2.36251197317,18,64.9385899307,0.869440194076
high_downforce,1.14550568959,-1.54716910213,1.77760865012,1.97437457848,0.958602626328,1.0021048579,0.0521974412864,18.0903209516,2.4019551092,18,65.9631902913,0.951113363846
high_downforce,1.176673816,-2.5710540348,1.94088666663,1.94836265914,0.977262301286,1.09081124367,0.0666333487255,18.2119769915,2.29381598862,18,64.8394039951,0.85929437498
high_downforce,1.18733068932,-3.92247022351,2.0806412346,1.80768711787,1.03784257882,1.07282522156,0.0627903799521,20.2331243235,2.19130222144,18,63.4626822621,0.848727213297
high_downforce,1.22281468069,1.7188700557,1.82002783589,1.72738954886,0.97284579297,1.05279300302,0.0604946947957,18.1220064477,2.32615270245,18,66.7731673274,0.893795473215
high_downforce,1.25631333048,1.15148751635,1.89708771472,1.78881022628,1.02653524672,1.05042438688,0.0606396292011,16.2235153791,2.15338176494,16,65.5940049063,0.74610493606
high_downforce,1.17364836451,-3.35725597567,1.96949779362,1.65181850948,0.99893424653,1.07286684767,0.0621700103964,20.1308568886,2.54406581384,18,64.653256976,0.791080047272
high_downforce,1.23108549675,-1.06456450164,2.07075921984,1.71717855017,0.958535891717,0.95523759029,0.0568620206416,17.1927651365,2.18138337448,17,65.7109366863,0.714140369759
high_downforce,1.24781879554,1.49868473747,1.76610027403,1.96591742953,0.969477277542,1.08556090769,0.0477559688491,16.0341988875,2.40886397972,16,66.2374114646,0.789257210035
high_downforce,1.27320467976,-3.53632725089,2.06277076627,1.94995191471,1.01806773873,0.96579647149,0.0649877497029,19.0157913182,2.34808900841,18,63.167955476,0.810728570762
high_downforce,1.13337543612,-3.28788860354,2.02513965722,1.86728683657,1.02601350959,0.998912076332,0.0547363534071,20.0257496246,2.58228292949,18,62.7808068658,0.808985250897
high_downforce,1.21153819345,-0.549264561437,1.79677972019,1.89348266365,0.971439010562,0.967018715656,0.0487954857047,16.6973107295,2.4139135941,17,66.0564703593,0.785552280035
high_downforce,1.16570198398,-1.01555414437,1.91457140422,1.99740947327,1.00026804306,0.903482748132,0.0457442584166,17.4703326459,2.26732755031,17,64.5210785149,0.846419495498
high_downforce,1.25441376395,-2.39497714836,2.09547350579,1.97797642651,0.97910909645,0.923138930238,0.0619054136734,18.3563721104,2.15984470204,18,64.1762826999,0.812136574327
high_downforce,1.21195505262,1.76554333662,1.92336307433,1.91488468365,1.04076876678,1.06877792263,0.0491866640924,20.0291334336,2.50686266227,18,63.4827594916,0.904909388298
high_downforce,1.17948468216,0.9059731747,1.89798634704,1.9608991294,0.965117719379,1.03629858593,0.0608813504552,16.0150523306,2.29700503427,16,65.6879550715,0.698603227448
high_downforce,1.26822099412,2.6562908924,2.09651866466,1.68083078358,0.982329730916,0.918767307829,0.0468910949127,18.7663938326,2.34871831326,18,64.8802599346,0.772080179643
high_downforce,1.20648739117,-1.9351342203,2.009265841,1.6702206255,0.98705397293,1.07256937213,0.0536482381227,17.5929615646,2.6466925234,17,64.4300904635,0.698288254624
high_downforce,1.13997540171,-3.48602044272,1.88999575234,1.91661290409,0.967267129375,0.943316141867,0.0491235035524,18.8584040505,2.2082195999,18,65.5247222478,0.934763182
high_downforce,1.22209362507,-2.68321423848,1.75301318846,1.9019734955,1.04958540381,1.04890384499,0.0674557702508,19.4519924301,2.25632047157,18,65.1591322885,1.00682958913
high_downforce,1.24560137393,1.46983620696,1.82367526876,1.88200628423,0.990231509251,0.90808032754,0.0463264869372,20.2887398145,2.58098723618,18,65.1306949714,0.903822238766
high_downforce,1.12769701384,1.74440588409,1.96686366121,1.75144150978,0.977665846296,0.988848770024,0.0461085350063,18.955512295,2.23350729294,18,65.6048593032,0.870311049936
high_downforce,1.17282045122,-1.47023816075,2.03646534497,1.71328995823,0.95597971187,1.07348998165,0.0513574903854,17.2898324559,2.42687681534,17,65.1794590758,0.711511803336
high_downforce,1.17175717621,-2.6754308243,1.82553815703,1.72789708863,1.02900576027,1.02107113529,0.0684778594143,16.1453795368,2.28718238014,16,65.7081688597,0.733848951861
high_downforce,1.26596288473,0.556377016683,2.0054898015,1.90184861049,1.03675577441,0.98467520245,0.0595547942292,18.3614109638,2.64625355462,18,62.8503486761,0.794675447238
high_downforce,1.22985721716,1.12887563851,1.98263546778,1.7544233397,1.03849616015,1.03646249055,0.066646330705,19.4093321324,2.20835701982,18,64.6328948286,0.85049698449
high_downforce,1.1857633709,-3.16040139304,1.81028164523,1.89863682811,1.02009124524,1.02677419844,0.0596011934203,20.6360444092,2.60923319686,18,64.2885667287,0.911803256393
high_downforce,1.27105992465,1.65922183876,1.75382895638,1.98929737593,1.04543732328,1.01399219665,0.06310898481,18.1918824173,2.36180421034,18,64.9423871187,0.987782504968
high_downforce,1.2008136829,2.83745735271,1.89195212685,1.6866960431,0.976535825598,0.925069120545,0.0530560133403,16.248236495,2.48906017847,16,66.1439437772,0.652477713346
high_downforce,1.18426419435,3.0356954598,2.08314704357,1.87024909387,1.02671913281,0.99734976048,0.0583702050517,20.7476724294,2.15131942138,18,63.9602055032,0.831181500778
high_downforce,1.19813669763,3.24597281249,1.79509851364,1.68984805763,1.02878408817,1.05727614167,0.053339843456,18.1721997755,2.63230297978,18,65.3290665796,0.898175081954
high_downforce,1.2231347485,2.52336544486,2.0281258891,1.75425236114,0.969757317152,0.964279229889,0.0670393217357,18.4715802095,2.4135626119,18,65.234486572,0.725812681719
high_downforce,1.18411678992,1.96641459123,1.90281835758,1.76571194998,0.954231517603,0.976219810127,0.0570261806303,17.6874192375,2.39790878113,18,66.2760109655,0.749593368954
high_downforce,1.18301517157,-1.45992623626,1.78322904921,1.82378737826,0.969153390484,1.07960722787,0.0601912183827,18.1326828611,2.31645634474,18,66.5317851355,0.941833615355
high_downforce,1.22114008037,-0.344103995005,2.03640848586,1.66162579891,1.0338973259,1.02931247394,0.0625164221407,16.6168400556,2.5831020429,16,63.8405541532,0.602477507916
high_downforce,1.18062843517,-1.37650828955,1.83563253789,1.761693637,1.0302755777,1.0791053794,0.0627644275505,16.3691233872,2.40686240665,16,65.1841238128,0.731735290472
high_downforce,1.26371168692,3.76288548109,2.01773873432,1.95634858002,0.99705335333,0.985576239302,0.0561754286678,18.4756208036,2.33144377383,18,64.2295020275,0.826916598105
high_downforce,1.19124100844,-0.0368343116789,1.91456866874,1.98726375196,0.95490997157,1.02716968189,0.0455499099939,17.9171134263,2.54384312549,18,64.7392152919,0.852259266009
high_downforce,1.23961700196,3.27776830311,1.900374657,1.65726197446,0.980028690722,0.921086357939,0.0694066889701,17.6883479251,2.37339603974,18,66.5480048657,0.705260751181
high_downforce,1.18667396084,2.70425399447,1.88083811822,1.75065678024,1.00468573787,0.955279907131,0.0472857853253,19.3614981297,2.27986737717,18,65.6787196363,0.914873000031
high_downforce,1.17212887097,-1.1980326926,2.01129007957,1.93187020591,0.953376690038,1.02441137165,0.0544078879759,17.6931161216,2.23899359532,18,65.1193278137,0.77382764712
high_downforce,1.26030556762,-2.58873822389,2.07475210082,1.83132144811,1.02808259069,0.925948879613,0.0646946659134,20.7276044012,2.35031880544,18,63.38289688,0.786871719977
high_downforce,1.20866908325,-1.0088748145,1.93022623906,1.86262792126,0.969107131209,0.956562100802,0.048263248878,20.3867107425,2.64967650693,18,64.5266695112,0.825655338782
high_downforce,1.25232880761,-3.85520856252,1.99329247444,1.82433382962,0.955712404445,0.951879877737,0.0600668061931,16.7184398294,2.53417880702,17,64.8858558638,0.632771362223
high_downforce,1.18949164056,3.35982886462,1.85576563867,1.76996259737,1.03117274335,0.954233840908,0.0632343780943,20.9807585357,2.31465422329,18,65.4011190984,0.880072659783
high_downforce,1.13801004355,-1.50584906751,1.99715444223,1.90223540884,1.01127227255,0.984507691836,0.0663894768621,20.2022033227,2.16269619894,18,64.4034622588,0.849807695361
high_downforce,1.15084905414,-1.24645620902,1.79111879304,1.84091273693,1.04797367588,1.04536108849,0.066010481823,19.0293654629,2.29538220371,18,65.0296597385,0.959697461768
high_downforce,1.16733521265,2.27200512771,2.00534176391,1.69170577447,1.00301400564,0.9587469255,0.0613191586567,17.300877298,2.43851098373,17,64.8802960951,0.686199334061
high_downforce,1.12996745682,-0.866521551093,1.9042248414,1.85561649641,1.00242421776,0.936275461212,0.046295090537,18.3513871895,2.16051980592,18,65.217770938,0.949118460592
high_downforce,1.25805207153,-1.80671720283,1.90875641834,1.69726369838,1.00883588467,0.948312604235,0.0491178468114,17.9020482288,2.43388784474,18,65.0440988106,0.860688435754
high_downforce,1.16137115265,-2.06556094093,1.75983606411,1.74943303297,0.951287730343,0.915012528534,0.0486185856016,17.8882453144,2.50941479887,18,66.8105664546,0.889140322915
high_downforce,1.25749872213,-2.78450693404,1.80756337453,1.73683192553,1.01764630429,1.02036482158,0.053328069267,20.6244546188,2.61725768374,18,64.9599055888,0.918372427445
high_downforce,1.22915686539,0.0772834331514,1.99617137746,1.96410738211,1.00835110067,1.06638680121,0.0573489662096,20.0751296838,2.42598085623,18,63.610704415,0.847833134117
high_downforce,1.27671831166,-0.456849898494,1.84393686548,1.68602598419,0.998977801818,1.03916076765,0.0489327671776,20.9692998347,2.38639496022,18,65.8953664445,0.932074588164
high_downforce,1.2787142182,2.58423460823,1.90709335685,1.93146344613,1.02731299148,0.951444160612,0.0605373625113,18.3152163902,2.34332220177,18,64.4426277184,0.882754009541
high_downforce,1.1202414648,-0.285425329783,2.05522384561,1.73689116416,0.964213744832,1.04116604498,0.0544652530398,20.6667343809,2.60222315257,18,64.3971990679,0.732045124783
high_downforce,1.12515337776,1.93355249591,1.93091050205,1.72016041893,1.0173964803,0.9972994468,0.0662866046632,19.2332868985,2.52245777575,18,64.6951625161,0.78123356496
high_downforce,1.18885977625,3.87552224878,1.88784897894,1.86473844222,1.00507234365,0.927265433051,0.0589780471856,17.011445362,2.18286868202,17,65.7468684482,0.810586199167
high_downforce,1.17295446193,3.77551048124,1.76719848419,1.79991900329,1.02978538549,0.918317908235,0.0559110894111,18.6406012598,2.25319435204,18,66.0922075127,0.964564276091
high_downforce,1.20508723647,-3.65592259817,1.76691560685,1.76181368525,1.04989224964,1.01180629161,0.0510432214275,16.2689202813,2.51444469784,16,64.8923865339,0.791212232959
high_downforce,1.25990730742,-2.57608943551,1.87219752516,1.66162051559,0.991422614817,1.06093885084,0.0484185611663,17.1514159388,2.16379760662,17,66.4646244735,0.8744499337
high_downforce,1.14911212137,0.897435131353,1.97331137453,1.75711045663,1.03136291518,0.978424801709,0.0628639205803,20.9333867667,2.36615797737,18,64.3046551035,0.816675963429
high_downforce,1.25438397614,-2.50936211051,2.07077819865,1.75386860814,0.952620027721,0.979623025787,0.0661760926372,20.0925311971,2.28592473267,18,65.3327138604,0.749319654582
high_downforce,1.18923630924,-1.64440866421,1.93703052543,1.85570306054,0.989288305179,1.04732179914,0.0601217835222,20.0467087437,2.55500448313,18,64.3396375286,0.822744689602
high_downforce,1.22125914757,3.67750849528,1.75574885261,1.71893144072,0.95286443829,0.985974468664,0.0644845166355,16.7011428539,2.36010923041,17,67.9596132396,0.726398752269
high_downforce,1.20287801187,2.95393768534,2.01485484878,1.70876442612,1.04931714918,1.02673621825,0.0501036650951,17.7584214124,2.39116363183,18,63.9227069096,0.788409830264
high_downforce,1.12526926123,-3.64506852885,1.95802687765,1.66274043997,1.02765732866,1.05224884043,0.0587284654668,18.7530414607,2.1763625047,18,64.9885244079,0.893555194821
high_downforce,1.22449517349,1.42638057382,1.80725037425,1.80485036125,0.98723482998,1.08021474613,0.0640649503592,19.4979969563,2.63603662957,18,65.5657085587,0.855747620555
high_downforce,1.1679576169,-2.36150507974,1.93143664183,1.66433724905,0.977606293121,1.06811485698,0.0591458891221,18.1805170112,2.51152474902,18,65.3755436713,0.810805128571
high_downforce,1.2137055577,0.239813732003,2.06560247732,1.72013959631,1.01150696837,0.967804040444,0.052736353142,18.4736063872,2.59670218933,18,63.6054100526,0.755754032974
high_downforce,1.24848837076,0.578037395602,1.78469890575,1.89166496323,0.978368734887,1.08249219745,0.0509815356602,20.7328488912,2.52185703997,18,65.6797975918,0.945962055871
high_downforce,1.2559772879,-3.81951736162,1.86010640453,1.98645929307,0.98355448623,1.08171068531,0.0570546482623,17.6576755779,2.46653604613,18,64.6916170713,0.844100303419
high_downforce,1.24211448991,-3.22101780432,1.81111972694,1.71725432896,0.95518967426,1.09157656542,0.0475703332679,20.0254529643,2.57292795769,18,66.206899336,0.915524882265
high_downforce,1.23595720621,1.21269526393,2.00452359585,1.66167980245,1.00798798324,1.07747008509,0.0478981225221,19.4442250713,2.3649082647,18,64.8282832778,0.851057251847
high_downforce,1.22518231273,-2.43680507789,1.80121646482,1.87835728142,1.04079471768,0.924680958079,0.056526057041,18.942504718,2.18933231845,18,65.1695593399,1.0032532981
high_downforce,1.26202107093,0.378486339793,1.76997369566,1.6819543942,1.00007632586,1.06063480866,0.0501344085846,16.1917227194,2.56694691288,16,66.2596105478,0.747359075714
high_downforce,1.27232756511,-1.75577834546,1.76776120397,1.67614095666,1.00966437591,1.06742285372,0.0671452313846,19.8706813038,2.25053218892,18,66.7438771784,0.954283477536
high_downforce,1.27611621717,1.18867769319,1.81752229305,1.65808527603,0.982731105492,0.906698080895,0.0564812885554,20.5986306382,2.42181596093,18,66.6692821646,0.872323675954
high_downforce,1.23535314601,1.54318957715,1.92301897638,1.74698831546,0.983823333169,1.04017913978,0.0641106039603,20.0369783187,2.22674493213,18,66.0460746105,0.853188695081
high_downforce,1.18652502455,-3.58977834721,1.84928929665,1.96932851466,1.0306643307,1.02685679573,0.0697569072736,19.8198774142,2.6256190916,18,63.6052754694,0.865818885862
high_downforce,1.21447615885,-3.26092840479,2.08275476039,1.67879867075,0.986227224116,1.06442255139,0.0591736929883,19.312928034,2.54956162654,18,64.0660244753,0.742624887732
high_downforce,1.26568760597,-2.51632836988,2.01066522478,1.67405713906,0.970046681671,1.09400304615,0.0674753551543,18.6124930601,2.35790221114,18,65.4706228293,0.779681482132
high_downforce,1.12195349125,3.94401742797,1.92313322078,1.78467929597,1.01942263773,0.977889636842,0.0672643313617,16.2378340396,2.41200030108,16,65.0173349995,0.641087645632
high_downforce,1.13152646405,-1.30776543766,2.07263251045,1.9261522207,1.01486316063,0.993885450511,0.0548913680002,18.5025323876,2.24709439089,18,63.4315565798,0.839783411611
high_downforce,1.15530668999,-1.17731664673,2.04669318127,1.68424535482,1.03987215475,1.06511575738,0.0663219214848,18.5433336779,2.54492817318,18,63.4239074658,0.753084950271
high_downforce,1.23652616114,1.99625811094,2.09966538925,1.66571917466,0.950388607177,1.01130072564,0.067330405582,18.4514250528,2.36028657576,18,65.6434699019,0.68801827297
high_downforce,1.24563274088,1.49724413647,1.85678657112,1.8064808188,0.999272726571,0.931133479696,0.0468564008482,17.968736069,2.4102933179,18,65.3894017215,0.907084806427
high_downforce,1.25601800634,2.55963143488,1.87595133869,1.88946614261,0.968665104743,0.914062290087,0.0460945441908,20.0621436431,2.23653206698,18,66.0671344173,0.925769468046
high_downforce,1.26773169278,1.92493966271,1.94961470196,1.68962673632,0.987999197485,0.944522609511,0.0678837734567,18.5255106016,2.43238881282,18,65.6131906279,0.766031444325
high_downforce,1.17704862805,2.33338768468,1.9565500969,1.8420966574,0.982206050476,1.04096444995,0.058376429247,20.2870614083,2.41235994673,18,64.9570938663,0.819775445563
high_downforce,1.26637702701,3.40307796619,2.0145660701,1.95905650053,0.997725680032,1.00394915666,0.0652105288186,20.0759640213,2.2629897947,18,64.469873348,0.815764167578
high_downforce,1.25274955502,-1.80270936271,1.80017742528,1.84148647203,1.03119574713,0.900842313798,0.0509713350219,20.8347338149,2.30988630118,18,65.1739716946,0.984723535103
high_downforce,1.23782849003,-3.56822284248,1.98044663677,1.95909241998,1.0244593339,1.01284144103,0.051594326924,17.7467180232,2.39628208491,18,63.2975668396,0.840357078785
high_downforce,1.1716605344,1.1265232448,1.85850859079,1.88049521185,0.955860209903,0.951052295313,0.0621321016161,19.2557853291,2.62867271684,18,65.5276160989,0.799343699048
high_downforce,1.15632995151,3.95912195173,1.77942603243,1.89539679919,0.977119947496,1.00390035936,0.0641132837614,18.3773483656,2.17085060066,18,66.9316340192,0.936557383278
high_downforce,1.20490978603,-3.13020241282,2.04753992108,1.98549147353,1.04304390123,0.928478917637,0.0591293173746,16.0469543283,2.2156307163,16,63.1382523529,0.698027134894
high_downforce,1.26676836882,-3.76774269158,2.00081113432,1.94058031208,1.00954787377,0.949395930705,0.0582802090653,16.3352391137,2.24146901142,16,64.1248253069,0.703769958956
high_downforce,1.26712031056,0.0319774978102,2.02104855316,1.8829432667,1.02252432076,1.06271836387,0.0569601059571,17.283600132,2.60660466278,17,63.1534002739,0.728156424429
high_downforce,1.20420495414,3.37834379249,2.02640404971,1.95273350604,1.04367896652,1.00545373448,0.0473682857065,17.0731715945,2.5427386043,17,62.7266894136,0.757859503244
high_downforce,1.16220719105,-0.0803614766522,1.99013765103,1.68604901306,0.979916624141,0.931404221987,0.0483890539338,20.0552573172,2.48404020707,18,64.9971416803,0.795944847786
high_downforce,1.27616340557,0.986438886555,1.94251168517,1.68578236802,1.01700272461,1.04445822324,0.064436354225,16.7128443816,2.51192008466,17,64.9533943679,0.660413408833
high_downforce,1.27186540496,-2.34639951865,1.76306003247,1.75310779112,0.99221222609,0.947069514062,0.0607266698235,20.3869990887,2.52782160993,18,66.0603543014,0.90914207846
high_downforce,1.12261751472,-0.917429003141,2.06137267975,1.91837351928,0.998687812131,1.02551465005,0.0674439068248,18.8661862987,2.28082228553,18,63.8758137742,0.785614467142
high_downforce,1.22617489454,-1.99814825932,1.88417786394,1.99418115101,1.01101427218,0.904662763269,0.0632677935696,20.1483832552,2.21765339962,18,64.7457503156,0.91587219218
high_downforce,1.21774497597,0.962942367307,2.02684023832,1.91072503832,0.985696588119,1.03496870573,0.0507872500394,17.0718649825,2.47391690622,17,63.9920900666,0.737239627592
high_downforce,1.23263896387,-0.441593506154,1.99937740752,1.92572288428,0.966450138594,0.968838113169,0.0611442232005,18.0060504406,2.33156609365,18,64.8195216355,0.808838076337
high_downforce,1.15923669546,-2.62605480121,1.87303339317,1.82702035151,1.00453434486,1.0856506669,0.0509808384351,18.3384975516,2.546484071,18,64.4219983799,0.904785819505
high_downforce,1.15549471831,3.46556211769,1.75252979426,1.78214830906,1.03452243807,0.931316350839,0.0587028778929,19.0892773838,2.47978115143,18,65.6093086883,0.92143641025
high_downforce,1.15524731608,-1.17035967112,1.90374015115,1.99620633201,0.984896685191,1.09775221947,0.0485371836309,19.0681442639,2.54454489151,18,64.0646458612,0.898606161168
high_downforce,1.26922201701,3.86878757845,1.93715505223,1.88971028062,1.03242371535,0.938431397678,0.0510890905079,17.7523110759,2.15899704202,18,64.8267996971,0.872150074705
high_downforce,1.1390134447,2.43984328458,1.81643144859,1.72927688631,0.958278379454,1.07176635041,0.0529791140177,19.7896992459,2.42821201643,18,66.7306927572,0.885835167146
high_downforce,1.17603790542,-3.81032502405,2.04773931293,1.76829062437,0.966141387037,1.03173816457,0.0482916636879,20.9761511085,2.55889774897,18,64.1377245402,0.788935405049
high_downforce,1.16879973737,-0.974807884472,1.89601795529,1.91164319264,1.00949961987,0.958692787679,0.0561148959925,19.6977323742,2.63821246219,18,63.8761496423,0.844343364848
high_downforce,1.23708225122,-2.52859443076,1.8146853924,1.73978289751,1.04707176116,0.918798587413,0.0581024255507,16.2765067007,2.28656221663,16,65.4210276201,0.76849610688
high_downforce,1.2756673177,-0.421047295176,1.98661984446,1.75293065472,1.02458300771,0.951757272105,0.0677781409496,18.6197050426,2.2068681851,18,64.8533871479,0.834267590169
high_downforce,1.25325563397,0.720963785019,2.04818175761,1.91640246249,0.989356196579,1.03204709516,0.0584999756053,16.2535622658,2.23658935256,16,64.545149779,0.665342474435
high_downforce,1.21018002743,0.149045917637,1.8401151164,1.9931295551,0.959008901151,1.07434619257,0.0494430000037,18.0531062037,2.46304822722,18,65.3790745891,0.925089307107
high_downforce,1.20936563898,-1.2550091363,1.78184719815,1.74579291945,1.01217479404,1.0408387685,0.0519450103108,19.8861132331,2.49283192996,18,65.538103456,0.950419511296
high_downforce,1.1231730449,0.602024910377,1.86003483137,1.82100511,0.966818540596,1.00241161713,0.0553500491419,18.8332899986,2.24560797502,18,66.2719971978,0.900697047842
high_downforce,1.26121512625,-3.71581388927,1.99809772826,1.88889890877,0.969986663425,1.0749607572,0.0543220185972,16.9277362871,2.63749062066,17,63.9710569423,0.712700519078
high_downforce,1.25453305177,0.299096885566,1.95026203658,1.90298958142,0.986687852268,1.05042587597,0.0459387010288,19.1889591642,2.20000104225,18,65.0502006385,0.937563100889
high_downforce,1.23666682252,0.540381932963,1.83600948415,1.73647421907,1.02767148317,1.03938048537,0.0530051341737,16.3355020847,2.58305640142,16,65.0041904365,0.719807660496
high_downforce,1.19337249883,2.78302601899,1.94410492592,1.85071910751,1.03431537835,0.976838460989,0.0580143530002,17.3073069621,2.52554616084,17,63.897334863,0.748626296666
high_downforce,1.16642632407,1.28402403048,1.93628943757,1.83343822499,1.01889473482,0.980421710937,0.0484586024905,19.5198717423,2.44949638472,18,64.1817479291,0.873490833705
high_downforce,1.13933099268,-0.488032624156,1.87750691158,1.85114918885,1.04351306354,1.08339949684,0.0513723204972,18.3790359148,2.59763764333,18,63.5921078864,0.905850727368
high_downforce,1.26315040788,-3.09383486396,1.899817151,1.75208424357,1.03689677807,1.039320664,0.059595083631,16.7308196471,2.31290092423,17,64.7846586499,0.76904601237
high_downforce,1.16490435027,2.28517286015,1.87284546169,1.81921374302,0.967737754053,0.983218392225,0.0538881685723,18.195921472,2.50045952806,18,65.6634386896,0.84298881216
high_downforce,1.23158298492,2.98174612173,1.89630640114,1.93689066836,0.993897534701,0.961569487592,0.0548908773618,18.4149788314,2.38916233571,18,64.9434771865,0.876165198334
high_downforce,1.23698657738,-3.76394848066,2.09107432014,1.9115533119,1.00177592996,0.900831968861,0.067632413613,17.5128076463,2.4234046682,17,63.3281671385,0.675690410416
high_downforce,1.17335355927,1.30022219124,1.83987047606,1.89220205402,1.03073569336,1.05709197321,0.0657188913259,19.3374700686,2.19298332622,18,65.2433629286,0.943131466195
high_downforce,1.2550635225,1.22166413357,1.78780747477,1.8593436172,0.953531832857,0.907914377589,0.0650283081712,16.9346876266,2.42718667383,17,66.8465522754,0.766448283191
high_downforce,1.21451745607,3.95023648911,2.06283624217,1.88101349617,1.01507314109,0.986481612473,0.0667703569747,20.3511959431,2.18727288503,18,64.3303500602,0.794730132415
high_downforce,1.18090630677,1.9076713537,2.07696436338,1.81816804704,0.98816381026,1.05639870846,0.0677333554046,16.0734718812,2.15930775455,16,65.0500757114,0.627109530224
high_downforce,1.12416977633,3.06737679868,2.04399412146,1.89807557285,1.00551108881,1.00580195134,0.057154632909,19.327634132,2.4175337836,18,63.735650774,0.785483996545
high_downforce,1.17459007679,3.14444823154,2.03877465254,1.88633853146,0.953391575404,0.919300629921,0.0531539115823,19.5924381653,2.45216671065,18,64.7959799464,0.753289667349
high_downforce,1.26211032019,-1.2567481581,1.99193246695,1.81487748314,0.9914953351,0.942779431822,0.0501449832843,19.9552979645,2.63952628689,18,63.9201015674,0.800757326421
high_downforce,1.14762953054,-3.11264149369,2.09542070239,1.80287911856,1.02551077175,0.942633755412,0.0524035669397,18.3975052806,2.43445784266,18,62.9528700129,0.793983213126
high_downforce,1.23571735192,1.29410094131,2.08237760986,1.65977333791,0.991133365556,0.904943090232,0.0603771926602,17.1918107093,2.53718176978,17,64.530920586,0.629006401389
high_downforce,1.1428028557,1.67038743028,1.86141532567,1.70012614906,0.998739112821,1.03149244769,0.0600313596187,16.6952903447,2.33870716782,17,66.1333805344,0.717730563115
high_downforce,1.15599536605,-2.14805218139,1.88062785263,1.83107725618,1.03601174554,0.942396504055,0.0495255277626,16.4211705611,2.30118086497,16,64.6184147399,0.757873478267
high_downforce,1.16648342577,3.45230915742,1.80948522197,1.7317231328,1.02398203167,1.04297346198,0.0625233321316,16.0433256303,2.33404937852,16,66.1011129203,0.728092461264
high_downforce,1.21734750183,2.67344018811,1.86596420066,1.67164155255,1.03373860238,1.01901143819,0.0662814896503,16.221868507,2.31783236219,16,65.8257948174,0.695662715957
high_downforce,1.17350928674,3.46393923706,2.07111874457,1.88591472317,0.975498685351,1.09449203378,0.0532051925093,17.7001552712,2.52521548761,18,63.9997205279,0.694980429977
high_downforce,1.24231311581,3.44512860217,1.86258106272,1.71071649399,1.04570797089,0.948435437535,0.0615682343913,17.6107376555,2.24141895237,17,65.6349353369,0.817421533706
high_downforce,1.24825660964,0.6379134356,2.00192973389,1.98738297774,1.01476590598,1.00092292625,0.0583500993888,19.0144618558,2.37357769444,18,63.5907187007,0.846665518957
high_downforce,1.21692923702,3.69814786209,2.07478190423,1.88312074253,1.04913002696,1.07074259303,0.0451952185023,19.1170665067,2.20791670849,18,63.304724763,0.895313637948
high_downforce,1.21954610149,1.64822499572,1.85117599955,1.79032561579,1.03233464482,0.973161502023,0.0562436746657,19.4467090959,2.46454256822,18,64.8015354709,0.894744656473
high_downforce,1.19718697643,3.65965000076,2.0912473038,1.79565643313,1.00030273483,0.939521148535,0.068256100324,20.6166448366,2.34110377331,18,64.3392608931,0.717440541876
high_downforce,1.25771808474,2.75210449637,1.97803028617,1.90165756372,1.01266824509,0.956867468384,0.0576735171061,20.9263053713,2.26942900775,18,64.4950855587,0.857042212189
high_downforce,1.21657924252,0.527714090735,2.04539977863,1.87724374406,1.00167108429,1.0823405579,0.0638938432505,17.2421824107,2.40168717438,17,63.9369509223,0.714205831585
high_downforce,1.14328161249,1.55392341452,1.9889720098,1.86461165844,0.961083133675,0.936841697616,0.0528280657535,19.3254551903,2.50843977092,18,64.7672807736,0.778146921253
high_downforce,1.20159733015,1.30990409697,1.96446327358,1.96782598454,0.960552418712,0.922944414267,0.0574281664779,17.2652812269,2.35509263198,17,65.1128975143,0.739584656696
high_downforce,1.15749168156,-2.78633312902,1.89981986708,1.84988997263,1.00456868534,0.945448475279,0.0489040772487,20.2731177486,2.55954991785,18,64.1421225828,0.876178056806
high_downforce,1.25915004282,2.94280599396,2.03732679786,1.66937719877,0.96066867154,1.04677550883,0.063500119041,16.3708929849,2.29982909955,16,66.134211245,0.600202890715
high_downforce,1.22087404909,3.03609090066,2.03225932215,1.83484839517,0.95104110503,0.945796311026,0.0601091344226,16.1641498665,2.55359261459,16,65.0720561341,0.568765143887
high_downforce,1.20286452283,1.20285529052,1.95475671578,1.72014752086,1.0350614619,0.926566371336,0.0554787932868,20.6949259365,2.26100063728,18,64.7873617989,0.867052327452
high_downforce,1.26074173869,-2.10546953628,1.95732928514,1.74329814887,1.03702194358,1.09247081314,0.0486143619496,18.2082947995,2.25135222207,18,64.3685817508,0.941791196521
high_downforce,1.17636589946,-2.33651335386,1.88436087262,1.77211663274,1.00340485587,0.928694545661,0.0616639451174,20.5655053874,2.17555107877,18,65.7075469078,0.902340865041
high_downforce,1.23897847406,-0.484902116025,1.83611862449,1.76980814216,1.03948842668,1.00706667127,0.0451904490239,16.4367420114,2.21938426612,16,65.4425038296,0.807314384507
high_downforce,1.12794066287,2.59870540907,2.05240794981,1.84549040885,0.967774195177,1.07737083134,0.0632828983589,20.0369438775,2.59712966307,18,64.2032959697,0.712148023081
high_downforce,1.16398732312,-2.56994839023,2.02908262235,1.66451291822,1.03599961931,0.974591638258,0.0622859296662,17.6561897209,2.63588528848,17,63.4747632451,0.675734275978
high_downforce,1.2743547651,-2.28045749875,2.00625372544,1.70021412093,0.97981473338,1.00838214511,0.0613197024639,16.3310370522,2.35800193787,16,65.3504697191,0.637567250515
high_downforce,1.25913581131,-2.19029112945,2.00437281884,1.65733356703,0.979653975043,0.943502943877,0.0467691121338,19.7939909598,2.41752802703,18,65.1099047131,0.822984256334
high_downforce,1.17499063653,0.54763384107,1.85863504826,1.802317185,1.02233213006,0.975225167856,0.0694187950206,19.1013560775,2.5012080909,18,64.8280126929,0.833480616272
high_downforce,1.1982739255,-2.53117755507,2.01315147157,1.83882440732,1.04487084002,0.923043660347,0.0628626832795,18.7157106448,2.48441996835,18,63.0480176672,0.801814448147
high_downforce,1.18628935298,2.12227785723,1.80202045427,1.88023428704,0.952665074908,1.02678104493,0.0504093116982,18.6242333169,2.25079142534,18,66.8459361451,0.95168073358
high_downforce,1.20138828575,-1.00969493324,2.03390769166,1.95084894345,0.979173269734,0.902245234834,0.0488446142283,20.3334380535,2.47444417991,18,63.7521532088,0.807462323421
high_downforce,1.25924258385,-3.75669479501,1.95935572958,1.843229775,0.958911997597,1.05280887052,0.0542748550493,20.2445398717,2.58285189093,18,64.6387723738,0.823224136781
high_downforce,1.16436383894,-1.7143249628,1.91027058605,1.82472722222,1.04394740824,0.999091840252,0.0470244551289,16.8831891793,2.52162892351,17,63.6656351438,0.794283156491
high_downforce,1.12065674057,-0.888966556874,1.79437342329,1.98831215875,0.958443593439,0.915747760019,0.0480830206468,20.0403544813,2.24726602041,18,66.2058725785,0.969450924916
high_downforce,1.24925947296,-3.16355213271,2.02088203277,1.66358346559,0.986790292027,0.975325856132,0.0617759157904,17.5961919194,2.3812128563,17,65.0712615596,0.705592462961
high_downforce,1.25157200619,-2.13388095473,2.08583474262,1.86815928807,0.958506979089,0.962242411287,0.0614562327207,20.6650162537,2.58050520001,18,63.9631405625,0.71584417699
high_downforce,1.19857632174,3.4366450447,2.09265231306,1.96508217329,1.00650020557,0.975188157166,0.0640510671458,17.9385363183,2.6488163464,18,62.8427837766,0.690706886236
high_downforce,1.19062474296,0.232024217453,2.07388654963,1.98271555615,1.02885715986,0.935196335838,0.0613847602997,18.5552735242,2.36887183937,18,62.8898936387,0.795015125921
high_downforce,1.14943263207,3.3454952271,1.89305637073,1.95994012606,0.977437563056,1.00319736896,0.0506448311787,19.8795895997,2.40154892755,18,65.0814122156,0.880293360121
high_downforce,1.18312806493,-0.304071561731,1.95162529875,1.76497140591,1.01668610457,0.983608412476,0.048644213215,16.2213810348,2.51807595757,16,64.3045579227,0.678937100334
high_downforce,1.20122562075,2.12968324868,1.97559073382,1.67586637792,0.953966427837,0.921539464901,0.0589844137873,17.2238995051,2.24286503316,17,66.6225843047,0.711463911132
high_downforce,1.26155964566,1.54301442491,1.78251153792,1.85125629404,1.02567581417,1.02461488197,0.0648107267489,16.7322506415,2.38500384778,17,65.642439181,0.786365967502
high_downforce,1.14731280483,0.337940338695,2.01548080319,1.95437275946,1.02603842308,0.909696188112,0.0651463026828,20.6808092377,2.45664965793,18,63.2077623623,0.780409536057
high_downforce,1.17226344505,-1.52971817312,2.05563818435,1.92821210484,1.04845560934,0.975889403386,0.0560578758612,16.6101395959,2.42280534952,16,62.6671145939,0.663737107035
high_downforce,1.24317779255,-1.97874854774,1.906263644,1.94396147047,1.01451859835,0.973324097783,0.0699792320671,20.0441172295,2.37530245759,18,64.3325887199,0.856773213297
high_downforce,1.22363374504,2.973657657,1.96083300777,1.88286020355,0.992964813792,0.907712064762,0.0483463418481,16.680721076,2.33292561834,17,64.9554451962,0.703450175278
high_downforce,1.17969781283,3.23074174226,1.94735463577,1.74693002105,1.01187577217,1.0110436389,0.0608785856123,17.3089644154,2.56153191473,17,64.6337512432,0.710449644114
high_downforce,1.17017790122,1.88538357541,2.08076909531,1.94703864002,1.00179902791,0.904348164636,0.0689876651066,18.295704294,2.55633029447,18,63.2083164224,0.696802966658
high_downforce,1.18389996047,-2.7183960831,2.09936153295,1.71946527593,0.987508311852,1.01052982971,0.0610996107587,17.2481329767,2.59784742105,17,63.7882679266,0.641112091539
high_downforce,1.19443022713,-2.58467768509,1.84600399114,1.69138053824,1.03716968099,1.00438109555,0.0681375382517,18.1758648348,2.35478382055,18,65.2313446098,0.887425390885
high_downforce,1.14870408666,-0.499778251337,1.85260086551,1.87920182586,0.965004884512,1.07434315653,0.0608761436542,17.7591908544,2.51159858422,18,65.521213615,0.801738578101
high_downforce,1.14781952277,0.946246386273,1.82554485381,1.7465889363,1.0291368361,1.07652682039,0.0680477771292,17.9462404056,2.46054111474,18,65.2174847781,0.861213286467
high_downforce,1.26724081911,-2.09115496326,1.90587660436,1.9998987377,0.971138125405,0.936344132277,0.0485489067903,16.2210960471,2.50686670064,16,64.6672027444,0.706141403013
high_downforce,1.16277084843,-0.952700427313,1.94880107722,1.89966176979,1.01712271872,0.988715383469,0.0528300998166,17.3274292562,2.15348286675,17,64.6517983143,0.841320465887
high_downforce,1.24848117582,-1.32215794398,2.01014977392,1.96306621901,0.963238855432,1.03356779167,0.0612641622439,17.0877320039,2.21388316812,17,65.0161328619,0.763685604062
high_downforce,1.24325665011,0.133754859179,1.80793896621,1.75976082422,0.969294099667,1.0463190417,0.049268143654,17.0380583565,2.4979469754,17,66.2818461079,0.828436835354
high_downforce,1.13566181258,-3.87698094927,1.90992625953,1.90338728524,1.01784296178,1.09513036792,0.0545429813559,16.7111382913,2.28108891945,17,64.3744896846,0.787862059267
high_downforce,1.2073316359,2.89305334889,1.80510870493,1.88377768183,0.963467419247,1.06135821605,0.0678244913303,20.3551023179,2.17324543128,18,67.0307504425,0.916150929489
high_downforce,1.25245656342,-2.00099540903,2.01515281152,1.65771346014,1.00852853233,0.994899466699,0.0627173505118,17.5163478747,2.3293769873,17,64.9245668019,0.724587035468
high_downforce,1.27864720471,-2.70091673104,1.91227767649,1.86454006228,0.959679209378,0.958478142128,0.0485978968412,20.6351299784,2.30555987731,18,65.5905488136,0.905671522405
high_downforce,1.20758731907,0.321255115982,1.9150812839,1.70014680486,0.968531774167,0.961782421888,0.047306201132,17.4726334908,2.38900601758,17,66.0185192927,0.774865826587
high_downforce,1.18922390256,2.01769055526,1.82612400558,1.97398014793,0.974984085018,1.07577852448,0.0594832372875,20.0321105979,2.61542567379,18,65.081373372,0.86890234568
high_downforce,1.27171842842,-3.37171719987,2.08048334817,1.76509254308,0.962405203589,1.02920792325,0.0508532390027,20.8850808893,2.42558879651,18,64.4620568689,0.792271331831
high_downforce,1.14280577535,-2.51744821374,2.04525019813,1.94710137414,1.0322342372,1.09823001229,0.0498222045738,17.9875859882,2.44220568562,18,62.5549022741,0.864190903176
high_downforce,1.2048842159,-0.0439210903666,1.79207883681,1.68621582658,0.979380751305,1.01624308121,0.0493570637763,20.5087165606,2.51150493026,18,66.34910211,0.913524295936
high_downforce,1.17083894097,0.89122559768,1.84552113315,1.76837074688,1.03508941611,0.911735486588,0.0458348416059,16.2797987664,2.4684526559,16,64.8862763067,0.737230833214
high_downforce,1.26080394106,-3.41104665307,1.83347833622,1.70981988746,0.952552045568,0.94211622984,0.0587475250631,17.9117615754,2.57242593914,18,66.3202377262,0.81896767977
high_downforce,1.13051841582,-3.9913420579,1.84834646573,1.93150332954,1.00738246731,1.09125868488,0.0654377943577,17.5292197148,2.25552926402,17,65.0106670842,0.853685969034
high_downforce,1.1295090022,-2.76351559983,1.86429515646,1.84017088221,0.958163220919,1.06093936918,0.0451591129719,17.2529108694,2.40260342246,17,65.6974806937,0.834396780199
high_downforce,1.24903363753,-3.72585742805,1.95115195899,1.85629605585,0.990012746363,1.07658068756,0.0470345328842,20.1640992165,2.36145079782,18,64.4579960204,0.917328079884
high_downforce,1.25030604142,-3.80750026759,1.94911130265,1.80881704703,1.02256079609,0.984180930938,0.0532516687254,18.5873793512,2.37491878124,18,64.0886919781,0.893352626247
high_downforce,1.20083204086,3.82724331989,2.0927351627,1.90817803798,1.03606159568,1.07458211972,0.0535385335322,18.7698632083,2.42567332533,18,62.8575577218,0.806926411132
high_downforce,1.24472822192,-3.85882075026,1.90917511334,1.7444694461,0.958389344182,1.01793218158,0.0462979189452,16.3376335911,2.54179681917,16,65.550491196,0.689410527022
high_downforce,1.15299282975,-0.924581717491,1.880200965,1.8193967156,0.99978336198,1.02218280503,0.069231708562,19.9253702397,2.43872957261,18,65.0513440591,0.833934180973
high_downforce,1.24120802254,0.877390563601,1.82277522917,1.70175886962,1.04205761427,0.96450640072,0.0483612343239,16.0854735458,2.51058106579,16,65.1559858071,0.742404975405
high_downforce,1.13704810331,1.94304180848,1.92256128785,1.86907173698,1.04784680673,1.07975064033,0.067312600857,17.8673443224,2.21029489726,18,64.4318254191,0.861750999226
high_downforce,1.20446800685,-0.623685250356,1.91412110902,1.81757883692,0.996193568197,0.905632706734,0.0477920096597,19.0464890258,2.54319812498,18,64.5370494311,0.855527955167
high_downforce,1.23662115611,1.95670137468,1.80018265778,1.66715772841,1.04141610936,0.959021565645,0.0656332934418,17.1910840385,2.25900348179,17,66.2443983207,0.833993206749
high_downforce,1.23502092046,-3.05713066853,2.05626389191,1.73458973307,1.01652524932,0.9617762423,0.053377582498,19.5449683324,2.19021193627,18,64.3324670471,0.856521226092
high_downforce,1.15987438973,1.49414315973,1.86854182815,1.98292854407,0.960685407994,1.04052136396,0.0676349371179,20.3514743802,2.51129309651,18,65.3026157156,0.819756511097
high_downforce,1.18012892999,-2.36166177164,1.90525774573,1.99084363885,0.986117257716,0.954051489314,0.0457016785553,16.9678135244,2.52430758676,17,64.1585781826,0.802791137878
high_downforce,1.12840710936,-1.72988849473,2.07848928985,1.83252057851,1.00524781607,1.00256359905,0.0627081806417,18.0759356356,2.63809395044,18,63.0175025113,0.722719224611
high_downforce,1.16656879945,-1.32507578838,1.90461352041,1.9743983062,1.01172644549,0.988581851033,0.0613973808383,16.7389012723,2.5895312756,17,63.8247984168,0.703126347437
high_downforce,1.17836004579,-1.86059584413,1.99729982447,1.80735788657,1.04030324978,0.987935140888,0.0696642259661,20.5456190424,2.61446787164,18,63.1275216724,0.76209922824
high_downforce,1.15803338755,3.61911864124,1.85149398265,1.6773654557,0.968623106085,1.05012195463,0.0620333548509,20.0182300778,2.63315404753,18,66.2005100656,0.790347668462
high_downforce,1.23357476543,1.26406998203,1.91898031194,1.92044028154,0.96568559469,0.989196676706,0.0478790661473,16.6688771764,2.28879422319,17,65.6313923436,0.737849113731
high_downforce,1.130708854,3.89139096812,1.85704293908,1.85319008785,1.00959402618,0.998865649261,0.0661036126178,16.3323490253,2.22251217722,16,65.9011158699,0.710850510517
high_downforce,1.21868123079,-3.20621835979,1.97886674428,1.88447352916,0.974782753379,1.02406215315,0.0508262092309,20.7377805163,2.17113730867,18,65.0510544569,0.90978576616
high_downforce,1.15811726735,3.080277759,1.8221252854,1.69329493856,0.950374324249,1.05229413709,0.0548649234535,16.0771229086,2.51214640935,16,67.0544803103,0.674872383012
high_downforce,1.22541849701,3.87189686762,1.75533831738,1.86634944262,0.961263598184,0.990592698579,0.0673424527719,18.1492816616,2.53089468607,18,66.7119235771,0.859896499341
high_downforce,1.1397573661,1.04377494669,1.84822359249,1.92698312693,1.0392387261,1.00651300397,0.0461509002098,16.790842353,2.6423236849,17,63.7281856496,0.784550588096
high_downforce,1.22770744349,0.590275737169,1.91896683183,1.90907198462,1.0419522875,1.0217256539,0.0505833181336,17.4718467618,2.41712113404,17,63.7812823414,0.830393864033
high_downforce,1.2704213237,3.01851375307,1.96277228121,1.72836248047,0.958254098265,0.94679754723,0.0643083351889,20.6454745433,2.2643973006,18,66.4222006402,0.787638114373
high_downforce,1.19741687546,2.3952669981,1.98961369301,1.83024998814,0.999141665902,0.907339492714,0.0532293349875,19.9542719164,2.44463963737,18,64.3958404013,0.804440268382
high_downforce,1.15919337165,-3.9084465324,1.86914163351,1.76369518717,0.973940772109,0.930756906521,0.056623353375,20.0399633221,2.5214249723,18,65.3794301914,0.846440068757
high_downforce,1.1531783222,-2.84041145912,1.8780736515,1.79393931053,0.998934644338,1.01307354845,0.0554352189267,16.7184280008,2.56262810903,17,64.7838335801,0.717386935451
high_downforce,1.18199906979,-3.37689024312,1.91053555957,1.90510760592,0.965743337262,1.04734427974,0.0620558860526,16.1565212427,2.35435652922,16,65.366113824,0.692412827018
high_downforce,1.16079162665,-3.31077142512,1.94511401749,1.81846600276,0.979748069916,1.08731339776,0.0591924210987,19.5696773753,2.55012973166,18,64.4669814693,0.823278932089
high_downforce,1.22037498364,-1.38135480947,1.9783251054,1.95658844916,1.0215576834,1.0440719242,0.0689275308232,17.5201322113,2.52776168366,17,63.3680939354,0.729634673091
high_downforce,1.20663769259,3.23828681268,2.01574397266,1.99369132609,0.953009665393,1.08327591266,0.0534055874927,20.0921401556,2.16452236426,18,65.3054598489,0.861932089146
high_downforce,1.19055641161,-0.32264755466,1.79435419305,1.8048491899,1.01362664039,0.911576977907,0.0662263983983,18.0995161651,2.58489626791,18,65.2183776455,0.85774825868
high_downforce,1.27362634187,0.0991480165931,1.75228947458,1.66582806833,1.00322360696,0.938748179699,0.0672349759863,20.7668876327,2.29256266979,18,67.0890544905,0.921502913902
high_downforce,1.19541029982,0.903810716791,1.95006092989,1.93257094295,1.03111854032,1.02122243561,0.0650595593742,19.0061503227,2.25813566587,18,64.1452836521,0.873714114149
high_downforce,1.26634328832,-1.49673573287,2.0111102352,1.94113876963,1.00384881125,1.0981453992,0.0571759837155,19.2921010411,2.57648825877,18,63.2444844147,0.823916342731
high_downforce,1.20471399598,3.03725482393,1.80467366185,1.71461021556,0.985728919107,0.921138548413,0.0600760778476,20.9496603355,2.1563501825,18,67.2638539846,0.918702612537
high_downforce,1.22899289594,0.841197071508,1.79818974672,1.72763330224,0.998549906982,1.09187279549,0.0451513364898,18.5800284605,2.4273889545,18,65.9598618096,0.967595428784
high_downforce,1.18730270817,2.46479236837,2.08892603955,1.81935029811,0.954692713393,1.05518407025,0.0551700824897,16.1695242988,2.59892104013,16,64.4512129942,0.566155027775
high_downforce,1.20371712842,-2.71206189571,2.01672165348,1.67548635258,1.00483563781,1.09360672741,0.0621036857111,17.112771506,2.62231567374,17,64.0917882639,0.688659091273
high_downforce,1.26951849883,-1.68890781958,1.76211568673,1.96351857025,1.04139660252,1.08790750791,0.063074128046,16.0323594584,2.43824535639,16,64.7989507399,0.79435122722
high_downforce,1.13311343783,-2.89352062072,1.83050001416,1.82231980686,1.0300031888,1.00390345297,0.0680948837455,19.2291499351,2.52813841945,18,64.4797276138,0.871346599241
high_downforce,1.22377979871,0.563823433473,1.99060792409,1.98021018779,0.950221000982,1.01572968029,0.0601068109047,16.4816910978,2.2447128231,16,65.4504967014,0.664925984317
high_downforce,1.21683004431,3.45000227095,2.0394151815,1.94542219616,1.0065030698,1.06449791535,0.0643099867419,16.8039834297,2.21706112686,17,64.3712603465,0.700674999789
high_downforce,1.24985654162,3.1957766918,1.9055238581,1.67919603705,1.03247982724,1.09729637244,0.0485853469918,16.2909221984,2.59679456166,16,64.7321636971,0.692220025073
high_downforce,1.20683164554,-1.54232516644,1.78173552709,1.68284771567,0.978104761109,1.0096703325,0.0630911521066,19.6252957206,2.57091324453,18,66.380731925,0.864717884794
high_downforce,1.15940451014,3.58988578353,1.92132777451,1.89528531448,1.03419726919,0.939892936919,0.0622777431231,19.9169326084,2.37565397561,18,64.2550122316,0.845188846131
high_downforce,1.26234416771,2.92557626463,1.91825037734,1.91931313975,0.955543205763,1.03619877648,0.060723817026,19.0138765125,2.45257930926,18,65.5119653775,0.820795591091
high_downforce,1.1274089599,-3.72076176579,2.0650015783,1.80729604139,0.957134686725,1.06628801299,0.0552605886696,16.6486390487,2.30107688395,17,64.8710402189,0.644018057591
high_downforce,1.23989918826,2.38172998764,1.95739619416,1.74118500214,1.00350807386,1.09154537843,0.0495501810679,20.5183292561,2.26617912041,18,65.2389889617,0.894475740523
high_downforce,1.25068002133,2.61423057992,1.97423255312,1.98576401226,1.00107953495,0.95913667225,0.0685530585575,20.9951810921,2.2019956282,18,64.7347562929,0.836958805636
high_downforce,1.1456637327,3.37939945802,1.77901041026,1.75853356179,1.04157753737,1.08302038679,0.0521637901309,19.120407945,2.41616864441,18,65.3798973969,0.964849339663
high_downforce,1.26666123507,1.56464313683,1.98144281751,1.96187952225,1.00806270784,0.979248523552,0.0688274351215,16.6505870789,2.37589724507,17,64.2723330595,0.650169753658
high_downforce,1.1595878862,-3.56647497291,1.8576339873,1.6985110048,0.977498496919,1.06680048303,0.0507446880539,20.3712429873,2.58358390845,18,65.4232138298,0.877007862319
high_downforce,1.12039217682,-0.483462387023,1.91155006554,1.90074792938,0.977289200991,1.04933695667,0.0647832354354,18.3868783688,2.35401146425,18,65.1337633057,0.84366757928
high_downforce,1.16597261392,-2.32195051898,1.85368341839,1.9541963686,1.00999671737,1.04588470875,0.0472230591605,19.2624550374,2.47132834873,18,64.1851677357,0.95269566143
high_downforce,1.19254087066,-3.7165206643,1.80894485843,1.85262854324,1.04681009978,1.05055358576,0.0531507705003,19.0798613931,2.42397078548,18,64.293691504,0.985486919756
high_downforce,1.20278784302,3.57307934994,1.83501866613,1.79067447535,0.997097363882,0.905809033004,0.0667505378975,17.735316707,2.40890760092,18,66.0150940816,0.775201005407
high_downforce,1.2326134784,-1.91413033147,2.0077903913,1.89545716781,0.983134455568,1.02523093917,0.0668575383363,17.0017359599,2.40650093311,17,64.3677156278,0.715870929254
high_downforce,1.20164284782,-0.14495419648,2.0447052567,1.72598266119,0.998835882995,1.09821506654,0.0577200725667,17.7424193923,2.58198074508,18,64.0092641072,0.705602664147
high_downforce,1.26353707679,0.571416242158,2.07552867625,1.97128499473,1.02240486695,0.970281694733,0.052723061591,20.9092678397,2.52738826499,18,62.6362325651,0.80157406199
high_downforce,1.26309166527,2.29825328455,1.77083403647,1.93274668381,1.04592694448,1.06347648831,0.0477771052455,19.3216000007,2.34130066269,18,64.9017018377,1.03471830468
high_downforce,1.19481088066,1.03985602013,1.86192779499,1.94001978851,1.04440746897,0.987682995438,0.0451134218872,19.3927163155,2.18805231003,18,64.5048200977,1.00998495425
high_downforce,1.17344047518,-0.242132440082,1.99736867401,1.67288313118,1.00432619102,0.992352445093,0.0467475942902,17.4159334634,2.4906465495,17,64.5554802928,0.740042282293
high_downforce,1.13133014277,1.19223667426,2.00620985441,1.86406457149,1.03350284525,1.01504363574,0.0686061885401,16.6768499136,2.34864790706,17,63.8923541391,0.649723805792
high_downforce,1.13103993485,-2.20098848722,2.01428458672,1.87429944204,0.974253136137,0.978460655052,0.0608599462942,19.8258223455,2.59921520526,18,63.9176163704,0.751615618319
high_downforce,1.24675113665,2.42148750485,1.93098950943,1.75538256554,0.987524343238,0.970091079069,0.0506214439225,19.4528399502,2.20452828463,18,65.9040605833,0.891288374651
high_downforce,1.15811813681,3.05651195163,1.85562417467,1.86304477883,0.953478987062,0.917496955619,0.0522972574689,20.5573180027,2.50987550519,18,65.949171289,0.838314496293
high_downforce,1.15621949088,0.832779130906,2.00557251498,1.66292817038,0.974053667483,0.996784123203,0.0543338553618,16.5637004298,2.51030637831,16,65.2938961647,0.605391589015
high_downforce,1.22887263491,3.9053148345,2.05441428669,1.79288114482,1.00673944241,0.96016094401,0.0488760130476,16.6141199625,2.47742470192,16,64.1189390586,0.624966465374
high_downforce,1.20153052048,-1.9957783459,1.84806851269,1.83984519079,1.02644905236,0.952633835103,0.0646314897756,19.8147244003,2.3894860735,18,64.7753785409,0.893819877928
high_downforce,1.14213892783,-2.3639160752,1.80446276875,1.80435298844,1.04917574714,0.960280350259,0.0493936246021,16.4713907609,2.37834587418,16,64.8140495958,0.786945462319
high_downforce,1.19983813405,-3.07316982116,1.9928509557,1.86178102983,1.00726301167,0.968818579048,0.0559076125522,19.7080345722,2.26227949686,18,64.2236047605,0.870908379403
high_downforce,1.19810191147,0.284835537636,2.02350315677,1.74720949136,0.976050114899,1.08995910116,0.0469783322645,17.1060257156,2.50839963048,17,64.610895598,0.730341231861
high_downforce,1.22860157704,-0.971761137053,1.77328535491,1.83997859614,1.04585583671,1.02603460402,0.0589408124188,19.2342761225,2.58333672177,18,64.5314572924,0.943340691693
high_downforce,1.21332447599,-3.37370170157,2.02483138611,1.69064920801,1.02800548781,0.944910716369,0.0473330577255,16.7789655898,2.36811930497,17,64.066518319,0.720115407863
high_downforce,1.16633598554,-3.80944466662,1.76499469681,1.91195081627,0.988340429709,0.96425280969,0.0600780025337,16.4225367463,2.297028741,16,66.09990769,0.778985703734
high_downforce,1.19092289194,1.13567057162,1.86824021019,1.85611940943,1.021041285,0.963515656127,0.0540372558097,17.9214212602,2.15275111848,18,65.4007061902,0.937556382719
high_downforce,1.19213767937,-2.06597143288,1.95635330025,1.77936418214,0.974007904731,1.08873627189,0.0524071924793,17.6604426712,2.45924294294,18,64.9756714919,0.769378331359
high_downforce,1.15930307567,-2.13412949629,2.05910731826,1.82097749899,0.963662135639,0.924616767116,0.0597479679244,20.4002435774,2.4473346184,18,64.424691968,0.741867828495
high_downforce,1.21524911656,1.7763943613,1.80524471513,1.71132286964,1.03890814354,0.908362965217,0.0614817683459,19.5675400325,2.43787654287,18,65.4790824849,0.89054372566
high_downforce,1.26939194083,0.6461406778,1.78543508624,1.8766791456,1.04687786681,1.01108853133,0.0642140452546,20.5871303926,2.58814868073,18,64.4699354079,0.915732260808
high_downforce,1.25719838074,1.81975774293,1.80058383894,1.84938887224,0.953324060538,1.06636764552,0.0669727011062,20.1930049694,2.59689726073,18,66.3013170759,0.839165919662
high_downforce,1.25345430318,-1.81405903226,1.8349611803,1.67292952799,1.00602318303,0.923077895451,0.0507143041367,19.7130196496,2.19707559771,18,66.3388661963,0.957658633879
high_downforce,1.27784823202,-1.34740751867,1.85187923365,1.81077533791,0.992703589792,0.940959833009,0.0485390983815,17.7785747077,2.27165999331,18,65.7900513703,0.900961657092
high_downforce,1.13597954417,2.76692195659,1.86849123439,1.78815986126,1.01760074216,0.970197415311,0.0640011511818,19.6847844955,2.32650739152,18,65.382420879,0.862156448319
high_downforce,1.2590058505,-3.47523510019,1.99240814468,1.7234503025,0.992421145699,0.916447526581,0.0562729239017,16.2256899083,2.37703684115,16,64.9518413379,0.654969555054
high_downforce,1.15448951305,-0.922267486617,2.07357196744,1.82230419671,1.04971300719,1.09325572314,0.0643240029705,16.927514756,2.38387752868,17,62.9953313926,0.709077881607
high_downforce,1.26680508952,1.51425880155,1.80002388109,1.97205461654,1.00797040393,1.00842243782,0.0471480246415,17.9259882824,2.51545645334,18,64.8117586898,0.946926638339
high_downforce,1.1930433442,2.31083773299,1.84086037319,1.8362874045,1.03537473038,0.972868130497,0.046894409746,19.7451581534,2.41932263782,18,64.6850801939,0.94401306584
high_downforce,1.13409979425,-3.09507836575,1.84118310065,1.84318161869,0.997487558457,1.02850374098,0.0645856361726,19.1965122488,2.56912104233,18,64.7868585248,0.85873634236
high_downforce,1.26067232476,2.90371770169,1.80546394032,1.84197546805,0.977489982296,1.00417505773,0.0459487974958,17.0902722603,2.56366038271,17,65.8498620279,0.82778438294
high_downforce,1.24403896352,0.704784181499,2.0982757838,1.66971846588,1.04961963479,1.07520158152,0.0689774999928,19.6297456971,2.44478746448,18,63.4368511175,0.742557878905
high_downforce,1.20426979205,-2.4157892127,2.07568502273,1.76123561996,0.982781913312,1.06954432551,0.0510816659553,16.8349383281,2.48963733496,17,64.0589967571,0.67299236682
high_downforce,1.18722395578,0.982439249375,2.07367153808,1.8700850738,1.04525388995,0.942430698113,0.0628260151715,18.8365584188,2.38818679207,18,62.986858234,0.781156890014
high_downforce,1.14028591369,-1.97638534448,1.90700126226,1.8052291571,1.04952326496,0.923963763855,0.0466224715733,19.9465211132,2.33888176095,18,63.9778078498,0.933661723388
high_downforce,1.2735041961,-3.82921222287,2.03544348376,1.7350377069,0.988252918132,1.00609544832,0.0487211797609,19.3902864473,2.4865850713,18,64.1600004433,0.821128172533
high_downforce,1.17580643096,3.21112349508,1.76349598108,1.86547242596,1.01363311574,0.901091256144,0.0613769869738,16.5836246209,2.33420550008,17,66.1768563042,0.747094039163
high_downforce,1.23040351324,-0.277888876631,2.08912078307,1.87015315125,1.04259664215,0.905145538268,0.0629337426896,19.3627538945,2.63691476262,18,62.3391924136,0.730876115922
high_downforce,1.21781226838,0.391630944013,1.83486742419,1.73165556378,1.02816424908,0.915932468733,0.0640483696275,16.9447423256,2.53890925299,17,65.1672326025,0.757089147307
high_downforce,1.216746846,-2.7565655579,1.83911122594,1.93475262162,0.964761360938,0.91587486459,0.0662467285784,19.5433905537,2.22752072284,18,66.1138224847,0.898460888612
high_downforce,1.12344354957,-2.73937512442,1.83662546798,1.89533679874,0.957300927283,1.06526029075,0.0641305412323,17.5177419169,2.31297971445,17,66.124605045,0.811369079911
high_downforce,1.24731506235,3.49721004779,1.78160524044,1.99950342151,0.964357255498,1.05884580626,0.0628925148097,18.856645505,2.6463413827,18,65.6611240239,0.870363765955
high_downforce,1.18467476374,2.31952047883,1.8492883165,1.95686703835,1.01254054249,1.05194444495,0.0538695611661,20.0184080817,2.60288080008,18,64.2366073955,0.893038823422
high_downforce,1.26296592315,-3.30289625845,1.9853821861,1.83046888819,0.951689889366,0.992372674619,0.067695162467,18.0863345162,2.52472789638,18,64.9824087146,0.755089176936
high_downforce,1.19394372589,-1.48146018074,1.80415923049,1.77611272443,0.966695636727,0.959411144628,0.0690059399479,18.5112408698,2.61648832022,18,66.0372115423,0.817701091877
high_downforce,1.26181600535,3.67862016777,2.02062867835,1.92801537574,0.953129505693,1.08833819637,0.0562308726335,18.1125335208,2.43524774293,18,64.8780381184,0.791362248564
high_downforce,1.12105102695,-1.95560368496,1.86144706816,1.78943283943,0.969226732903,0.942346756319,0.0616365063849,20.2710398337,2.42854962708,18,65.7875181585,0.840018619914
high_downforce,1.22639035968,-1.78471143897,1.84297067722,1.88318111014,0.95782283196,1.08451082289,0.049810177861,20.5522778733,2.33449874244,18,65.9599672083,0.945915469182
high_downforce,1.17393239149,-1.97415031276,2.05563391624,1.97217937676,1.04048044176,1.05703097317,0.0582865124691,16.9636910997,2.23545008498,17,63.0328103424,0.783440393472
high_downforce,1.21291032324,-2.5493894432,1.84617356751,1.90608913587,1.01967057269,0.94229763531,0.0528886296492,17.2333794723,2.40559110409,17,64.587135878,0.85067121136
high_downforce,1.19377273534,-2.95553416993,2.05218356045,1.79808276967,0.985942051503,0.981695844685,0.0475398057505,17.267843421,2.29241624729,17,64.4092871896,0.763046491829
high_downforce,1.20185304067,-3.98774923268,1.8654110196,1.92633000597,1.03230971699,0.924688055938,0.0527008522455,17.7781595546,2.50776490131,18,63.7712496433,0.87021768108
high_downforce,1.21409333305,3.7831120427,1.95783399775,1.72306548668,0.998490474337,0.969891498132,0.0527658303272,19.2249532667,2.64579684701,18,64.6508503208,0.779372658305
high_downforce,1.20515078663,3.38266817872,1.80017548394,1.8713607325,0.952328200513,0.92538162496,0.0542245509196,16.6711497757,2.43014388097,17,66.7742214924,0.7223382837
high_downforce,1.22307933273,0.232670437266,2.07420746458,1.67101334254,0.962538438978,0.989014674318,0.0595370219448,19.3704083524,2.58986539759,18,64.7958216756,0.696823345228
high_downforce,1.25850403089,0.743249165657,1.99548949531,1.96769986077,1.020506066,1.04449931177,0.0577854566463,19.1866115232,2.24833035178,18,63.9068847009,0.886088686618
high_downforce,1.16824378078,-0.888055232576,2.0082793756,1.80723262223,1.0117514842,1.05031268317,0.0678066440421,19.9062795287,2.2127541575,18,64.5762821003,0.828314549103
high_downforce,1.18799732923,2.92672392473,2.01690107865,1.90047435649,0.979254692771,1.03486684707,0.0507777152677,17.5503074243,2.53503946966,17,64.1768623289,0.716688027298
high_downforce,1.16751304675,3.11942390407,1.82043212393,1.94799313895,0.980603925814,1.06638268852,0.0557167015625,19.4874437382,2.28609625992,18,65.9025278352,0.939598628212
high_downforce,1.22753805638,2.49841636561,1.90605908089,1.93549637291,0.962285174456,0.916478688312,0.0558339684641,20.2574863956,2.52502256736,18,65.1787098182,0.817282977609
high_downforce,1.20881474952,-3.43552254277,2.0552648466,1.76707475134,1.00209498318,0.940362510838,0.0526026583676,17.3387608088,2.61902192946,17,63.4616384092,0.692735709999
high_downforce,1.12196863134,1.12622431776,1.81267009567,1.88103229151,0.995094962086,1.01464183472,0.0588824468877,17.961976171,2.37906504142,18,65.569164441,0.903143330107
high_downforce,1.25725833797,0.900129027928,1.8743722426,1.80924642926,1.0364828214,1.07216071274,0.0569603859783,16.726161613,2.43575060991,17,64.6563196619,0.761335748937
high_downforce,1.24471809648,-0.335621585208,1.96660787114,1.88495532728,1.02740970687,1.00204181514,0.0536610183119,20.0901297828,2.3909783018,18,63.7786148161,0.878531920768
high_downforce,1.12700758024,-1.36030548289,1.92404769234,1.91465506607,1.02283992868,1.00209474501,0.0671922275225,17.9517992998,2.1982674197,18,64.5429110349,0.875196438875
high_downforce,1.22632697933,1.27999476362,1.82848320276,1.70885316445,1.04206475514,0.915442924201,0.0585458890683,17.6096258336,2.1616100156,17,66.0158334479,0.861641131087
high_downforce,1.26956859584,3.46261268678,1.76279616673,1.7707731048,0.993565612766,1.09779902039,0.061164447649,17.8246303674,2.63010534782,18,66.0944768259,0.851428585393
high_downforce,1.27048178979,1.46558347048,1.86259453382,1.8511884272,0.96999800711,1.0523017394,0.0545565704981,16.2453496235,2.38523705097,16,66.0400502061,0.715932333926
high_downforce,1.19589851666,-2.70885836739,1.93688913706,1.92876234817,1.04217410687,0.923742477424,0.0674849007014,19.0501521143,2.5812008502,18,63.0948548317,0.816524552527
high_downforce,1.20853021842,1.68015012376,1.89660153784,1.71844020787,1.01489997145,1.02031421204,0.0669182930127,17.9406339019,2.58386924137,18,64.9079224042,0.783997759163
high_downforce,1.22775536419,-1.38922417121,2.01929047138,1.70160498543,0.966148698828,1.06084836722,0.066405468359,18.5245255089,2.51868658103,18,65.0382908251,0.736539759192
high_downforce,1.15651781851,1.66853604888,2.08695855896,1.86597595534,1.04518217531,1.02649239946,0.049946448721,16.025870644,2.46140295256,16,62.7680184576,0.648121844729
high_downforce,1.22741416644,3.03298289622,1.81604589673,1.99507811614,1.02302310742,1.08908158067,0.0503732784944,20.2085622175,2.61804167839,18,64.1558929175,0.938880602927
high_downforce,1.24814125959,1.81962294962,1.94990468444,1.68636222773,0.975048059043,0.959134902069,0.0541552119694,19.5662590371,2.47675626384,18,65.6095843182,0.799009658065
high_downforce,1.27679867251,-0.66592667544,2.07200680461,1.83596225308,1.03203147525,1.0225790392,0.046339164493,20.6435050895,2.46758214618,18,62.9365755065,0.842419341527
high_downforce,1.27872316515,2.9730308989,2.05437442845,1.68839971885,1.02891520494,0.926664856027,0.0450195936672,17.0158882626,2.58802986416,17,63.7413116889,0.705332332733
high_downforce,1.24093992593,-2.12067191586,2.04464693611,1.74375337857,1.03638640131,1.09696388105,0.0667102008326,16.4177088857,2.51909077482,16,63.4712313407,0.622851781728
high_downforce,1.13280575742,-1.79571632684,1.98381034106,1.7017806749,1.04403232429,0.900378653268,0.0667813338425,19.7889013635,2.20575544677,18,64.5379963091,0.828384892065
high_downforce,1.13661620985,-3.34698310534,2.0585383051,1.92816184516,1.00322782059,0.925825587317,0.067187338201,20.7791986532,2.53740274428,18,63.0391545684,0.738550885792
high_downforce,1.20900816426,-0.48070538782,1.92264556981,1.84871636303,1.04810081665,0.937326415808,0.0679210580076,19.4798331048,2.43669845888,18,63.8496131824,0.836987537555
high_downforce,1.21005347758,-0.947332826897,1.95088807932,1.75285025127,1.0137970668,0.989455362261,0.0612766085852,20.3558711811,2.42372155113,18,64.5645538556,0.827612806168
high_downforce,1.22832336,-0.838191604872,2.0813684997,1.70422281164,0.977580465366,1.0081647909,0.0545959059436,18.2496279139,2.49033489551,18,64.4150359913,0.750257454618
high_downforce,1.26675211586,-3.98268209089,1.8928600226,1.77877360453,0.989925452156,0.93166920893,0.0636638736294,17.5415548246,2.55674838734,17,64.9858607126,0.745765993975
high_downforce,1.26287706049,-1.44571280295,1.90461066717,1.92045402159,1.04460981442,1.05574352364,0.0511749818244,17.8704365228,2.49231722687,18,63.4479829339,0.899902381021
high_downforce,1.19190326625,0.64771703619,1.93604136777,1.99148025639,0.993205355856,0.962548897841,0.0462515953756,20.6318775738,2.2519586657,18,64.590186827,0.924730125735
high_downforce,1.16442361626,-2.73378615568,1.84672382331,1.79842275616,0.96198293981,0.905888941437,0.0594618448692,20.2633457929,2.48252587836,18,65.8551102941,0.844264743595
high_downforce,1.19721854726,0.656808720061,2.07246933983,1.73301014217,0.970192718079,1.074362614,0.0652589220731,19.7923647244,2.23621252971,18,65.2910727463,0.766766324762
high_downforce,1.12072117867,2.43679209295,1.77551335001,1.98463026288,1.03454638055,1.09096418881,0.0634515802303,16.0006052651,2.56315874965,16,64.5977655698,0.742200982064
high_downforce,1.26222995215,3.45195656273,1.8868679068,1.65310901146,0.970813571815,1.04063471677,0.0486852958578,19.8051766464,2.25294233607,18,66.8580999478,0.896583934624
high_downforce,1.25689708526,1.42017648895,1.80231588722,1.97484766146,0.99182159857,1.04497924295,0.0608087405205,19.6017727298,2.16131298449,18,66.0936956608,0.980882671809
high_downforce,1.2436319583,1.6597802424,2.03264523121,1.90479279297,1.02592423289,0.962620720461,0.0475950855553,18.0093459799,2.45566971517,18,63.2337806211,0.840970902187
high_downforce,1.24980170046,2.4853333881,1.76768202243,1.72476075596,1.02157065076,0.936575794736,0.0536554019031,17.7188711127,2.55930951512,18,65.7964310867,0.850632199541
high_downforce,1.16057481595,-3.42891060575,1.75297265654,1.8490363146,1.01019247388,0.918817018305,0.0686580576985,20.313911493,2.5682999629,18,65.2775066553,0.891606904105
high_downforce,1.25220609417,1.1168855061,1.9994392009,1.91957860781,1.03204619983,1.01738611667,0.0588607206948,19.8960348441,2.23289252923,18,63.9128372599,0.878672577241
high_downforce,1.17107280111,3.54247129507,1.87420621455,1.66085401,1.0467707979,1.08272264164,0.0633179958639,19.2908086574,2.27075774533,18,65.4930958449,0.891149580772
high_downforce,1.2764747688,2.68031109402,1.96719998589,1.73801187883,0.981959634007,1.08817117703,0.0558343738868,19.7216891904,2.49341987768,18,65.150834059,0.8110825152
high_downforce,1.26121709655,-0.0647475121415,1.9106094434,1.74595803841,1.04058209415,0.905482190717,0.0619357988905,17.247738352,2.43092092624,17,64.5704217093,0.767676506366
high_downforce,1.23466775741,-2.11169104664,2.02685452445,1.65982364421,0.987754917777,0.983809386524,0.0601789152579,20.6409410668,2.621768189,18,64.4351505878,0.736553218235
high_downforce,1.14100619509,3.28873465183,1.94382640844,1.93815525632,0.954910494267,1.0368577896,0.0502835283585,19.8717411314,2.48700561827,18,65.0295172303,0.82664980995
high_downforce,1.14450227666,-3.00713971634,1.80140307072,1.6699502341,1.04984928456,0.963685623627,0.0573206212832,16.8490699072,2.44590321875,17,65.1634458572,0.807940650046
high_downforce,1.1755985164,-3.98777507806,1.97241035079,1.95047693751,0.994226352321,1.07960391741,0.0544543066376,20.8468106442,2.25239066757,18,64.1909549006,0.909465052534
high_downforce,1.2696305232,2.87255630323,1.92397718715,1.89694220508,1.00738915141,0.987345259451,0.0677502766275,20.1952674628,2.44300997797,18,64.6417571686,0.81709075235
high_downforce,1.20765668829,1.44065370348,2.03634297104,1.7982523163,1.00514246861,1.01479538335,0.0505587998565,20.9142539712,2.16646031093,18,64.7064627472,0.86917742341
high_downforce,1.22402185066,-0.121630260717,1.75951157796,1.83276627606,1.03035830533,1.02411861187,0.0542140821548,17.3480430196,2.49340792003,17,65.2437938556,0.879402712115
high_downforce,1.13830630673,-2.24322266327,1.80678398503,1.99090304809,0.996937069639,0.905097657714,0.0653844307846,18.4959267271,2.40243813828,18,65.0458290014,0.899043834521
high_downforce,1.25163051347,1.65979778993,2.03749652653,1.92712323712,0.981554606515,1.09161334033,0.046258991563,17.8635651016,2.24257922383,18,64.4870155248,0.851357389909
high_downforce,1.22677242645,2.21189455193,1.95539356988,1.74735050512,0.96828667424,1.0090532793,0.0489708421602,19.1072155641,2.36556397998,18,65.6665513208,0.84329001462
high_downforce,1.17265531741,3.28221236773,1.76037623386,1.84725384592,1.02126221579,1.06945990738,0.0619272068704,16.2407802935,2.50956140092,16,65.6424527785,0.740901734225
high_downforce,1.12730389682,-0.925222986633,1.78745975018,1.75778906899,0.950241697427,1.01680722049,0.0464490557378,17.2678809581,2.26626215374,17,67.2380083278,0.869409058791
high_downforce,1.18771630358,3.3405452465,1.8257547911,1.94683178969,0.960145284285,1.01914160054,0.0667077423701,18.1617603486,2.44615235501,18,66.0347961228,0.846687057491
high_downforce,1.14263134811,1.34868987982,1.75638348554,1.81894568187,1.00616286695,1.08658716871,0.060473041029,19.9980146425,2.16991946644,18,66.5797257475,0.99550125192
high_downforce,1.19946812062,0.0954472667807,1.92155983712,1.71543549239,0.969406013348,1.07370791453,0.0593553800929,18.2738440916,2.16488675171,18,66.4618806016,0.879684082997
high_downforce,1.2710372819,-1.1427992012,1.93626576897,1.72309554328,0.988094965067,1.07930831972,0.0572674195569,16.4449128781,2.21382798186,16,65.9565986403,0.713530741993
high_downforce,1.22119910313,2.92355379279,1.83444793498,1.66127348456,0.978040586721,1.08862808725,0.0536341321862,19.8892868088,2.40041572757,18,66.6426808579,0.890324013824
high_downforce,1.20219981583,-1.84616857634,1.82987228508,1.88002788244,1.00487771758,0.917287106937,0.0667884880767,18.6334644343,2.46493051456,18,65.0318512509,0.868148527649
high_downforce,1.2068099846,-2.08717623491,1.81171429073,1.90630141604,0.964871104524,0.913417781381,0.0473378166716,20.3558438146,2.4443813145,18,65.7032665106,0.931034373063
high_downforce,1.12305825626,3.26611390449,1.91223553812,1.77694973425,0.995738705355,1.04637935157,0.0507857042839,16.2183033756,2.63769645696,16,64.8322423015,0.654975488066
high_downforce,1.15299554619,-3.70878955464,1.98525161429,1.8639107088,1.02371832721,1.00409824045,0.0684713236787,17.5250765758,2.59483375916,17,63.2626617601,0.707111243338
high_downforce,1.1810395253,0.075963283557,2.01316452881,1.85384057312,0.966423662917,1.00661590104,0.0480963211859,20.1525144308,2.17052393371,18,65.2663028192,0.873368329398
high_downforce,1.14115153875,3.49043991766,1.9187412795,1.83735278667,0.980916480507,0.96387879251,0.0525905109609,18.8979080574,2.30982731064,18,65.5315308379,0.858794048892
high_downforce,1.24895179514,2.82106095633,1.93416752562,1.75832328135,1.03793663888,1.0475920107,0.0552824143739,18.7362531492,2.34557783354,18,64.5901039288,0.884181617717
high_downforce,1.16897906405,-1.92587307893,1.80096836053,1.77003805981,1.04718524343,1.03862303878,0.0610125432592,17.277677452,2.59016213849,17,64.5386287199,0.8260615092
high_downforce,1.27048122942,-2.00327215356,2.04686305952,1.87913205903,0.992048803925,1.03913161274,0.0481934625654,16.3640043808,2.46075388845,16,63.8001662943,0.666436220394
high_downforce,1.20782483283,2.03092841961,1.90656589632,1.7328404128,1.03356695247,0.919555914983,0.0592157043341,17.1675522765,2.36975024242,17,64.9876862387,0.77311413707
high_downforce,1.27351899422,-1.83843704466,1.81213327917,1.86497841476,0.965990581709,1.05360071916,0.0498396469337,18.4973064879,2.46558958311,18,65.81059519,0.941438981072
high_downforce,1.2512095932,-0.223440572876,1.80578695285,1.90387793923,0.956902396018,0.989528997071,0.0548217125914,17.4306089196,2.60233586304,17,65.8418508291,0.797759225661
high_downforce,1.13077385599,-2.38481473787,1.95897929211,1.75637409038,1.02364336336,1.09095294622,0.0479223890112,18.053011166,2.41552177847,18,64.0061091378,0.893154417169
high_downforce,1.17423781696,-2.52538605068,2.03763018275,1.99656512315,0.954575060001,1.01378460397,0.0542187906143,17.0738032018,2.5504922052,17,63.870376317,0.706509498674
high_downforce,1.27900281287,-2.99461645605,1.94936712519,1.65902065076,0.950872579488,0.961522915398,0.0616265491829,19.357860546,2.24392086956,18,66.5983539595,0.823596389309
high_downforce,1.22119368047,-1.23396689458,1.82997238519,1.66214702992,1.04176445219,0.974507457611,0.0521267929422,19.620228046,2.63227756243,18,64.7020915511,0.894000660401
high_downforce,1.2738427844,0.0569462502948,2.04942300671,1.77650195633,1.03764019706,1.06649963118,0.0687980907814,16.9175366986,2.27992060228,17,64.0143149607,0.713512783018
high_downforce,1.27237729183,1.12068138484,2.00103726153,1.97018636964,0.989246747342,1.04984539429,0.0496444259695,17.978626112,2.25318816439,18,64.4007823506,0.888603744109
high_downforce,1.14034940169,-3.19228858994,1.91043172844,1.74254704688,0.996177835209,0.928360430169,0.0591859962411,20.6808778233,2.49311086225,18,64.8584942195,0.825445146041
high_downforce,1.26134602869,-1.37910937535,1.78236021243,1.92935237988,1.03621485299,1.01390610025,0.0573316464918,18.7151612661,2.37550758729,18,64.7942495585,0.988931990864
high_downforce,1.13042304478,2.30571739119,1.96123107104,1.8754373931,0.967423108457,0.911498635426,0.0486913909341,16.9880395612,2.43984861409,17,65.0320621561,0.734103048023
high_downforce,1.18901628941,-3.07261438716,2.02087148655,1.87092792958,1.01387549793,0.905783995911,0.0472953241647,20.1075064563,2.18447061995,18,64.0298949071,0.898142584102
high_downforce,1.22565893467,2.00597264696,1.89899022764,1.75365377663,0.985061249619,0.987671172332,0.0637389745238,18.3250805101,2.60952732003,18,65.2683427132,0.784994815545
high_downforce,1.27205688942,2.65844969236,1.84078972611,1.89876274584,0.951280150724,1.02709865319,0.0559158298954,16.4725176589,2.57123351922,16,66.0677159316,0.681787798182
high_downforce,1.17776652454,3.7708733238,1.93484857742,1.92138283784,0.953798226373,0.960374457146,0.0648401983269,19.8445327588,2.24851798879,18,66.0035243566,0.813334921558
high_downforce,1.13313989923,-0.431625212679,1.7559808201,1.98366161948,1.01901721498,1.08406550539,0.0595920092162,19.7713402781,2.60400469483,18,64.5592033539,0.946049605634
high_downforce,1.17007829164,-0.465533296325,1.76502698347,1.71008016346,1.03464086459,0.966309284389,0.0528415753249,16.95962575,2.58236991075,17,65.3484468811,0.834180943872
high_downforce,1.23475478395,0.178418794737,1.99414614436,1.76897285958,0.978927735574,1.01187092249,0.0621840635144,17.3590192609,2.55376031515,17,64.7523478608,0.685878622391
high_downforce,1.2434992556,-1.76359347519,1.8377585948,1.71904392634,0.9827225026,0.910865571935,0.0513855079185,18.6100091207,2.39284611031,18,66.0713275954,0.902280990389
high_downforce,1.23897900557,3.47140869718,1.8744650911,1.83783812751,1.00696688237,1.0223543111,0.0695458962617,17.059831569,2.35436897105,17,65.5228928965,0.768237099243
high_downforce,1.15140192616,-2.46827377965,1.76620808685,1.83801393416,0.973773317058,1.08355283727,0.057829752368,19.7238612319,2.51978688641,18,65.9108288144,0.928313124116
high_downforce,1.27331356729,-1.09960359027,1.91820948371,1.78972334685,1.01724509314,1.01486617103,0.0542542995044,17.5974389369,2.44335883339,17,64.5757169596,0.798281610092
high_downforce,1.1660169275,-2.66968244305,1.77966959673,1.92159020543,1.02780144143,1.07991263886,0.0589897336011,19.2596726887,2.35186375762,18,64.8896217922,0.990575759425
high_downforce,1.20214975974,0.752603666915,1.81121440501,1.71750998285,1.03318705203,0.941117545039,0.0634548589679,20.4763918081,2.48520545019,18,65.3331786925,0.877097645355
high_downforce,1.23918126837,2.71116144119,1.99582724896,1.69991158818,0.957415710359,1.00370029656,0.0517827449041,18.7256098903,2.60792152209,18,65.319876296,0.753711184322
high_downforce,1.22138310865,2.71471875007,2.00317557168,1.71113202651,1.00117022783,0.926436699423,0.0492780575956,19.9161584213,2.54383989056,18,64.493037108,0.784420049226
high_downforce,1.15628293587,3.54003069771,1.8508063433,1.76552586525,1.03719775223,0.961453989008,0.068429505432,20.7720360963,2.27068052879,18,65.4949323424,0.87355861805
high_downforce,1.20855336102,3.97477549775,1.81867099861,1.8007626768,1.03193780058,0.999902731903,0.068051555048,16.5647798686,2.53186159186,16,65.2684244215,0.684963857688
high_downforce,1.15399454106,1.30571791584,1.75522711901,1.81973611299,0.952661070858,0.988240082768,0.0696679297638,20.5971931932,2.4377293193,18,67.0822430347,0.861740452669
high_downforce,1.21870760442,-2.36168764117,1.77962326088,1.85866259529,0.980246762534,1.04007514712,0.064633476989,20.6100519817,2.28770996743,18,66.3165279617,0.945885795004
high_downforce,1.21123393808,-3.53404959475,1.75285489559,1.95756706639,0.995945488562,0.938276521247,0.0503936206558,17.0539033591,2.18092242355,17,66.0803346386,0.947627366902
high_downforce,1.19428519923,2.17587098555,1.99907060312,1.90807115622,0.979795379827,1.03578483008,0.0687417331182,20.8052886107,2.58502533532,18,64.2012592703,0.737124990989
high_downforce,1.23104539809,-2.06341578653,1.81983411012,1.79282660273,0.998905668469,1.04996061962,0.0455679880804,20.7356347948,2.53001468905,18,65.1335194891,0.948707780181
high_downforce,1.18212123431,0.565728468806,2.07424131128,1.72701365963,0.991046024479,0.948038500111,0.0555064976151,19.8283557807,2.23697034789,18,64.8244068758,0.79155320228
high_downforce,1.21229138486,-0.270041550452,1.75470591083,1.81997720749,0.975113559777,1.04253379642,0.0491266229479,20.0545148305,2.50528002411,18,66.1893011692,0.957601718871
high_downforce,1.16703735852,-3.34593287854,2.04964536023,1.87843400006,1.00181483541,0.936722573683,0.0515105590124,19.2039713469,2.27728313076,18,63.7925061662,0.846789389149
high_downforce,1.20800051208,1.45556425217,1.99407084927,1.73036673475,0.994261875095,1.05559333551,0.0536525267165,18.4543758715,2.2585164781,18,65.2109074323,0.851033575118
high_downforce,1.15795296523,-3.9775249791,2.04909714332,1.99536237989,0.991260290426,1.05296110634,0.0676187517198,18.4335560698,2.38390750363,18,63.3987577572,0.794486873431
high_downforce,1.18121930565,-1.4456577237,1.98228545018,1.68327864308,0.958793540079,1.02583063764,0.0604668404334,20.2871521553,2.43974989911,18,65.6014525603,0.774125847207
high_downforce,1.22930764654,3.19460342163,1.99055567748,1.83634043279,0.987239010621,1.07621507423,0.0634859844854,20.2547619933,2.3492219842,18,64.9447485318,0.805567507466
high_downforce,1.1476478921,2.82937116291,2.03447944255,1.90568412268,0.975404509215,1.03069431121,0.0489853435111,17.3809756731,2.52318391493,17,64.0963959207,0.711024856329
high_downforce,1.1921126271,-0.99452228088,1.83684551006,1.65805278221,1.02787179454,1.00093653343,0.0619289791211,20.6249062939,2.48065166896,18,65.3413624212,0.873672817587
high_downforce,1.26005436415,-2.18002522304,1.88794084731,1.81439120932,0.96328992902,1.00910367036,0.0512013458137,19.0473458755,2.33706179969,18,65.8140917759,0.903917315162
high_downforce,1.21308362704,2.06048233002,2.07830796457,1.70497995881,0.998161556231,0.902393292497,0.057223930166,16.9615894231,2.34304503202,17,64.709080624,0.669722391491
high_downforce,1.15860738242,2.68872845886,2.04967634353,1.96101379766,0.953091236863,1.03832465735,0.0517581580579,18.7011835331,2.30566312198,18,64.7406999616,0.808335797262
high_downforce,1.16239083183,-2.54331661003,2.08569115405,1.90684343065,1.02094133717,0.958300412265,0.057581471424,16.7531426196,2.58356853427,17,62.6024463805,0.632856881902
high_downforce,1.22855319842,3.85899319931,1.91269252974,1.8307300149,0.955584234499,0.963889630382,0.0581622869411,19.1089923571,2.22550621323,18,66.4800173163,0.849975940859
high_downforce,1.18678115847,3.81723535525,1.89878720852,1.65551260785,0.957659309478,0.969071349884,0.0645335640984,19.3206652389,2.54496739208,18,66.4641593684,0.749569173287
high_downforce,1.14549873657,-0.127153437141,1.90407431095,1.84918163792,0.964275830081,0.946654332924,0.065959893386,17.5005901162,2.52320921827,17,65.393231032,0.708177590003
high_downforce,1.24497910976,1.08799504662,1.96237992549,1.68517492234,0.985712975875,1.09315777471,0.06242391535,16.6316136434,2.35701946461,17,65.7574368894,0.651491463319
high_downforce,1.16252251968,-0.916793494699,1.9683506859,1.68158412434,0.992373594942,1.08746517039,0.0561839467995,20.7253229625,2.28070674997,18,65.3838101765,0.854066212913
high_downforce,1.25725556977,-3.64957416937,2.0954866128,1.88512359436,0.953662653302,0.914618758604,0.06844223819,18.619667281,2.3183842463,18,64.5657230647,0.733607596404
high_downforce,1.26054532934,-1.36935826336,1.86392647615,1.92293893415,0.962127126303,0.9518938521,0.0547540778798,19.8633655029,2.44965830338,18,65.4527522191,0.881841515529
high_downforce,1.23129664793,2.51242883327,1.80182380911,1.79576139775,0.991652534446,0.943885823416,0.0569141386471,18.2462574455,2.17611056545,18,66.7410860831,0.949007510628
high_downforce,1.12429094677,-1.36520668415,1.88915867253,1.95657044135,1.04205920478,1.00813490442,0.0603696387105,20.1044961576,2.22662812625,18,64.1284204,0.939391475852
high_downforce,1.13699404823,-3.23731087932,2.01447730097,1.92616587478,0.966450374421,0.97175791153,0.0572592483381,16.8104022531,2.25450718459,17,64.7550812295,0.710803850426
high_downforce,1.18431545708,-2.69298068213,1.86459860614,1.71296769732,1.01757368762,1.094682718,0.0603124098441,18.1423101379,2.51369318275,18,64.8585413853,0.880116560387
high_downforce,1.19638103179,3.04350836025,2.02270895442,1.84950353811,1.02501504029,1.02883629766,0.0609891645654,18.1889941668,2.35096381188,18,63.9258675465,0.811780740126
high_downforce,1.17168313248,3.24638495974,1.7528837057,1.97943754943,0.988950705633,0.960836508665,0.0468270056525,18.6283051294,2.55204412057,18,65.4687332016,0.95267660735
high_downforce,1.13303957336,-3.29822184051,2.08595971182,1.70243158056,1.00267808302,1.06254173601,0.0697042035865,20.8486978272,2.55341359216,18,63.6625278065,0.708073959409
high_downforce,1.23388313697,0.6562949443,1.76868748716,1.98320909733,1.04113167172,0.934740165732,0.0630546648669,17.6632757388,2.17733862992,18,65.4318276502,0.925099213158
high_downforce,1.24160461427,-1.47095163476,1.77803701762,1.71167702936,0.970867618789,1.08159176298,0.0623618694735,19.2792304594,2.22002192663,18,67.2964306026,0.950829689573
high_downforce,1.22850664595,-2.76352629371,1.9172844804,1.9715217027,1.01167764942,0.951715947802,0.0462456172602,20.7470527278,2.52779582563,18,63.5643597501,0.906581771375
high_downforce,1.15183704727,3.81017346201,1.86062604361,1.74336874831,1.01749841743,1.03643885398,0.0593924423731,18.8165016737,2.2639875521,18,65.7853163934,0.897806788334
high_downforce,1.14490368426,-3.82973860427,2.01257414437,1.8936179111,0.974755820723,0.927519215162,0.0671134833607,20.7099674995,2.4691099004,18,64.1347435051,0.755917257437
high_downforce,1.20802040333,2.42340937495,2.02412994451,1.78085927209,0.977020941761,1.0519086107,0.0658134616574,19.8699165965,2.41517539311,18,64.942627671,0.752343392366
high_downforce,1.26087777138,1.01264147402,2.04037433613,1.8442062997,0.965750946095,0.921153418007,0.0675995979067,20.8310428828,2.60750260416,18,64.408488085,0.694224264246
high_downforce,1.18053581977,0.078206800535,1.89748634223,1.96084590976,0.959150479055,1.03087214155,0.0648189262499,19.9018467914,2.48617623496,18,65.1617610716,0.821522688058
high_downforce,1.22022490176,1.95122709744,2.05097571367,1.98686230319,1.02045848244,1.03154038462,0.0593253833945,17.7796520137,2.2713892027,18,63.548981852,0.788548394364
high_downforce,1.27387447461,1.85677059188,1.76207220233,1.77751899089,0.963368717183,1.0166141424,0.0673336761793,17.1272399893,2.21489790475,17,67.7230259325,0.839359375509
high_downforce,1.21794975111,2.2845696452,2.00233478525,1.93518875014,1.0183129758,0.923523740657,0.0467390352803,18.9478319935,2.2915178357,18,63.9001324477,0.878815509732
high_downforce,1.25376322539,2.89233524604,2.02723423263,1.66368534781,1.00224417741,0.984078472379,0.0631674606064,18.401401109,2.20509567523,18,65.5168483178,0.795173003722
high_downforce,1.21718211103,-1.43801210215,1.91492348539,1.99610194874,1.03538537695,1.00253116204,0.0615364686374,20.7427156832,2.47637517336,18,63.3885708228,0.880160593065
high_downforce,1.21245749315,-0.725630688683,1.96616542033,1.81480880765,1.01562990663,1.011244427,0.0638905222536,19.190171473,2.33084355351,18,64.4556033146,0.839588271571
high_downforce,1.2057928291,3.80140749975,1.75049627501,1.68006080496,1.00686501002,1.0492498016,0.0531016959805,20.7534113758,2.39665983158,18,66.7063103598,0.95140027054
high_downforce,1.12223013398,3.70786106498,2.03790095261,1.98767829361,0.980176412276,0.988292842361,0.0664307592115,18.6811311297,2.37395628416,18,64.2092432674,0.752343985501
high_downforce,1.20093829131,-2.40467440528,1.8798279893,1.84366182344,0.994407818705,1.03042595732,0.056027773172,20.3440729061,2.55519556287,18,64.6062580934,0.871704365524
high_downforce,1.19124029463,-2.92646825202,1.8477897198,1.88419061382,0.974728877525,0.932086312575,0.0580094700454,18.4545206765,2.25828981029,18,65.8220569926,0.917903968662
high_downforce,1.13540500612,2.52809371295,1.92284140449,1.7431361853,1.02395267205,1.0722165537,0.0460051784099,17.5794431829,2.45207296799,17,64.5988839148,0.800930781347
high_downforce,1.26205166101,-1.40766988971,2.01932054322,1.65259283469,0.961005767633,1.08402650282,0.0515022940406,16.5527090967,2.19602256662,16,66.2051223554,0.676100757977
high_downforce,1.26512338808,0.148650792844,2.07893186449,1.82781819756,1.02039919655,0.933954056312,0.0663440838421,17.3312036903,2.35124171318,17,63.7743918713,0.69074394198
high_downforce,1.23593385759,2.96368479186,1.87766280346,1.92751267775,1.04082063508,0.971031195845,0.0540678783,16.0332264301,2.43626548661,16,64.2863750247,0.727189713297
high_downforce,1.21103264873,0.698142529846,1.80991298077,1.72007562522,0.952766742386,0.968770554613,0.0608863444027,19.6486826437,2.5041448537,18,66.8160868567,0.840884809833
high_downforce,1.14757870825,-1.63440575576,2.037918506,1.73771597789,0.996053010698,0.912690323209,0.0620924988539,20.8779795307,2.60373518291,18,63.9317241478,0.72085911115
high_downforce,1.22385836591,-1.10831489582,1.94579737834,1.96049347543,0.993077738476,0.919890034639,0.0502444762466,16.2918052042,2.5744165519,16,63.982747176,0.673737394379
high_downforce,1.21244463733,-1.87052398312,1.84006360934,1.93797899841,0.971754070276,0.978339560486,0.0482908880908,16.443308679,2.47905526075,16,65.352231933,0.736651230605
high_downforce,1.25443457402,1.25201798063,1.90857332898,1.84239944703,1.04487234274,1.02942768917,0.0622039695926,19.5557934845,2.30718527129,18,64.4025558618,0.899119956626
high_downforce,1.17373669805,-3.41902932255,2.01440519584,1.67855013697,0.997443068324,0.901596746499,0.0457896115694,17.951135247,2.18657936035,18,65.086041952,0.861572044316
high_downforce,1.12558766673,0.265297780074,1.99382307845,1.68628228209,1.03549953099,0.923604280212,0.0475623508816,19.555224756,2.160467712,18,64.7424521279,0.889060417731
high_downforce,1.23075246166,3.87777916053,1.85304073202,1.96017767719,1.02181637514,1.0112745414,0.0688081874618,16.0412507588,2.59000525629,16,64.5192417554,0.671426420496
high_downforce,1.21173572165,-2.93202303142,1.78644334527,1.78606194985,0.956029379907,1.05965051313,0.0579199093314,20.00769922,2.471840838,18,66.4468776831,0.911184635876
high_downforce,1.18960432238,2.28584806016,2.00766736874,1.86387125327,1.01959502673,1.00087239564,0.0558263500923,19.7528359593,2.53689991204,18,63.5321791499,0.799562940351
high_downforce,1.18727442712,-2.01257118977,2.01366093391,1.76403837312,1.02974852194,1.0774042489,0.0459386576251,19.0723806156,2.39365384302,18,63.6130317029,0.882507942818
high_downforce,1.27672240801,1.16749167304,1.77459086608,1.706797511,0.960541054397,1.08723160384,0.0663958049354,17.7149179334,2.36564303743,18,67.4676309807,0.828789527444
high_downforce,1.25314548833,3.04118558317,1.78447357497,1.66793840547,0.994571732568,1.03161041118,0.0516794283983,16.4914242128,2.28346436957,16,67.1904161974,0.762414603625
high_downforce,1.17015610851,-1.97815669893,1.85161112273,1.79942113136,0.969235198604,1.0874882811,0.0588824723336,20.8116640806,2.51322765271,18,65.5736045869,0.868563810784
high_downforce,1.2552913959,-0.915390795124,1.94580690028,1.72745154122,1.02342394203,1.0584071118,0.0520218633278,19.4741186854,2.30638388912,18,64.7315316136,0.903652841805
high_downforce,1.19074383187,-0.258458540691,1.93800167548,1.66739886029,0.971326839717,0.928904010979,0.0559513175594,16.164429607,2.44974682287,16,65.9227206794,0.636166622093
high_downforce,1.19351301856,1.91445009468,1.97670541558,1.776286595,0.957945832669,0.997895661149,0.0483880369346,16.1824785414,2.30836259595,16,65.8936944977,0.667478615199
high_downforce,1.13587786431,-1.45707455899,1.93306576255,1.90758715334,1.00149303794,1.07516962864,0.048616897686,19.340009171,2.3367034426,18,64.3123625973,0.918100375594
high_downforce,1.2658123518,1.45744403187,1.90891741026,1.67590658205,1.03938938255,1.01102202742,0.0568847501528,16.7205697549,2.4825015012,17,64.8426529916,0.710821482726
high_downforce,1.19050498658,2.04684754043,2.05367062638,1.67442798678,0.986221511568,1.01088918907,0.0489994234646,19.8608220295,2.57132080794,18,64.4518195221,0.755135712527
high_downforce,1.17081276168,1.16157087677,1.85534546997,1.99992564237,1.01179288419,1.00442854777,0.0661356719508,18.368284529,2.54372889998,18,64.2537925584,0.856305791025
high_downforce,1.25560544418,3.88199309478,2.02798777443,1.8586699016,1.0328919601,1.08195727666,0.0562058488115,18.9336641722,2.58913980487,18,63.1844043781,0.79822188315
high_downforce,1.18881397276,-0.503554930633,1.80773811831,1.82961934284,1.01625459333,0.9685722984,0.0576206554573,17.7475196674,2.56427559665,18,64.9576549507,0.839779153344
high_downforce,1.15388160029,-2.31046304514,1.80679970546,1.71290667185,0.988628214329,0.995716144036,0.051088919761,16.9065196596,2.20977248676,17,66.6615325342,0.855931412756
high_downforce,1.19626480903,-2.6716029855,1.95950229619,1.72327393408,0.972277408259,1.02464197686,0.065213480766,18.2098068132,2.35598601247,18,65.5027254671,0.80513429861
high_downforce,1.16210265716,3.99307683609,1.81151733523,1.9981023652,0.950824674892,1.09284397777,0.0652803926112,18.7970297681,2.57050297848,18,65.8559532709,0.843418112184
high_downforce,1.21855757516,-1.66075153355,2.06014596591,1.89900547609,0.973322482853,1.04782267118,0.0628386748608,16.2145242486,2.60343267669,16,63.7973439485,0.589620244781
high_downforce,1.20475709453,0.147444829744,1.78867251448,1.72378016675,0.97309780464,0.921648440953,0.0508121883382,17.1793036528,2.59387376447,17,66.3103438128,0.796320513571
high_downforce,1.19559713697,2.72446486238,1.81483980963,1.70110946769,0.983533977318,0.971985340672,0.0626687379687,17.3367079015,2.39107232807,17,66.7212634952,0.778373151555
high_downforce,1.22375218621,3.55373124228,1.89374645924,1.90191248366,1.04969387821,0.903501086298,0.0492068804486,17.9817598542,2.31494445908,18,64.232629143,0.924391651425
high_downforce,1.23787815344,0.938352680464,1.784317978,1.95735080752,0.983210792921,0.912111125643,0.0672744477856,18.2257716946,2.27396862256,18,66.217399327,0.91657408212
high_downforce,1.17894673274,3.71098988255,1.91599119935,1.84859862836,0.956754396744,1.0029583549,0.0494865650412,17.9518899843,2.61874058381,18,65.2732936414,0.798061763371
high_downforce,1.1944876112,1.40979435422,1.81348987361,1.84391952489,0.962957971657,1.06192180741,0.0615161753329,18.5808268061,2.29614276714,18,66.6178629031,0.907819633144
high_downforce,1.27337847467,1.24610389825,1.95858261876,1.9233275835,0.970819396248,1.0678006417,0.0558047600153,18.353785101,2.39010600097,18,64.9065648973,0.851966344608
high_downforce,1.13656104074,1.69164231065,1.87779881136,1.75980734875,0.95181124865,1.02186601609,0.0638421024194,17.9968789824,2.627613137,18,65.9230887919,0.770820984801
high_downforce,1.19957050597,-2.71484786925,1.89757107048,1.72538362961,1.00926344336,0.915164359383,0.0600469925022,20.0519861442,2.59693862379,18,64.6233568216,0.818236665068
high_downforce,1.19194759833,-2.1364987269,1.87956226744,1.74467880134,1.01011705144,1.02319131966,0.0642479654607,19.7114593629,2.40742057561,18,65.1245497215,0.864135096119
high_downforce,1.21883755635,-1.14164017225,1.85155318677,1.79492430642,1.0397263817,0.963145256018,0.0597423643098,19.4755587534,2.37702427451,18,64.7202585846,0.913625641166
high_downforce,1.27599173227,-0.693019084174,1.8528466252,1.71120009216,0.973480328148,1.05558173129,0.0512656850907,17.6625373137,2.41640183872,18,66.2318393646,0.826430882183
high_downforce,1.13805900504,0.59374921531,1.85196609982,1.89718434623,0.97095531548,0.908129568752,0.0604481095313,17.7464725698,2.33875857169,18,65.8853869237,0.80724533015
