track,setup,angle_deg,distance_m,speed_kph
low_downforce,minimum-wing,0,0,333.505533632
low_downforce,minimum-wing,0,5,333.718931428
low_downforce,minimum-wing,0,10,333.929615209
low_downforce,minimum-wing,0,15,334.137621572
low_downforce,minimum-wing,0,20,334.342986568
low_downforce,minimum-wing,0,25,334.545745707
low_downforce,minimum-wing,0,30,334.74593397
low_downforce,minimum-wing,0,35,334.943585821
low_downforce,minimum-wing,0,40,335.13873521
low_downforce,minimum-wing,0,45,335.331415587
low_downforce,minimum-wing,0,50,335.521659908
low_downforce,minimum-wing,0,55,335.709500644
low_downforce,minimum-wing,0,60,335.894969791
low_downforce,minimum-wing,0,65,336.078098875
low_downforce,minimum-wing,0,70,336.258918962
low_downforce,minimum-wing,0,75,336.437460668
low_downforce,minimum-wing,0,80,336.613754161
low_downforce,minimum-wing,0,85,336.787829172
low_downforce,minimum-wing,0,90,336.959715004
low_downforce,minimum-wing,0,95,337.129440536
low_downforce,minimum-wing,0,100,337.297034232
low_downforce,minimum-wing,0,105,337.462524144
low_downforce,minimum-wing,0,110,337.625937927
low_downforce,minimum-wing,0,115,337.787302836
low_downforce,minimum-wing,0,120,337.946645739
low_downforce,minimum-wing,0,125,338.103993121
low_downforce,minimum-wing,0,130,338.259371092
low_downforce,minimum-wing,0,135,338.412805389
low_downforce,minimum-wing,0,140,338.564321388
low_downforce,minimum-wing,0,145,338.713944102
low_downforce,minimum-wing,0,150,338.861698197
low_downforce,minimum-wing,0,155,339.007607987
low_downforce,minimum-wing,0,160,339.151697448
low_downforce,minimum-wing,0,165,339.293990218
low_downforce,minimum-wing,0,170,339.434509605
low_downforce,minimum-wing,0,175,339.573278593
low_downforce,minimum-wing,0,180,339.710319843
low_downforce,minimum-wing,0,185,339.845655702
low_downforce,minimum-wing,0,190,339.979308209
low_downforce,minimum-wing,0,195,340.111299092
low_downforce,minimum-wing,0,200,340.241649785
low_downforce,minimum-wing,0,205,340.370381421
low_downforce,minimum-wing,0,210,340.497514844
low_downforce,minimum-wing,0,215,340.62307061
low_downforce,minimum-wing,0,220,340.747068993
low_downforce,minimum-wing,0,225,340.869529989
low_downforce,minimum-wing,0,230,340.990473321
low_downforce,minimum-wing,0,235,341.109918439
low_downforce,minimum-wing,0,240,341.227884532
low_downforce,minimum-wing,0,245,341.344390524
low_downforce,minimum-wing,0,250,341.459455083
low_downforce,minimum-wing,0,255,341.573096624
low_downforce,minimum-wing,0,260,341.685333309
low_downforce,minimum-wing,0,265,341.796183058
low_downforce,minimum-wing,0,270,341.905663546
low_downforce,minimum-wing,0,275,342.01379221
low_downforce,minimum-wing,0,280,342.120586252
low_downforce,minimum-wing,0,285,342.226062642
low_downforce,minimum-wing,0,290,342.330238122
low_downforce,minimum-wing,0,295,342.433129209
low_downforce,minimum-wing,0,300,342.534752198
low_downforce,minimum-wing,0,305,342.635123167
low_downforce,minimum-wing,0,310,342.734257979
low_downforce,minimum-wing,0,315,342.832172282
low_downforce,minimum-wing,0,320,342.92888152
low_downforce,minimum-wing,0,325,343.024400928
low_downforce,minimum-wing,0,330,343.118745539
low_downforce,minimum-wing,0,335,343.211930186
low_downforce,minimum-wing,0,340,343.303969507
low_downforce,minimum-wing,0,345,343.394877943
low_downforce,minimum-wing,0,350,343.484669745
low_downforce,minimum-wing,0,355,343.573358977
low_downforce,minimum-wing,0,360,343.660959516
low_downforce,minimum-wing,0,365,343.747485056
low_downforce,minimum-wing,0,370,343.83294911
low_downforce,minimum-wing,0,375,343.917365014
low_downforce,minimum-wing,0,380,344.000745929
low_downforce,minimum-wing,0,385,344.083104842
low_downforce,minimum-wing,0,390,344.164454571
low_downforce,minimum-wing,0,395,344.244807764
low_downforce,minimum-wing,0,400,344.324176906
low_downforce,minimum-wing,0,405,344.402574317
low_downforce,minimum-wing,0,410,344.480012156
low_downforce,minimum-wing,0,415,344.556502426
low_downforce,minimum-wing,0,420,344.632056969
low_downforce,minimum-wing,0,425,344.706687477
low_downforce,minimum-wing,0,430,344.780405488
low_downforce,minimum-wing,0,435,344.85322239
low_downforce,minimum-wing,0,440,344.925149423
low_downforce,minimum-wing,0,445,344.996197684
low_downforce,minimum-wing,0,450,345.066378121
low_downforce,minimum-wing,0,455,345.135701546
low_downforce,minimum-wing,0,460,345.204178626
low_downforce,minimum-wing,0,465,345.271819894
low_downforce,minimum-wing,0,470,345.338635746
low_downforce,minimum-wing,0,475,345.404636442
low_downforce,minimum-wing,0,480,345.469832113
low_downforce,minimum-wing,0,485,345.534232757
low_downforce,minimum-wing,0,490,345.597848245
low_downforce,minimum-wing,0,495,345.660688321
low_downforce,minimum-wing,0,500,345.722762601
low_downforce,minimum-wing,0,505,345.784080583
low_downforce,minimum-wing,0,510,345.844651638
low_downforce,minimum-wing,0,515,345.90448502
low_downforce,minimum-wing,0,520,345.963589864
low_downforce,minimum-wing,0,525,346.021975188
low_downforce,minimum-wing,0,530,346.079649894
low_downforce,minimum-wing,0,535,346.136622772
low_downforce,minimum-wing,0,540,346.192902499
low_downforce,minimum-wing,0,545,346.24849764
low_downforce,minimum-wing,0,550,346.303416654
low_downforce,minimum-wing,0,555,346.357667889
low_downforce,minimum-wing,0,560,346.41125959
low_downforce,minimum-wing,0,565,346.464199893
low_downforce,minimum-wing,0,570,346.516496836
low_downforce,minimum-wing,0,575,346.56815835
low_downforce,minimum-wing,0,580,346.619192269
low_downforce,minimum-wing,0,585,346.669606326
low_downforce,minimum-wing,0,590,346.719408156
low_downforce,minimum-wing,0,595,346.768605298
low_downforce,minimum-wing,0,600,346.817205195
low_downforce,minimum-wing,0,605,346.865215196
low_downforce,minimum-wing,0,610,346.912642558
low_downforce,minimum-wing,0,615,346.959494446
low_downforce,minimum-wing,0,620,347.005777934
low_downforce,minimum-wing,0,625,347.051500007
low_downforce,minimum-wing,0,630,347.096667563
low_downforce,minimum-wing,0,635,347.141287411
low_downforce,minimum-wing,0,640,347.185366276
low_downforce,minimum-wing,0,645,347.228910799
low_downforce,minimum-wing,0,650,347.271927536
low_downforce,minimum-wing,0,655,347.314422961
low_downforce,minimum-wing,0,660,347.356403467
low_downforce,minimum-wing,0,665,347.397875366
low_downforce,minimum-wing,0,670,347.438844893
low_downforce,minimum-wing,0,675,347.479318202
low_downforce,minimum-wing,0,680,347.519301372
low_downforce,minimum-wing,0,685,347.558800405
low_downforce,minimum-wing,0,690,347.597821227
low_downforce,minimum-wing,0,695,347.636369693
low_downforce,minimum-wing,0,700,347.674451581
low_downforce,minimum-wing,0,705,347.712072599
low_downforce,minimum-wing,0,710,347.749238384
low_downforce,minimum-wing,0,715,347.7859545
low_downforce,minimum-wing,0,720,347.822226446
low_downforce,minimum-wing,0,725,347.858059647
low_downforce,minimum-wing,0,730,347.893459466
low_downforce,minimum-wing,0,735,347.928431194
low_downforce,minimum-wing,0,740,347.962980061
low_downforce,minimum-wing,0,745,347.997111227
low_downforce,minimum-wing,0,750,348.030829793
low_downforce,minimum-wing,0,755,348.064140791
low_downforce,minimum-wing,0,760,348.097049195
low_downforce,minimum-wing,0,765,348.129559916
low_downforce,minimum-wing,0,770,348.161677802
low_downforce,minimum-wing,0,775,348.193407644
low_downforce,minimum-wing,0,780,348.22475417
low_downforce,minimum-wing,0,785,348.255722053
low_downforce,minimum-wing,0,790,348.286315905
low_downforce,minimum-wing,0,795,348.316540283
low_downforce,minimum-wing,0,800,348.346399687
low_downforce,minimum-wing,0,805,348.375898561
low_downforce,minimum-wing,0,810,348.405041293
low_downforce,minimum-wing,0,815,348.433832219
low_downforce,minimum-wing,0,820,348.46227562
low_downforce,minimum-wing,0,825,348.490375723
low_downforce,minimum-wing,0,830,348.518136705
low_downforce,minimum-wing,0,835,348.54556269
low_downforce,minimum-wing,0,840,348.572657752
low_downforce,minimum-wing,0,845,348.599425914
low_downforce,minimum-wing,0,850,348.62587115
low_downforce,minimum-wing,0,855,348.651997383
low_downforce,minimum-wing,0,860,348.67780849
low_downforce,minimum-wing,0,865,348.7033083
low_downforce,minimum-wing,0,870,348.728500593
low_downforce,minimum-wing,0,875,348.753389105
low_downforce,minimum-wing,0,880,348.777977524
low_downforce,minimum-wing,0,885,348.802269492
low_downforce,minimum-wing,0,890,348.826268609
low_downforce,minimum-wing,0,895,348.849978429
low_downforce,minimum-wing,0,900,348.873402462
low_downforce,minimum-wing,0,905,348.896544176
low_downforce,minimum-wing,0,910,348.919406994
low_downforce,minimum-wing,0,915,348.9419943
low_downforce,minimum-wing,0,920,348.964309435
low_downforce,minimum-wing,0,925,348.986355699
low_downforce,minimum-wing,0,930,349.008136351
low_downforce,minimum-wing,0,935,349.029654611
low_downforce,minimum-wing,0,940,349.050913659
low_downforce,minimum-wing,0,945,349.071916635
low_downforce,minimum-wing,0,950,349.092666644
low_downforce,minimum-wing,0,955,349.113166748
low_downforce,minimum-wing,0,960,349.133419975
low_downforce,minimum-wing,0,965,349.153429315
low_downforce,minimum-wing,0,970,349.173197721
low_downforce,minimum-wing,0,975,349.192728111
low_downforce,minimum-wing,0,980,349.212023365
low_downforce,minimum-wing,0,985,349.23108633
low_downforce,minimum-wing,0,990,349.249919817
low_downforce,minimum-wing,0,995,349.268526604
low_downforce,minimum-wing,0,1000,349.286909432
low_downforce,minimum-wing,0,1005,349.305071012
low_downforce,minimum-wing,0,1010,349.32301402
low_downforce,minimum-wing,0,1015,349.3407411
low_downforce,minimum-wing,0,1020,349.358254862
low_downforce,minimum-wing,0,1025,349.375557887
low_downforce,minimum-wing,0,1030,349.392652723
low_downforce,minimum-wing,0,1035,349.409541886
low_downforce,minimum-wing,0,1040,349.426227862
low_downforce,minimum-wing,0,1045,349.442713108
low_downforce,minimum-wing,0,1050,349.459000049
low_downforce,minimum-wing,0,1055,349.475091081
low_downforce,minimum-wing,0,1060,349.490988572
low_downforce,minimum-wing,0,1065,349.50669486
low_downforce,minimum-wing,0,1070,349.522212255
low_downforce,minimum-wing,0,1075,349.537543038
low_downforce,minimum-wing,0,1080,349.552689462
low_downforce,minimum-wing,0,1085,349.567653755
low_downforce,minimum-wing,0,1090,349.582438116
low_downforce,minimum-wing,0,1095,349.597044716
low_downforce,minimum-wing,0,1100,349.611475703
low_downforce,minimum-wing,0,1105,349.625733195
low_downforce,minimum-wing,0,1110,349.639819287
low_downforce,minimum-wing,0,1115,349.653736048
low_downforce,minimum-wing,0,1120,349.667485521
low_downforce,minimum-wing,0,1125,349.681069725
low_downforce,minimum-wing,0,1130,349.694490654
low_downforce,minimum-wing,0,1135,349.707750277
low_downforce,minimum-wing,0,1140,349.720850541
low_downforce,minimum-wing,0,1145,349.733793367
low_downforce,minimum-wing,0,1150,349.746580655
low_downforce,minimum-wing,0,1155,349.759214281
low_downforce,minimum-wing,0,1160,349.771696097
low_downforce,minimum-wing,0,1165,343.210898073
low_downforce,minimum-wing,0,1170,334.300923367
low_downforce,minimum-wing,0,1175,325.237024679
low_downforce,minimum-wing,0,1180,316.005056491
low_downforce,minimum-wing,0,1185,306.588916972
low_downforce,minimum-wing,0,1190,296.970147783
low_downforce,minimum-wing,0,1195,287.127422495
low_downforce,minimum-wing,0,1200,277.035883296
low_downforce,minimum-wing,0,1205,277.035883296
low_downforce,minimum-wing,0,1210,277.035883296
low_downforce,minimum-wing,0,1215,277.035883296
low_downforce,minimum-wing,0,1220,277.035883296
low_downforce,minimum-wing,0,1225,277.035883296
low_downforce,minimum-wing,0,1230,277.035883296
low_downforce,minimum-wing,0,1235,277.035883296
low_downforce,minimum-wing,0,1240,277.035883296
low_downforce,minimum-wing,0,1245,277.035883296
low_downforce,minimum-wing,0,1250,277.035883296
low_downforce,minimum-wing,0,1255,277.035883296
low_downforce,minimum-wing,0,1260,277.035883296
low_downforce,minimum-wing,0,1265,277.035883296
low_downforce,minimum-wing,0,1270,277.035883296
low_downforce,minimum-wing,0,1275,277.035883296
low_downforce,minimum-wing,0,1280,277.035883296
low_downforce,minimum-wing,0,1285,277.035883296
low_downforce,minimum-wing,0,1290,277.035883296
low_downforce,minimum-wing,0,1295,277.035883296
low_downforce,minimum-wing,0,1300,277.035883296
low_downforce,minimum-wing,0,1305,277.035883296
low_downforce,minimum-wing,0,1310,277.035883296
low_downforce,minimum-wing,0,1315,277.035883296
low_downforce,minimum-wing,0,1320,277.035883296
low_downforce,minimum-wing,0,1325,277.035883296
low_downforce,minimum-wing,0,1330,277.035883296
low_downforce,minimum-wing,0,1335,277.035883296
low_downforce,minimum-wing,0,1340,277.035883296
low_downforce,minimum-wing,0,1345,277.035883296
low_downforce,minimum-wing,0,1350,277.035883296
low_downforce,minimum-wing,0,1355,277.035883296
low_downforce,minimum-wing,0,1360,277.035883296
low_downforce,minimum-wing,0,1365,277.035883296
low_downforce,minimum-wing,0,1370,277.035883296
low_downforce,minimum-wing,0,1375,277.035883296
low_downforce,minimum-wing,0,1380,277.035883296
low_downforce,minimum-wing,0,1385,277.035883296
low_downforce,minimum-wing,0,1390,277.035883296
low_downforce,minimum-wing,0,1395,277.035883296
low_downforce,minimum-wing,0,1400,277.035883296
low_downforce,minimum-wing,0,1405,277.035883296
low_downforce,minimum-wing,0,1410,277.035883296
low_downforce,minimum-wing,0,1415,277.035883296
low_downforce,minimum-wing,0,1420,277.035883296
low_downforce,minimum-wing,0,1425,277.035883296
low_downforce,minimum-wing,0,1430,277.035883296
low_downforce,minimum-wing,0,1435,277.035883296
low_downforce,minimum-wing,0,1440,277.035883296
low_downforce,minimum-wing,0,1445,277.035883296
low_downforce,minimum-wing,0,1450,277.035883296
low_downforce,minimum-wing,0,1455,277.035883296
low_downforce,minimum-wing,0,1460,277.035883296
low_downforce,minimum-wing,0,1465,277.035883296
low_downforce,minimum-wing,0,1470,277.035883296
low_downforce,minimum-wing,0,1475,277.035883296
low_downforce,minimum-wing,0,1480,277.035883296
low_downforce,minimum-wing,0,1485,277.035883296
low_downforce,minimum-wing,0,1490,277.035883296
low_downforce,minimum-wing,0,1495,277.035883296
low_downforce,minimum-wing,0,1500,277.035883296
low_downforce,minimum-wing,0,1505,277.035883296
low_downforce,minimum-wing,0,1510,277.035883296
low_downforce,minimum-wing,0,1515,277.035883296
low_downforce,minimum-wing,0,1520,277.035883296
low_downforce,minimum-wing,0,1525,277.035883296
low_downforce,minimum-wing,0,1530,277.035883296
low_downforce,minimum-wing,0,1535,277.035883296
low_downforce,minimum-wing,0,1540,277.035883296
low_downforce,minimum-wing,0,1545,277.035883296
low_downforce,minimum-wing,0,1550,277.035883296
low_downforce,minimum-wing,0,1555,277.035883296
low_downforce,minimum-wing,0,1560,277.035883296
low_downforce,minimum-wing,0,1565,278.384471059
low_downforce,minimum-wing,0,1570,279.707871139
low_downforce,minimum-wing,0,1575,281.006725693
low_downforce,minimum-wing,0,1580,282.281653096
low_downforce,minimum-wing,0,1585,283.533249162
low_downforce,minimum-wing,0,1590,284.762088289
low_downforce,minimum-wing,0,1595,285.968724532
low_downforce,minimum-wing,0,1600,287.153692599
low_downforce,minimum-wing,0,1605,288.317508789
low_downforce,minimum-wing,0,1610,289.457354808
low_downforce,minimum-wing,0,1615,290.573633355
low_downforce,minimum-wing,0,1620,291.666966466
low_downforce,minimum-wing,0,1625,292.737953608
low_downforce,minimum-wing,0,1630,293.787172791
low_downforce,minimum-wing,0,1635,294.815181619
low_downforce,minimum-wing,0,1640,295.822518263
low_downforce,minimum-wing,0,1645,296.809702386
low_downforce,minimum-wing,0,1650,297.777236003
low_downforce,minimum-wing,0,1655,298.725604295
low_downforce,minimum-wing,0,1660,299.655276373
low_downforce,minimum-wing,0,1665,300.566705996
low_downforce,minimum-wing,0,1670,301.460332249
low_downforce,minimum-wing,0,1675,302.336580184
low_downforce,minimum-wing,0,1680,303.195861421
low_downforce,minimum-wing,0,1685,304.038574721
low_downforce,minimum-wing,0,1690,304.865106526
low_downforce,minimum-wing,0,1695,305.675831463
low_downforce,minimum-wing,0,1700,306.471112834
low_downforce,minimum-wing,0,1705,307.251303071
low_downforce,minimum-wing,0,1710,308.016744169
low_downforce,minimum-wing,0,1715,308.767768096
low_downforce,minimum-wing,0,1720,309.504697191
low_downforce,minimum-wing,0,1725,310.227844524
low_downforce,minimum-wing,0,1730,310.93751426
low_downforce,minimum-wing,0,1735,311.634001985
low_downforce,minimum-wing,0,1740,312.317595033
low_downforce,minimum-wing,0,1745,312.988572785
low_downforce,minimum-wing,0,1750,313.64720696
low_downforce,minimum-wing,0,1755,314.293761893
low_downforce,minimum-wing,0,1760,314.928494794
low_downforce,minimum-wing,0,1765,315.551656005
low_downforce,minimum-wing,0,1770,316.163489236
low_downforce,minimum-wing,0,1775,316.764231792
low_downforce,minimum-wing,0,1780,317.354114801
low_downforce,minimum-wing,0,1785,317.933363411
low_downforce,minimum-wing,0,1790,318.502197003
low_downforce,minimum-wing,0,1795,319.060829372
low_downforce,minimum-wing,0,1800,319.609468917
low_downforce,minimum-wing,0,1805,320.148318816
low_downforce,minimum-wing,0,1810,320.67757719
low_downforce,minimum-wing,0,1815,321.197437273
low_downforce,minimum-wing,0,1820,321.708087558
low_downforce,minimum-wing,0,1825,322.209711952
low_downforce,minimum-wing,0,1830,322.702489916
low_downforce,minimum-wing,0,1835,323.186596602
low_downforce,minimum-wing,0,1840,323.662202987
low_downforce,minimum-wing,0,1845,324.129475995
low_downforce,minimum-wing,0,1850,324.588578624
low_downforce,minimum-wing,0,1855,325.039670059
low_downforce,minimum-wing,0,1860,325.482905789
low_downforce,minimum-wing,0,1865,325.918437709
low_downforce,minimum-wing,0,1870,326.346414229
low_downforce,minimum-wing,0,1875,326.766980374
low_downforce,minimum-wing,0,1880,327.180277881
low_downforce,minimum-wing,0,1885,327.586445289
low_downforce,minimum-wing,0,1890,327.985618033
low_downforce,minimum-wing,0,1895,328.377928529
low_downforce,minimum-wing,0,1900,328.763506258
low_downforce,minimum-wing,0,1905,329.142477845
low_downforce,minimum-wing,0,1910,329.514967142
low_downforce,minimum-wing,0,1915,329.881095296
low_downforce,minimum-wing,0,1920,330.240980827
low_downforce,minimum-wing,0,1925,330.594739698
low_downforce,minimum-wing,0,1930,330.942485379
low_downforce,minimum-wing,0,1935,331.284328918
low_downforce,minimum-wing,0,1940,331.620378999
low_downforce,minimum-wing,0,1945,331.86933158
low_downforce,minimum-wing,0,1950,332.115087603
low_downforce,minimum-wing,0,1955,332.357691002
low_downforce,minimum-wing,0,1960,332.597185031
low_downforce,minimum-wing,0,1965,332.833612275
low_downforce,minimum-wing,0,1970,333.067014661
low_downforce,minimum-wing,0,1975,333.297433476
low_downforce,minimum-wing,0,1980,333.524909372
low_downforce,minimum-wing,0,1985,333.749482381
low_downforce,minimum-wing,0,1990,333.971191926
low_downforce,minimum-wing,0,1995,334.190076831
low_downforce,minimum-wing,0,2000,334.406175334
low_downforce,minimum-wing,0,2005,334.619525094
low_downforce,minimum-wing,0,2010,334.830163205
low_downforce,minimum-wing,0,2015,335.038126204
low_downforce,minimum-wing,0,2020,335.24345008
low_downforce,minimum-wing,0,2025,335.446170286
low_downforce,minimum-wing,0,2030,335.646321748
low_downforce,minimum-wing,0,2035,335.843938872
low_downforce,minimum-wing,0,2040,336.039055555
low_downforce,minimum-wing,0,2045,336.231705195
low_downforce,minimum-wing,0,2050,336.421920695
low_downforce,minimum-wing,0,2055,336.609734477
low_downforce,minimum-wing,0,2060,336.795178488
low_downforce,minimum-wing,0,2065,336.978284206
low_downforce,minimum-wing,0,2070,337.159082651
low_downforce,minimum-wing,0,2075,337.337604391
low_downforce,minimum-wing,0,2080,337.513879551
low_downforce,minimum-wing,0,2085,337.687937819
low_downforce,minimum-wing,0,2090,337.859808455
low_downforce,minimum-wing,0,2095,338.029520297
low_downforce,minimum-wing,0,2100,338.197101768
low_downforce,minimum-wing,0,2105,338.362580881
low_downforce,minimum-wing,0,2110,338.525985251
low_downforce,minimum-wing,0,2115,338.687342098
low_downforce,minimum-wing,0,2120,338.846678252
low_downforce,minimum-wing,0,2125,339.004020161
low_downforce,minimum-wing,0,2130,339.159393901
low_downforce,minimum-wing,0,2135,339.312825176
low_downforce,minimum-wing,0,2140,339.464339325
low_downforce,minimum-wing,0,2145,339.613961332
low_downforce,minimum-wing,0,2150,339.761715829
low_downforce,minimum-wing,0,2155,339.9076271
low_downforce,minimum-wing,0,2160,340.05171909
low_downforce,minimum-wing,0,2165,340.194015408
low_downforce,minimum-wing,0,2170,340.334539333
low_downforce,minimum-wing,0,2175,340.473313818
low_downforce,minimum-wing,0,2180,340.6103615
low_downforce,minimum-wing,0,2185,340.745704698
low_downforce,minimum-wing,0,2190,340.879365423
low_downforce,minimum-wing,0,2195,341.011365379
low_downforce,minimum-wing,0,2200,341.141725974
low_downforce,minimum-wing,0,2205,341.270468316
low_downforce,minimum-wing,0,2210,341.397613226
low_downforce,minimum-wing,0,2215,341.523181236
low_downforce,minimum-wing,0,2220,341.647192598
low_downforce,minimum-wing,0,2225,341.769667285
low_downforce,minimum-wing,0,2230,341.890624996
low_downforce,minimum-wing,0,2235,342.010085164
low_downforce,minimum-wing,0,2240,342.128066953
low_downforce,minimum-wing,0,2245,342.24458927
low_downforce,minimum-wing,0,2250,342.359670761
low_downforce,minimum-wing,0,2255,342.473329821
low_downforce,minimum-wing,0,2260,342.585584596
low_downforce,minimum-wing,0,2265,342.696452984
low_downforce,minimum-wing,0,2270,342.805952645
low_downforce,minimum-wing,0,2275,342.914100996
low_downforce,minimum-wing,0,2280,343.020915223
low_downforce,minimum-wing,0,2285,343.126412279
low_downforce,minimum-wing,0,2290,343.230608889
low_downforce,minimum-wing,0,2295,343.333521555
low_downforce,minimum-wing,0,2300,343.435166555
low_downforce,minimum-wing,0,2305,343.535559953
low_downforce,minimum-wing,0,2310,343.634717595
low_downforce,minimum-wing,0,2315,343.732655117
low_downforce,minimum-wing,0,2320,343.829387947
low_downforce,minimum-wing,0,2325,343.924931306
low_downforce,minimum-wing,0,2330,344.019300214
low_downforce,minimum-wing,0,2335,344.112509491
low_downforce,minimum-wing,0,2340,344.204573761
low_downforce,minimum-wing,0,2345,344.295507453
low_downforce,minimum-wing,0,2350,344.385324807
low_downforce,minimum-wing,0,2355,344.474039872
low_downforce,minimum-wing,0,2360,344.561666516
low_downforce,minimum-wing,0,2365,344.648218419
low_downforce,minimum-wing,0,2370,344.733709085
low_downforce,minimum-wing,0,2375,344.818151838
low_downforce,minimum-wing,0,2380,344.901559828
low_downforce,minimum-wing,0,2385,344.983946032
low_downforce,minimum-wing,0,2390,345.065323258
low_downforce,minimum-wing,0,2395,345.145704144
low_downforce,minimum-wing,0,2400,345.225101164
low_downforce,minimum-wing,0,2405,345.303526631
low_downforce,minimum-wing,0,2410,345.380992694
low_downforce,minimum-wing,0,2415,345.457511344
low_downforce,minimum-wing,0,2420,345.533094419
low_downforce,minimum-wing,0,2425,345.607753599
low_downforce,minimum-wing,0,2430,345.681500415
low_downforce,minimum-wing,0,2435,343.033585565
low_downforce,minimum-wing,0,2440,334.132033135
low_downforce,minimum-wing,0,2445,325.076813394
low_downforce,minimum-wing,0,2450,315.853809902
low_downforce,minimum-wing,0,2455,306.446955038
low_downforce,minimum-wing,0,2460,296.837831098
low_downforce,minimum-wing,0,2465,287.005160416
low_downforce,minimum-wing,0,2470,276.924144393
low_downforce,minimum-wing,0,2475,266.565592882
low_downforce,minimum-wing,0,2480,255.894756618
low_downforce,minimum-wing,0,2485,244.869728852
low_downforce,minimum-wing,0,2490,233.439204708
low_downforce,minimum-wing,0,2495,221.590163773
low_downforce,minimum-wing,0,2500,209.771931639
low_downforce,minimum-wing,0,2505,197.952142162
low_downforce,minimum-wing,0,2510,186.092119712
low_downforce,minimum-wing,0,2515,186.092119712
low_downforce,minimum-wing,0,2520,186.092119712
low_downforce,minimum-wing,0,2525,186.092119712
low_downforce,minimum-wing,0,2530,186.092119712
low_downforce,minimum-wing,0,2535,186.092119712
low_downforce,minimum-wing,0,2540,186.092119712
low_downforce,minimum-wing,0,2545,186.092119712
low_downforce,minimum-wing,0,2550,186.092119712
low_downforce,minimum-wing,0,2555,186.092119712
low_downforce,minimum-wing,0,2560,186.092119712
low_downforce,minimum-wing,0,2565,186.092119712
low_downforce,minimum-wing,0,2570,186.092119712
low_downforce,minimum-wing,0,2575,186.092119712
low_downforce,minimum-wing,0,2580,186.092119712
low_downforce,minimum-wing,0,2585,186.092119712
low_downforce,minimum-wing,0,2590,186.092119712
low_downforce,minimum-wing,0,2595,186.092119712
low_downforce,minimum-wing,0,2600,186.092119712
low_downforce,minimum-wing,0,2605,186.092119712
low_downforce,minimum-wing,0,2610,186.092119712
low_downforce,minimum-wing,0,2615,186.092119712
low_downforce,minimum-wing,0,2620,186.092119712
low_downforce,minimum-wing,0,2625,186.092119712
low_downforce,minimum-wing,0,2630,186.092119712
low_downforce,minimum-wing,0,2635,186.092119712
low_downforce,minimum-wing,0,2640,186.092119712
low_downforce,minimum-wing,0,2645,186.092119712
low_downforce,minimum-wing,0,2650,186.092119712
low_downforce,minimum-wing,0,2655,186.092119712
low_downforce,minimum-wing,0,2660,186.092119712
low_downforce,minimum-wing,0,2665,186.092119712
low_downforce,minimum-wing,0,2670,186.092119712
low_downforce,minimum-wing,0,2675,186.092119712
low_downforce,minimum-wing,0,2680,186.092119712
low_downforce,minimum-wing,0,2685,186.092119712
low_downforce,minimum-wing,0,2690,186.092119712
low_downforce,minimum-wing,0,2695,186.092119712
low_downforce,minimum-wing,0,2700,186.092119712
low_downforce,minimum-wing,0,2705,186.092119712
low_downforce,minimum-wing,0,2710,186.092119712
low_downforce,minimum-wing,0,2715,186.092119712
low_downforce,minimum-wing,0,2720,186.092119712
low_downforce,minimum-wing,0,2725,186.092119712
low_downforce,minimum-wing,0,2730,186.092119712
low_downforce,minimum-wing,0,2735,186.092119712
low_downforce,minimum-wing,0,2740,186.092119712
low_downforce,minimum-wing,0,2745,186.092119712
low_downforce,minimum-wing,0,2750,186.092119712
low_downforce,minimum-wing,0,2755,191.276059967
low_downforce,minimum-wing,0,2760,196.128199424
low_downforce,minimum-wing,0,2765,200.683519661
low_downforce,minimum-wing,0,2770,204.971506916
low_downforce,minimum-wing,0,2775,208.657369259
low_downforce,minimum-wing,0,2780,212.212050937
low_downforce,minimum-wing,0,2785,215.64381337
low_downforce,minimum-wing,0,2790,218.960096287
low_downforce,minimum-wing,0,2795,222.167628955
low_downforce,minimum-wing,0,2800,225.272522692
low_downforce,minimum-wing,0,2805,228.280348366
low_downforce,minimum-wing,0,2810,231.196201777
low_downforce,minimum-wing,0,2815,234.009354022
low_downforce,minimum-wing,0,2820,236.723557474
low_downforce,minimum-wing,0,2825,239.344154095
low_downforce,minimum-wing,0,2830,241.876050515
low_downforce,minimum-wing,0,2835,244.323766396
low_downforce,minimum-wing,0,2840,246.691476077
low_downforce,minimum-wing,0,2845,248.983044592
low_downforce,minimum-wing,0,2850,251.202058969
low_downforce,minimum-wing,0,2855,253.351855554
low_downforce,minimum-wing,0,2860,255.435543954
low_downforce,minimum-wing,0,2865,257.456028097
low_downforce,minimum-wing,0,2870,259.416024831
low_downforce,minimum-wing,0,2875,261.318080396
low_downforce,minimum-wing,0,2880,263.164585072
low_downforce,minimum-wing,0,2885,264.95778623
low_downforce,minimum-wing,0,2890,266.52834234
low_downforce,minimum-wing,0,2895,268.067672229
low_downforce,minimum-wing,0,2900,269.576660069
low_downforce,minimum-wing,0,2905,271.056152737
low_downforce,minimum-wing,0,2910,272.506962006
low_downforce,minimum-wing,0,2915,273.929866577
low_downforce,minimum-wing,0,2920,275.32561395
low_downforce,minimum-wing,0,2925,276.694922174
low_downforce,minimum-wing,0,2930,278.038481459
low_downforce,minimum-wing,0,2935,279.35695568
low_downforce,minimum-wing,0,2940,280.650983776
low_downforce,minimum-wing,0,2945,281.921181051
low_downforce,minimum-wing,0,2950,283.168140395
low_downforce,minimum-wing,0,2955,284.392433412
low_downforce,minimum-wing,0,2960,285.594611488
low_downforce,minimum-wing,0,2965,286.77520678
low_downforce,minimum-wing,0,2970,287.934733146
low_downforce,minimum-wing,0,2975,289.071536034
low_downforce,minimum-wing,0,2980,290.184829418
low_downforce,minimum-wing,0,2985,291.275233736
low_downforce,minimum-wing,0,2990,292.343346922
low_downforce,minimum-wing,0,2995,293.389745518
low_downforce,minimum-wing,0,3000,294.414985717
low_downforce,minimum-wing,0,3005,295.419604336
low_downforce,minimum-wing,0,3010,296.404119739
low_downforce,minimum-wing,0,3015,297.369032689
low_downforce,minimum-wing,0,3020,298.314827165
low_downforce,minimum-wing,0,3025,299.241971117
low_downforce,minimum-wing,0,3030,300.15091719
low_downforce,minimum-wing,0,3035,301.042103392
low_downforce,minimum-wing,0,3040,301.915953738
low_downforce,minimum-wing,0,3045,302.772878849
low_downforce,minimum-wing,0,3050,303.613276519
low_downforce,minimum-wing,0,3055,304.437532255
low_downforce,minimum-wing,0,3060,305.246019785
low_downforce,minimum-wing,0,3065,306.039101538
low_downforce,minimum-wing,0,3070,306.817129103
low_downforce,minimum-wing,0,3075,307.580443659
low_downforce,minimum-wing,0,3080,308.329376385
low_downforce,minimum-wing,0,3085,309.064248853
low_downforce,minimum-wing,0,3090,309.785373395
low_downforce,minimum-wing,0,3095,310.493053455
low_downforce,minimum-wing,0,3100,311.187583924
low_downforce,minimum-wing,0,3105,311.869251459
low_downforce,minimum-wing,0,3110,312.538334786
low_downforce,minimum-wing,0,3115,313.195104988
low_downforce,minimum-wing,0,3120,313.83982578
low_downforce,minimum-wing,0,3125,314.472753773
low_downforce,minimum-wing,0,3130,315.094138725
low_downforce,minimum-wing,0,3135,315.704223777
low_downforce,minimum-wing,0,3140,316.303245686
low_downforce,minimum-wing,0,3145,316.89143504
low_downforce,minimum-wing,0,3150,317.469016468
low_downforce,minimum-wing,0,3155,318.036208839
low_downforce,minimum-wing,0,3160,318.593225456
low_downforce,minimum-wing,0,3165,319.140274235
low_downforce,minimum-wing,0,3170,319.677557884
low_downforce,minimum-wing,0,3175,320.20527407
low_downforce,minimum-wing,0,3180,320.723615576
low_downforce,minimum-wing,0,3185,321.232770465
low_downforce,minimum-wing,0,3190,321.732922217
low_downforce,minimum-wing,0,3195,322.224249881
low_downforce,minimum-wing,0,3200,322.706928205
low_downforce,minimum-wing,0,3205,323.181127772
low_downforce,minimum-wing,0,3210,323.647015124
low_downforce,minimum-wing,0,3215,324.104752882
low_downforce,minimum-wing,0,3220,324.554499865
low_downforce,minimum-wing,0,3225,324.996411204
low_downforce,minimum-wing,0,3230,325.430638444
low_downforce,minimum-wing,0,3235,325.857329655
low_downforce,minimum-wing,0,3240,326.276629527
low_downforce,minimum-wing,0,3245,326.68867947
low_downforce,minimum-wing,0,3250,327.093617704
low_downforce,minimum-wing,0,3255,327.491579354
low_downforce,minimum-wing,0,3260,327.882696528
low_downforce,minimum-wing,0,3265,328.26709841
low_downforce,minimum-wing,0,3270,328.644911333
low_downforce,minimum-wing,0,3275,329.016258861
low_downforce,minimum-wing,0,3280,329.381261863
low_downforce,minimum-wing,0,3285,329.740038585
low_downforce,minimum-wing,0,3290,330.092704721
low_downforce,minimum-wing,0,3295,330.439373478
low_downforce,minimum-wing,0,3300,330.780155647
low_downforce,minimum-wing,0,3305,331.115159661
low_downforce,minimum-wing,0,3310,331.444491658
low_downforce,minimum-wing,0,3315,331.686127339
low_downforce,minimum-wing,0,3320,331.924665227
low_downforce,minimum-wing,0,3325,332.160147754
low_downforce,minimum-wing,0,3330,332.392616698
low_downforce,minimum-wing,0,3335,332.622113196
low_downforce,minimum-wing,0,3340,332.848677755
low_downforce,minimum-wing,0,3345,333.072350263
low_downforce,minimum-wing,0,3350,333.293170002
low_downforce,minimum-wing,0,3355,333.511175657
low_downforce,minimum-wing,0,3360,333.726405329
low_downforce,minimum-wing,0,3365,333.938896541
low_downforce,minimum-wing,0,3370,334.148686255
low_downforce,minimum-wing,0,3375,334.355810877
low_downforce,minimum-wing,0,3380,334.560306268
low_downforce,minimum-wing,0,3385,334.762207753
low_downforce,minimum-wing,0,3390,334.961550133
low_downforce,minimum-wing,0,3395,335.158367691
low_downforce,minimum-wing,0,3400,335.352694203
low_downforce,minimum-wing,0,3405,335.544562946
low_downforce,minimum-wing,0,3410,335.734006708
low_downforce,minimum-wing,0,3415,335.921057793
low_downforce,minimum-wing,0,3420,336.105748033
low_downforce,minimum-wing,0,3425,336.288108794
low_downforce,minimum-wing,0,3430,336.468170985
low_downforce,minimum-wing,0,3435,336.645965066
low_downforce,minimum-wing,0,3440,336.821521052
low_downforce,minimum-wing,0,3445,336.994868527
low_downforce,minimum-wing,0,3450,337.166036644
low_downforce,minimum-wing,0,3455,337.335054139
low_downforce,minimum-wing,0,3460,337.501949331
low_downforce,minimum-wing,0,3465,337.666750137
low_downforce,minimum-wing,0,3470,337.829484069
low_downforce,minimum-wing,0,3475,337.990178251
low_downforce,minimum-wing,0,3480,338.148859417
low_downforce,minimum-wing,0,3485,338.30555392
low_downforce,minimum-wing,0,3490,338.460287743
low_downforce,minimum-wing,0,3495,338.613086496
low_downforce,minimum-wing,0,3500,338.763975429
low_downforce,minimum-wing,0,3505,338.912979436
low_downforce,minimum-wing,0,3510,339.06012306
low_downforce,minimum-wing,0,3515,339.205430499
low_downforce,minimum-wing,0,3520,339.34892561
low_downforce,minimum-wing,0,3525,339.490631919
low_downforce,minimum-wing,0,3530,339.63057262
low_downforce,minimum-wing,0,3535,339.761291566
low_downforce,minimum-wing,0,3540,339.890386242
low_downforce,minimum-wing,0,3545,340.017877569
low_downforce,minimum-wing,0,3550,340.143786181
low_downforce,minimum-wing,0,3555,340.268132428
low_downforce,minimum-wing,0,3560,340.390936381
low_downforce,minimum-wing,0,3565,340.512217834
low_downforce,minimum-wing,0,3570,340.613734945
low_downforce,minimum-wing,0,3575,340.643403466
low_downforce,minimum-wing,0,3580,340.643403466
low_downforce,minimum-wing,0,3585,340.643403466
low_downforce,minimum-wing,0,3590,340.643403466
low_downforce,minimum-wing,0,3595,340.643403466
low_downforce,minimum-wing,0,3600,340.643403466
low_downforce,minimum-wing,0,3605,340.643403466
low_downforce,minimum-wing,0,3610,340.643403466
low_downforce,minimum-wing,0,3615,340.643403466
low_downforce,minimum-wing,0,3620,340.643403466
low_downforce,minimum-wing,0,3625,340.643403466
low_downforce,minimum-wing,0,3630,340.643403466
low_downforce,minimum-wing,0,3635,340.643403466
low_downforce,minimum-wing,0,3640,340.643403466
low_downforce,minimum-wing,0,3645,340.643403466
low_downforce,minimum-wing,0,3650,340.643403466
low_downforce,minimum-wing,0,3655,340.643403466
low_downforce,minimum-wing,0,3660,340.643403466
low_downforce,minimum-wing,0,3665,340.643403466
low_downforce,minimum-wing,0,3670,340.643403466
low_downforce,minimum-wing,0,3675,340.643403466
low_downforce,minimum-wing,0,3680,340.643403466
low_downforce,minimum-wing,0,3685,340.643403466
low_downforce,minimum-wing,0,3690,340.643403466
low_downforce,minimum-wing,0,3695,340.643403466
low_downforce,minimum-wing,0,3700,340.643403466
low_downforce,minimum-wing,0,3705,340.396966016
low_downforce,minimum-wing,0,3710,338.702440247
low_downforce,minimum-wing,0,3715,337.015975544
low_downforce,minimum-wing,0,3720,335.337531683
low_downforce,minimum-wing,0,3725,333.667396939
low_downforce,minimum-wing,0,3730,332.020214903
low_downforce,minimum-wing,0,3735,330.395491554
low_downforce,minimum-wing,0,3740,328.792747015
low_downforce,minimum-wing,0,3745,327.211515056
low_downforce,minimum-wing,0,3750,325.651342618
low_downforce,minimum-wing,0,3755,324.11178935
low_downforce,minimum-wing,0,3760,322.592427178
low_downforce,minimum-wing,0,3765,321.092839877
low_downforce,minimum-wing,0,3770,319.61262267
low_downforce,minimum-wing,0,3775,318.151381839
low_downforce,minimum-wing,0,3780,316.708734352
low_downforce,minimum-wing,0,3785,315.284307506
low_downforce,minimum-wing,0,3790,313.877738583
low_downforce,minimum-wing,0,3795,312.488674521
low_downforce,minimum-wing,0,3800,311.116771593
low_downforce,minimum-wing,0,3805,309.761695107
low_downforce,minimum-wing,0,3810,308.423119107
low_downforce,minimum-wing,0,3815,307.100726095
low_downforce,minimum-wing,0,3820,305.79420676
low_downforce,minimum-wing,0,3825,304.503259714
low_downforce,minimum-wing,0,3830,303.227591241
low_downforce,minimum-wing,0,3835,301.966915057
low_downforce,minimum-wing,0,3840,300.720952078
low_downforce,minimum-wing,0,3845,299.489430191
low_downforce,minimum-wing,0,3850,298.272084044
low_downforce,minimum-wing,0,3855,297.068654833
low_downforce,minimum-wing,0,3860,295.878890104
low_downforce,minimum-wing,0,3865,294.70254356
low_downforce,minimum-wing,0,3870,293.539374872
low_downforce,minimum-wing,0,3875,292.389149505
low_downforce,minimum-wing,0,3880,291.251638536
low_downforce,minimum-wing,0,3885,290.126618498
low_downforce,minimum-wing,0,3890,289.013871207
low_downforce,minimum-wing,0,3895,287.913183616
low_downforce,minimum-wing,0,3900,286.82434766
low_downforce,minimum-wing,0,3905,285.747160113
low_downforce,minimum-wing,0,3910,284.681422444
low_downforce,minimum-wing,0,3915,283.626940691
low_downforce,minimum-wing,0,3920,282.583525324
low_downforce,minimum-wing,0,3925,281.55099111
low_downforce,minimum-wing,0,3930,280.529157011
low_downforce,minimum-wing,0,3935,279.517846052
low_downforce,minimum-wing,0,3940,278.516885214
low_downforce,minimum-wing,0,3945,277.526105318
low_downforce,minimum-wing,0,3950,277.526105318
low_downforce,minimum-wing,0,3955,278.858681657
low_downforce,minimum-wing,0,3960,280.166463958
low_downforce,minimum-wing,0,3965,281.450080112
low_downforce,minimum-wing,0,3970,282.710134955
low_downforce,minimum-wing,0,3975,283.947211442
low_downforce,minimum-wing,0,3980,285.161871749
low_downforce,minimum-wing,0,3985,286.354658302
low_downforce,minimum-wing,0,3990,287.526094739
low_downforce,minimum-wing,0,3995,288.67578419
low_downforce,minimum-wing,0,4000,289.801630588
low_downforce,minimum-wing,0,4005,290.904266389
low_downforce,minimum-wing,0,4010,291.984300945
low_downforce,minimum-wing,0,4015,293.042321661
low_downforce,minimum-wing,0,4020,294.07889507
low_downforce,minimum-wing,0,4025,295.094567841
low_downforce,minimum-wing,0,4030,296.089867726
low_downforce,minimum-wing,0,4035,297.065304448
low_downforce,minimum-wing,0,4040,298.021370537
low_downforce,minimum-wing,0,4045,298.958542113
low_downforce,minimum-wing,0,4050,299.877279629
low_downforce,minimum-wing,0,4055,300.778028561
low_downforce,minimum-wing,0,4060,301.661220072
low_downforce,minimum-wing,0,4065,302.527271626
low_downforce,minimum-wing,0,4070,303.376587576
low_downforce,minimum-wing,0,4075,304.209559716
low_downforce,minimum-wing,0,4080,305.026567802
low_downforce,minimum-wing,0,4085,305.827980053
low_downforce,minimum-wing,0,4090,306.614153614
low_downforce,minimum-wing,0,4095,307.385435
low_downforce,minimum-wing,0,4100,308.142160524
low_downforce,minimum-wing,0,4105,308.884656691
low_downforce,minimum-wing,0,4110,309.613240578
low_downforce,minimum-wing,0,4115,310.328220198
low_downforce,minimum-wing,0,4120,311.029894843
low_downforce,minimum-wing,0,4125,311.718555406
low_downforce,minimum-wing,0,4130,312.394484698
low_downforce,minimum-wing,0,4135,313.057957739
low_downforce,minimum-wing,0,4140,313.709242044
low_downforce,minimum-wing,0,4145,314.348597887
low_downforce,minimum-wing,0,4150,314.976278563
low_downforce,minimum-wing,0,4155,315.592530631
low_downforce,minimum-wing,0,4160,316.197594146
low_downforce,minimum-wing,0,4165,316.791702886
low_downforce,minimum-wing,0,4170,317.375084561
low_downforce,minimum-wing,0,4175,317.947961022
low_downforce,minimum-wing,0,4180,318.510548455
low_downforce,minimum-wing,0,4185,319.063057566
low_downforce,minimum-wing,0,4190,319.605693765
low_downforce,minimum-wing,0,4195,320.138657332
low_downforce,minimum-wing,0,4200,320.662143585
low_downforce,minimum-wing,0,4205,321.176343039
low_downforce,minimum-wing,0,4210,321.681441554
low_downforce,minimum-wing,0,4215,322.177620484
low_downforce,minimum-wing,0,4220,322.665056813
low_downforce,minimum-wing,0,4225,323.143923293
low_downforce,minimum-wing,0,4230,323.614388567
low_downforce,minimum-wing,0,4235,324.076617302
low_downforce,minimum-wing,0,4240,324.530770297
low_downforce,minimum-wing,0,4245,324.977004608
low_downforce,minimum-wing,0,4250,325.41547365
low_downforce,minimum-wing,0,4255,325.846327308
low_downforce,minimum-wing,0,4260,326.269712037
low_downforce,minimum-wing,0,4265,326.685770962
low_downforce,minimum-wing,0,4270,327.094643971
low_downforce,minimum-wing,0,4275,327.496467809
low_downforce,minimum-wing,0,4280,327.891376162
low_downforce,minimum-wing,0,4285,328.279499746
low_downforce,minimum-wing,0,4290,328.660966389
low_downforce,minimum-wing,0,4295,329.035901106
low_downforce,minimum-wing,0,4300,329.40442618
low_downforce,minimum-wing,0,4305,329.766661234
low_downforce,minimum-wing,0,4310,330.122723301
low_downforce,minimum-wing,0,4315,330.472726897
low_downforce,minimum-wing,0,4320,330.816784082
low_downforce,minimum-wing,0,4325,331.155004528
low_downforce,minimum-wing,0,4330,331.487495582
low_downforce,minimum-wing,0,4335,331.732410056
low_downforce,minimum-wing,0,4340,331.974182433
low_downforce,minimum-wing,0,4345,332.212855818
low_downforce,minimum-wing,0,4350,332.448472652
low_downforce,minimum-wing,0,4355,332.68107472
low_downforce,minimum-wing,0,4360,332.910703169
low_downforce,minimum-wing,0,4365,333.137398512
low_downforce,minimum-wing,0,4370,333.361200647
low_downforce,minimum-wing,0,4375,333.582148864
low_downforce,minimum-wing,0,4380,333.800281857
low_downforce,minimum-wing,0,4385,334.015637732
low_downforce,minimum-wing,0,4390,334.228254025
low_downforce,minimum-wing,0,4395,334.438167703
low_downforce,minimum-wing,0,4400,334.64541518
low_downforce,minimum-wing,0,4405,334.850032327
low_downforce,minimum-wing,0,4410,335.052054477
low_downforce,minimum-wing,0,4415,335.251516437
low_downforce,minimum-wing,0,4420,335.448452501
low_downforce,minimum-wing,0,4425,335.642896452
low_downforce,minimum-wing,0,4430,335.834881576
low_downforce,minimum-wing,0,4435,336.024440666
low_downforce,minimum-wing,0,4440,336.211606038
low_downforce,minimum-wing,0,4445,336.39640953
low_downforce,minimum-wing,0,4450,336.578882516
low_downforce,minimum-wing,0,4455,336.759055915
low_downforce,minimum-wing,0,4460,336.936960191
low_downforce,minimum-wing,0,4465,337.112625371
low_downforce,minimum-wing,0,4470,337.286081045
low_downforce,minimum-wing,0,4475,337.457356374
low_downforce,minimum-wing,0,4480,337.626480102
low_downforce,minimum-wing,0,4485,337.793480556
low_downforce,minimum-wing,0,4490,337.95838566
low_downforce,minimum-wing,0,4495,338.121222935
low_downforce,minimum-wing,0,4500,338.282019512
low_downforce,minimum-wing,0,4505,338.440802132
low_downforce,minimum-wing,0,4510,338.597597158
low_downforce,minimum-wing,0,4515,338.752430578
low_downforce,minimum-wing,0,4520,338.905328011
low_downforce,minimum-wing,0,4525,339.056314714
low_downforce,minimum-wing,0,4530,339.205415589
low_downforce,minimum-wing,0,4535,339.352655186
low_downforce,minimum-wing,0,4540,339.49805771
low_downforce,minimum-wing,0,4545,339.641647026
low_downforce,minimum-wing,0,4550,339.783446667
low_downforce,minimum-wing,0,4555,339.923479835
low_downforce,minimum-wing,0,4560,340.061769409
low_downforce,minimum-wing,0,4565,340.19833795
low_downforce,minimum-wing,0,4570,340.333207704
low_downforce,minimum-wing,0,4575,340.466400611
low_downforce,minimum-wing,0,4580,340.597938304
low_downforce,minimum-wing,0,4585,340.727842119
low_downforce,minimum-wing,0,4590,340.856133097
low_downforce,minimum-wing,0,4595,340.98283199
low_downforce,minimum-wing,0,4600,341.107959263
low_downforce,minimum-wing,0,4605,341.231535102
low_downforce,minimum-wing,0,4610,341.353579414
low_downforce,minimum-wing,0,4615,341.474111835
low_downforce,minimum-wing,0,4620,341.593151733
low_downforce,minimum-wing,0,4625,341.710718211
low_downforce,minimum-wing,0,4630,341.826830112
low_downforce,minimum-wing,0,4635,341.941506023
low_downforce,minimum-wing,0,4640,342.054764279
low_downforce,minimum-wing,0,4645,342.166622966
low_downforce,minimum-wing,0,4650,342.277099924
low_downforce,minimum-wing,0,4655,342.386212754
low_downforce,minimum-wing,0,4660,342.493978819
low_downforce,minimum-wing,0,4665,342.600415247
low_downforce,minimum-wing,0,4670,342.705538935
low_downforce,minimum-wing,0,4675,342.809366556
low_downforce,minimum-wing,0,4680,342.911914555
low_downforce,minimum-wing,0,4685,343.01319916
low_downforce,minimum-wing,0,4690,343.11323638
low_downforce,minimum-wing,0,4695,343.212042012
low_downforce,minimum-wing,0,4700,343.309631639
low_downforce,minimum-wing,0,4705,343.406020639
low_downforce,minimum-wing,0,4710,343.501224184
low_downforce,minimum-wing,0,4715,343.595257245
low_downforce,minimum-wing,0,4720,343.688134593
low_downforce,minimum-wing,0,4725,343.779870805
low_downforce,minimum-wing,0,4730,343.870480262
low_downforce,minimum-wing,0,4735,343.959977159
low_downforce,minimum-wing,0,4740,344.048375499
low_downforce,minimum-wing,0,4745,344.135689103
low_downforce,minimum-wing,0,4750,344.221931608
low_downforce,minimum-wing,0,4755,344.307116474
low_downforce,minimum-wing,0,4760,344.391256981
low_downforce,minimum-wing,0,4765,344.474366236
low_downforce,minimum-wing,0,4770,344.556457174
low_downforce,minimum-wing,0,4775,344.637542561
low_downforce,minimum-wing,0,4780,344.717634994
low_downforce,minimum-wing,0,4785,344.796746907
low_downforce,minimum-wing,0,4790,344.874890571
low_downforce,minimum-wing,0,4795,344.952078096
low_downforce,minimum-wing,0,4800,345.028321436
low_downforce,minimum-wing,0,4805,345.103632387
low_downforce,minimum-wing,0,4810,345.178022593
low_downforce,minimum-wing,0,4815,345.251503546
low_downforce,minimum-wing,0,4820,345.324086589
low_downforce,minimum-wing,0,4825,345.395782919
low_downforce,minimum-wing,0,4830,345.466603585
low_downforce,minimum-wing,0,4835,345.536559496
low_downforce,minimum-wing,0,4840,345.605661419
low_downforce,minimum-wing,0,4845,345.673919979
low_downforce,minimum-wing,0,4850,345.741345668
low_downforce,minimum-wing,0,4855,345.807948841
low_downforce,minimum-wing,0,4860,345.873739718
low_downforce,minimum-wing,0,4865,345.93872839
low_downforce,minimum-wing,0,4870,346.002924816
low_downforce,minimum-wing,0,4875,346.066338829
low_downforce,minimum-wing,0,4880,346.128980133
low_downforce,minimum-wing,0,4885,346.190858311
low_downforce,minimum-wing,0,4890,346.251982819
low_downforce,minimum-wing,0,4895,346.312362995
low_downforce,minimum-wing,0,4900,346.372008057
low_downforce,minimum-wing,0,4905,346.430927104
low_downforce,minimum-wing,0,4910,346.48912912
low_downforce,minimum-wing,0,4915,346.546622972
low_downforce,minimum-wing,0,4920,346.603417416
low_downforce,minimum-wing,0,4925,346.659521097
low_downforce,minimum-wing,0,4930,346.714942546
low_downforce,minimum-wing,0,4935,346.769690191
low_downforce,minimum-wing,0,4940,346.823772347
low_downforce,minimum-wing,0,4945,346.877197227
low_downforce,minimum-wing,0,4950,341.610674874
low_downforce,minimum-wing,0,4955,332.679567961
low_downforce,minimum-wing,0,4960,323.592373786
low_downforce,minimum-wing,0,4965,314.334651996
low_downforce,minimum-wing,0,4970,304.889946753
low_downforce,minimum-wing,0,4975,295.239370459
low_downforce,minimum-wing,0,4980,285.361070417
low_downforce,minimum-wing,0,4985,275.22953559
low_downforce,minimum-wing,0,4990,264.814680748
low_downforce,minimum-wing,0,4995,254.080614009
low_downforce,minimum-wing,0,5000,242.98394301
low_downforce,minimum-wing,0,5005,242.98394301
low_downforce,minimum-wing,0,5010,242.98394301
low_downforce,minimum-wing,0,5015,242.98394301
low_downforce,minimum-wing,0,5020,242.98394301
low_downforce,minimum-wing,0,5025,242.98394301
low_downforce,minimum-wing,0,5030,242.98394301
low_downforce,minimum-wing,0,5035,242.98394301
low_downforce,minimum-wing,0,5040,242.98394301
low_downforce,minimum-wing,0,5045,242.98394301
low_downforce,minimum-wing,0,5050,242.98394301
low_downforce,minimum-wing,0,5055,242.98394301
low_downforce,minimum-wing,0,5060,242.98394301
low_downforce,minimum-wing,0,5065,242.98394301
low_downforce,minimum-wing,0,5070,242.98394301
low_downforce,minimum-wing,0,5075,242.98394301
low_downforce,minimum-wing,0,5080,242.98394301
low_downforce,minimum-wing,0,5085,242.98394301
low_downforce,minimum-wing,0,5090,242.98394301
low_downforce,minimum-wing,0,5095,242.98394301
low_downforce,minimum-wing,0,5100,242.98394301
low_downforce,minimum-wing,0,5105,242.98394301
low_downforce,minimum-wing,0,5110,242.98394301
low_downforce,minimum-wing,0,5115,242.98394301
low_downforce,minimum-wing,0,5120,242.98394301
low_downforce,minimum-wing,0,5125,242.98394301
low_downforce,minimum-wing,0,5130,242.98394301
low_downforce,minimum-wing,0,5135,242.98394301
low_downforce,minimum-wing,0,5140,242.98394301
low_downforce,minimum-wing,0,5145,242.98394301
low_downforce,minimum-wing,0,5150,242.98394301
low_downforce,minimum-wing,0,5155,242.98394301
low_downforce,minimum-wing,0,5160,242.98394301
low_downforce,minimum-wing,0,5165,242.98394301
low_downforce,minimum-wing,0,5170,242.98394301
low_downforce,minimum-wing,0,5175,242.98394301
low_downforce,minimum-wing,0,5180,242.98394301
low_downforce,minimum-wing,0,5185,242.98394301
low_downforce,minimum-wing,0,5190,242.98394301
low_downforce,minimum-wing,0,5195,242.98394301
low_downforce,minimum-wing,0,5200,242.98394301
low_downforce,minimum-wing,0,5205,242.98394301
low_downforce,minimum-wing,0,5210,242.98394301
low_downforce,minimum-wing,0,5215,242.98394301
low_downforce,minimum-wing,0,5220,242.98394301
low_downforce,minimum-wing,0,5225,242.98394301
low_downforce,minimum-wing,0,5230,242.98394301
low_downforce,minimum-wing,0,5235,242.98394301
low_downforce,minimum-wing,0,5240,242.98394301
low_downforce,minimum-wing,0,5245,242.98394301
low_downforce,minimum-wing,0,5250,242.98394301
low_downforce,minimum-wing,0,5255,242.98394301
low_downforce,minimum-wing,0,5260,242.98394301
low_downforce,minimum-wing,0,5265,242.98394301
low_downforce,minimum-wing,0,5270,242.98394301
low_downforce,minimum-wing,0,5275,242.98394301
low_downforce,minimum-wing,0,5280,242.98394301
low_downforce,minimum-wing,0,5285,242.98394301
low_downforce,minimum-wing,0,5290,242.98394301
low_downforce,minimum-wing,0,5295,242.98394301
low_downforce,minimum-wing,0,5300,242.98394301
low_downforce,minimum-wing,0,5305,245.397870049
low_downforce,minimum-wing,0,5310,247.733452817
low_downforce,minimum-wing,0,5315,249.99443526
low_downforce,minimum-wing,0,5320,252.184295337
low_downforce,minimum-wing,0,5325,254.306270846
low_downforce,minimum-wing,0,5330,256.363382089
low_downforce,minimum-wing,0,5335,258.35845184
low_downforce,minimum-wing,0,5340,260.294123009
low_downforce,minimum-wing,0,5345,262.172874307
low_downforce,minimum-wing,0,5350,263.997034184
low_downforce,minimum-wing,0,5355,265.589220103
low_downforce,minimum-wing,0,5360,267.149567078
low_downforce,minimum-wing,0,5365,268.678985337
low_downforce,minimum-wing,0,5370,270.17834626
low_downforce,minimum-wing,0,5375,271.648484691
low_downforce,minimum-wing,0,5380,273.090201075
low_downforce,minimum-wing,0,5385,274.504263433
low_downforce,minimum-wing,0,5390,275.891409193
low_downforce,minimum-wing,0,5395,277.252346891
low_downforce,minimum-wing,0,5400,278.587757742
low_downforce,minimum-wing,0,5405,279.898297111
low_downforce,minimum-wing,0,5410,281.184595876
low_downforce,minimum-wing,0,5415,282.447261703
low_downforce,minimum-wing,0,5420,283.686880233
low_downforce,minimum-wing,0,5425,284.904016188
low_downforce,minimum-wing,0,5430,286.099214414
low_downforce,minimum-wing,0,5435,287.273000848
low_downforce,minimum-wing,0,5440,288.425755712
low_downforce,minimum-wing,0,5445,289.554581081
low_downforce,minimum-wing,0,5450,290.660112698
low_downforce,minimum-wing,0,5455,291.742963037
low_downforce,minimum-wing,0,5460,292.803722468
low_downforce,minimum-wing,0,5465,293.842960339
low_downforce,minimum-wing,0,5470,294.861226
low_downforce,minimum-wing,0,5475,295.859049753
low_downforce,minimum-wing,0,5480,296.83694375
low_downforce,minimum-wing,0,5485,297.795402836
low_downforce,minimum-wing,0,5490,298.73490534
low_downforce,minimum-wing,0,5495,299.655913822
low_downforce,minimum-wing,0,5500,300.558875773
low_downforce,minimum-wing,0,5505,301.444224277
low_downforce,minimum-wing,0,5510,302.312378637
low_downforce,minimum-wing,0,5515,303.163744967
low_downforce,minimum-wing,0,5520,303.998716743
low_downforce,minimum-wing,0,5525,304.817675337
low_downforce,minimum-wing,0,5530,305.620990511
low_downforce,minimum-wing,0,5535,306.409020891
low_downforce,minimum-wing,0,5540,307.182114416
low_downforce,minimum-wing,0,5545,307.940608761
low_downforce,minimum-wing,0,5550,308.684831741
low_downforce,minimum-wing,0,5555,309.415101692
low_downforce,minimum-wing,0,5560,310.131727836
low_downforce,minimum-wing,0,5565,310.835010626
low_downforce,minimum-wing,0,5570,311.525242076
low_downforce,minimum-wing,0,5575,312.20270607
low_downforce,minimum-wing,0,5580,312.867678665
low_downforce,minimum-wing,0,5585,313.520428373
low_downforce,minimum-wing,0,5590,314.161216431
low_downforce,minimum-wing,0,5595,314.79029706
low_downforce,minimum-wing,0,5600,315.40791771
low_downforce,minimum-wing,0,5605,316.0143193
low_downforce,minimum-wing,0,5610,316.609736438
low_downforce,minimum-wing,0,5615,317.194397636
low_downforce,minimum-wing,0,5620,317.768525522
low_downforce,minimum-wing,0,5625,318.332337028
low_downforce,minimum-wing,0,5630,318.886043585
low_downforce,minimum-wing,0,5635,319.4298513
low_downforce,minimum-wing,0,5640,319.963961129
low_downforce,minimum-wing,0,5645,320.488569044
low_downforce,minimum-wing,0,5650,321.003866193
low_downforce,minimum-wing,0,5655,321.510039046
low_downforce,minimum-wing,0,5660,322.00726955
low_downforce,minimum-wing,0,5665,322.495735263
low_downforce,minimum-wing,0,5670,322.97560949
low_downforce,minimum-wing,0,5675,323.447061415
low_downforce,minimum-wing,0,5680,323.910256224
low_downforce,minimum-wing,0,5685,324.365355223
low_downforce,minimum-wing,0,5690,324.812515956
low_downforce,minimum-wing,0,5695,325.251892315
low_downforce,minimum-wing,0,5700,325.683634645
low_downforce,minimum-wing,0,5705,326.107889848
low_downforce,minimum-wing,0,5710,326.524801483
low_downforce,minimum-wing,0,5715,326.934509859
low_downforce,minimum-wing,0,5720,327.33715213
low_downforce,minimum-wing,0,5725,327.73286238
low_downforce,minimum-wing,0,5730,328.121771711
low_downforce,minimum-wing,0,5735,328.504008324
low_downforce,minimum-wing,0,5740,328.8796976
low_downforce,minimum-wing,0,5745,329.248962175
low_downforce,minimum-wing,0,5750,329.611922017
low_downforce,minimum-wing,0,5755,329.968694493
low_downforce,minimum-wing,0,5760,330.319394444
low_downforce,minimum-wing,0,5765,330.664134248
low_downforce,minimum-wing,0,5770,331.003023884
low_downforce,minimum-wing,0,5775,331.336170999
low_downforce,minimum-wing,0,5780,331.663680963
low_downforce,minimum-wing,0,5785,331.904420642
low_downforce,minimum-wing,0,5790,332.142075145
low_downforce,minimum-wing,0,5795,332.376686703
low_downforce,minimum-wing,0,5800,332.608296899
low_downforce,minimum-wing,0,5805,332.836946678
low_downforce,minimum-wing,0,5810,333.062676359
low_downforce,minimum-wing,0,5815,333.285525643
low_downforce,optimum-wing,17.9957432405,0,328.895495169
low_downforce,optimum-wing,17.9957432405,5,329.097804773
low_downforce,optimum-wing,17.9957432405,10,329.296559541
low_downforce,optimum-wing,17.9957432405,15,329.491824855
low_downforce,optimum-wing,17.9957432405,20,329.68366479
low_downforce,optimum-wing,17.9957432405,25,329.872142144
low_downforce,optimum-wing,17.9957432405,30,330.057318469
low_downforce,optimum-wing,17.9957432405,35,330.239254095
low_downforce,optimum-wing,17.9957432405,40,330.418008161
low_downforce,optimum-wing,17.9957432405,45,330.593638641
low_downforce,optimum-wing,17.9957432405,50,330.76620237
low_downforce,optimum-wing,17.9957432405,55,330.935755068
low_downforce,optimum-wing,17.9957432405,60,331.102351368
low_downforce,optimum-wing,17.9957432405,65,331.266044835
low_downforce,optimum-wing,17.9957432405,70,331.426887993
low_downforce,optimum-wing,17.9957432405,75,331.50269134
low_downforce,optimum-wing,17.9957432405,80,331.577484899
low_downforce,optimum-wing,17.9957432405,85,331.65128239
low_downforce,optimum-wing,17.9957432405,90,331.724097339
low_downforce,optimum-wing,17.9957432405,95,331.79594308
low_downforce,optimum-wing,17.9957432405,100,331.866832762
low_downforce,optimum-wing,17.9957432405,105,331.936779345
low_downforce,optimum-wing,17.9957432405,110,332.00579561
low_downforce,optimum-wing,17.9957432405,115,332.073894158
low_downforce,optimum-wing,17.9957432405,120,332.141087413
low_downforce,optimum-wing,17.9957432405,125,332.207387624
low_downforce,optimum-wing,17.9957432405,130,332.27280687
low_downforce,optimum-wing,17.9957432405,135,332.337357059
low_downforce,optimum-wing,17.9957432405,140,332.401049935
low_downforce,optimum-wing,17.9957432405,145,332.463897078
low_downforce,optimum-wing,17.9957432405,150,332.525909903
low_downforce,optimum-wing,17.9957432405,155,332.58709967
low_downforce,optimum-wing,17.9957432405,160,332.647477479
low_downforce,optimum-wing,17.9957432405,165,332.707054279
low_downforce,optimum-wing,17.9957432405,170,332.765840863
low_downforce,optimum-wing,17.9957432405,175,332.823847877
low_downforce,optimum-wing,17.9957432405,180,332.881085817
low_downforce,optimum-wing,17.9957432405,185,332.937565035
low_downforce,optimum-wing,17.9957432405,190,332.99329574
low_downforce,optimum-wing,17.9957432405,195,333.048287998
low_downforce,optimum-wing,17.9957432405,200,333.102551735
low_downforce,optimum-wing,17.9957432405,205,333.156096743
low_downforce,optimum-wing,17.9957432405,210,333.208932677
low_downforce,optimum-wing,17.9957432405,215,333.261069057
low_downforce,optimum-wing,17.9957432405,220,333.312515275
low_downforce,optimum-wing,17.9957432405,225,333.36328059
low_downforce,optimum-wing,17.9957432405,230,333.413374137
low_downforce,optimum-wing,17.9957432405,235,333.462804923
low_downforce,optimum-wing,17.9957432405,240,333.51158183
low_downforce,optimum-wing,17.9957432405,245,333.559713621
low_downforce,optimum-wing,17.9957432405,250,333.607208937
low_downforce,optimum-wing,17.9957432405,255,333.654076301
low_downforce,optimum-wing,17.9957432405,260,333.700324117
low_downforce,optimum-wing,17.9957432405,265,333.745960676
low_downforce,optimum-wing,17.9957432405,270,333.790994154
low_downforce,optimum-wing,17.9957432405,275,333.835432618
low_downforce,optimum-wing,17.9957432405,280,333.87928402
low_downforce,optimum-wing,17.9957432405,285,333.922556206
low_downforce,optimum-wing,17.9957432405,290,333.965256915
low_downforce,optimum-wing,17.9957432405,295,334.00739378
low_downforce,optimum-wing,17.9957432405,300,334.048974328
low_downforce,optimum-wing,17.9957432405,305,334.090005986
low_downforce,optimum-wing,17.9957432405,310,334.130496078
low_downforce,optimum-wing,17.9957432405,315,334.170451828
low_downforce,optimum-wing,17.9957432405,320,334.209880363
low_downforce,optimum-wing,17.9957432405,325,334.248788713
low_downforce,optimum-wing,17.9957432405,330,334.28718381
low_downforce,optimum-wing,17.9957432405,335,334.325072493
low_downforce,optimum-wing,17.9957432405,340,334.362461511
low_downforce,optimum-wing,17.9957432405,345,334.399357516
low_downforce,optimum-wing,17.9957432405,350,334.435767073
low_downforce,optimum-wing,17.9957432405,355,334.471696659
low_downforce,optimum-wing,17.9957432405,360,334.507152659
low_downforce,optimum-wing,17.9957432405,365,334.542141375
low_downforce,optimum-wing,17.9957432405,370,334.576669023
low_downforce,optimum-wing,17.9957432405,375,334.610741734
low_downforce,optimum-wing,17.9957432405,380,334.644365555
low_downforce,optimum-wing,17.9957432405,385,334.677546454
low_downforce,optimum-wing,17.9957432405,390,334.710290317
low_downforce,optimum-wing,17.9957432405,395,334.742602949
low_downforce,optimum-wing,17.9957432405,400,334.774490078
low_downforce,optimum-wing,17.9957432405,405,334.805957355
low_downforce,optimum-wing,17.9957432405,410,334.837010354
low_downforce,optimum-wing,17.9957432405,415,334.867654573
low_downforce,optimum-wing,17.9957432405,420,334.897895439
low_downforce,optimum-wing,17.9957432405,425,334.927738301
low_downforce,optimum-wing,17.9957432405,430,334.95718844
low_downforce,optimum-wing,17.9957432405,435,334.986251064
low_downforce,optimum-wing,17.9957432405,440,335.014931311
low_downforce,optimum-wing,17.9957432405,445,335.043234251
low_downforce,optimum-wing,17.9957432405,450,335.071164884
low_downforce,optimum-wing,17.9957432405,455,335.098728144
low_downforce,optimum-wing,17.9957432405,460,335.125928898
low_downforce,optimum-wing,17.9957432405,465,335.152771948
low_downforce,optimum-wing,17.9957432405,470,335.179262031
low_downforce,optimum-wing,17.9957432405,475,335.205403821
low_downforce,optimum-wing,17.9957432405,480,335.23120193
low_downforce,optimum-wing,17.9957432405,485,335.256660906
low_downforce,optimum-wing,17.9957432405,490,335.281785237
low_downforce,optimum-wing,17.9957432405,495,335.306579352
low_downforce,optimum-wing,17.9957432405,500,335.331047619
low_downforce,optimum-wing,17.9957432405,505,335.355194348
low_downforce,optimum-wing,17.9957432405,510,335.37902379
low_downforce,optimum-wing,17.9957432405,515,335.402540143
low_downforce,optimum-wing,17.9957432405,520,335.425747544
low_downforce,optimum-wing,17.9957432405,525,335.448650078
low_downforce,optimum-wing,17.9957432405,530,335.471251774
low_downforce,optimum-wing,17.9957432405,535,335.493556607
low_downforce,optimum-wing,17.9957432405,540,335.515568499
low_downforce,optimum-wing,17.9957432405,545,335.53729132
low_downforce,optimum-wing,17.9957432405,550,335.558728888
low_downforce,optimum-wing,17.9957432405,555,335.57988497
low_downforce,optimum-wing,17.9957432405,560,335.600763283
low_downforce,optimum-wing,17.9957432405,565,335.621367493
low_downforce,optimum-wing,17.9957432405,570,335.641701219
low_downforce,optimum-wing,17.9957432405,575,335.661768031
low_downforce,optimum-wing,17.9957432405,580,335.681571451
low_downforce,optimum-wing,17.9957432405,585,335.701114955
low_downforce,optimum-wing,17.9957432405,590,335.720401971
low_downforce,optimum-wing,17.9957432405,595,335.739435882
low_downforce,optimum-wing,17.9957432405,600,335.758220027
low_downforce,optimum-wing,17.9957432405,605,335.7767577
low_downforce,optimum-wing,17.9957432405,610,335.79505215
low_downforce,optimum-wing,17.9957432405,615,335.813106584
low_downforce,optimum-wing,17.9957432405,620,335.830924166
low_downforce,optimum-wing,17.9957432405,625,335.848508018
low_downforce,optimum-wing,17.9957432405,630,335.86586122
low_downforce,optimum-wing,17.9957432405,635,335.882986811
low_downforce,optimum-wing,17.9957432405,640,335.89988779
low_downforce,optimum-wing,17.9957432405,645,335.916567117
low_downforce,optimum-wing,17.9957432405,650,335.933027711
low_downforce,optimum-wing,17.9957432405,655,335.949272453
low_downforce,optimum-wing,17.9957432405,660,335.965304186
low_downforce,optimum-wing,17.9957432405,665,335.981125714
low_downforce,optimum-wing,17.9957432405,670,335.996739806
low_downforce,optimum-wing,17.9957432405,675,336.012149191
low_downforce,optimum-wing,17.9957432405,680,336.027356566
low_downforce,optimum-wing,17.9957432405,685,336.042364588
low_downforce,optimum-wing,17.9957432405,690,336.057175882
low_downforce,optimum-wing,17.9957432405,695,336.071793036
low_downforce,optimum-wing,17.9957432405,700,336.086218604
low_downforce,optimum-wing,17.9957432405,705,336.100455108
low_downforce,optimum-wing,17.9957432405,710,336.114505035
low_downforce,optimum-wing,17.9957432405,715,336.128370839
low_downforce,optimum-wing,17.9957432405,720,336.142054941
low_downforce,optimum-wing,17.9957432405,725,336.155559732
low_downforce,optimum-wing,17.9957432405,730,336.168887569
low_downforce,optimum-wing,17.9957432405,735,336.182040779
low_downforce,optimum-wing,17.9957432405,740,336.195021658
low_downforce,optimum-wing,17.9957432405,745,336.207832471
low_downforce,optimum-wing,17.9957432405,750,336.220475456
low_downforce,optimum-wing,17.9957432405,755,336.232952816
low_downforce,optimum-wing,17.9957432405,760,336.245266729
low_downforce,optimum-wing,17.9957432405,765,336.257419344
low_downforce,optimum-wing,17.9957432405,770,336.269412779
low_downforce,optimum-wing,17.9957432405,775,336.281249127
low_downforce,optimum-wing,17.9957432405,780,336.292930451
low_downforce,optimum-wing,17.9957432405,785,336.304458787
low_downforce,optimum-wing,17.9957432405,790,336.315836147
low_downforce,optimum-wing,17.9957432405,795,336.327064512
low_downforce,optimum-wing,17.9957432405,800,336.33814584
low_downforce,optimum-wing,17.9957432405,805,336.349082061
low_downforce,optimum-wing,17.9957432405,810,336.359875082
low_downforce,optimum-wing,17.9957432405,815,336.370526784
low_downforce,optimum-wing,17.9957432405,820,336.38103902
low_downforce,optimum-wing,17.9957432405,825,336.391413623
low_downforce,optimum-wing,17.9957432405,830,336.4016524
low_downforce,optimum-wing,17.9957432405,835,336.411757133
low_downforce,optimum-wing,17.9957432405,840,336.421729582
low_downforce,optimum-wing,17.9957432405,845,336.431571484
low_downforce,optimum-wing,17.9957432405,850,336.441284551
low_downforce,optimum-wing,17.9957432405,855,336.450870475
low_downforce,optimum-wing,17.9957432405,860,336.460330924
low_downforce,optimum-wing,17.9957432405,865,336.469667545
low_downforce,optimum-wing,17.9957432405,870,336.478881962
low_downforce,optimum-wing,17.9957432405,875,336.48797578
low_downforce,optimum-wing,17.9957432405,880,336.496950579
low_downforce,optimum-wing,17.9957432405,885,336.505807921
low_downforce,optimum-wing,17.9957432405,890,336.514549348
low_downforce,optimum-wing,17.9957432405,895,336.523176379
low_downforce,optimum-wing,17.9957432405,900,336.531690516
low_downforce,optimum-wing,17.9957432405,905,336.540093238
low_downforce,optimum-wing,17.9957432405,910,336.548386007
low_downforce,optimum-wing,17.9957432405,915,336.556570265
low_downforce,optimum-wing,17.9957432405,920,336.564647435
low_downforce,optimum-wing,17.9957432405,925,336.572618921
low_downforce,optimum-wing,17.9957432405,930,336.580486109
low_downforce,optimum-wing,17.9957432405,935,336.588250366
low_downforce,optimum-wing,17.9957432405,940,336.595913041
low_downforce,optimum-wing,17.9957432405,945,336.603475467
low_downforce,optimum-wing,17.9957432405,950,336.610938958
low_downforce,optimum-wing,17.9957432405,955,336.618304809
low_downforce,optimum-wing,17.9957432405,960,336.625574302
low_downforce,optimum-wing,17.9957432405,965,336.6327487
low_downforce,optimum-wing,17.9957432405,970,336.639829247
low_downforce,optimum-wing,17.9957432405,975,336.646817175
low_downforce,optimum-wing,17.9957432405,980,336.653713698
low_downforce,optimum-wing,17.9957432405,985,336.660520012
low_downforce,optimum-wing,17.9957432405,990,336.6672373
low_downforce,optimum-wing,17.9957432405,995,336.673866729
low_downforce,optimum-wing,17.9957432405,1000,336.68040945
low_downforce,optimum-wing,17.9957432405,1005,336.686866599
low_downforce,optimum-wing,17.9957432405,1010,336.693239296
low_downforce,optimum-wing,17.9957432405,1015,336.699528649
low_downforce,optimum-wing,17.9957432405,1020,336.705735749
low_downforce,optimum-wing,17.9957432405,1025,336.711861674
low_downforce,optimum-wing,17.9957432405,1030,336.717907486
low_downforce,optimum-wing,17.9957432405,1035,336.723874236
low_downforce,optimum-wing,17.9957432405,1040,336.729762958
low_downforce,optimum-wing,17.9957432405,1045,336.735574676
low_downforce,optimum-wing,17.9957432405,1050,336.741310396
low_downforce,optimum-wing,17.9957432405,1055,336.746971115
low_downforce,optimum-wing,17.9957432405,1060,336.752557815
low_downforce,optimum-wing,17.9957432405,1065,336.758071465
low_downforce,optimum-wing,17.9957432405,1070,336.763513021
low_downforce,optimum-wing,17.9957432405,1075,336.768883428
low_downforce,optimum-wing,17.9957432405,1080,336.774183617
low_downforce,optimum-wing,17.9957432405,1085,336.779414508
low_downforce,optimum-wing,17.9957432405,1090,336.784577007
low_downforce,optimum-wing,17.9957432405,1095,336.789672011
low_downforce,optimum-wing,17.9957432405,1100,336.794700403
low_downforce,optimum-wing,17.9957432405,1105,336.799663055
low_downforce,optimum-wing,17.9957432405,1110,336.804560827
low_downforce,optimum-wing,17.9957432405,1115,336.809394569
low_downforce,optimum-wing,17.9957432405,1120,336.814165119
low_downforce,optimum-wing,17.9957432405,1125,336.818873305
low_downforce,optimum-wing,17.9957432405,1130,336.823519941
low_downforce,optimum-wing,17.9957432405,1135,336.828105835
low_downforce,optimum-wing,17.9957432405,1140,336.832631781
low_downforce,optimum-wing,17.9957432405,1145,336.837098564
low_downforce,optimum-wing,17.9957432405,1150,336.841506957
low_downforce,optimum-wing,17.9957432405,1155,336.845857726
low_downforce,optimum-wing,17.9957432405,1160,336.850151624
low_downforce,optimum-wing,17.9957432405,1165,336.854389395
low_downforce,optimum-wing,17.9957432405,1170,336.858571774
low_downforce,optimum-wing,17.9957432405,1175,336.862699486
low_downforce,optimum-wing,17.9957432405,1180,336.866773246
low_downforce,optimum-wing,17.9957432405,1185,332.211196049
low_downforce,optimum-wing,17.9957432405,1190,322.940320627
low_downforce,optimum-wing,17.9957432405,1195,313.499013063
low_downforce,optimum-wing,17.9957432405,1200,303.870242874
low_downforce,optimum-wing,17.9957432405,1205,303.870242874
low_downforce,optimum-wing,17.9957432405,1210,303.870242874
low_downforce,optimum-wing,17.9957432405,1215,303.870242874
low_downforce,optimum-wing,17.9957432405,1220,303.870242874
low_downforce,optimum-wing,17.9957432405,1225,303.870242874
low_downforce,optimum-wing,17.9957432405,1230,303.870242874
low_downforce,optimum-wing,17.9957432405,1235,303.870242874
low_downforce,optimum-wing,17.9957432405,1240,303.870242874
low_downforce,optimum-wing,17.9957432405,1245,303.870242874
low_downforce,optimum-wing,17.9957432405,1250,303.870242874
low_downforce,optimum-wing,17.9957432405,1255,303.870242874
low_downforce,optimum-wing,17.9957432405,1260,303.870242874
low_downforce,optimum-wing,17.9957432405,1265,303.870242874
low_downforce,optimum-wing,17.9957432405,1270,303.870242874
low_downforce,optimum-wing,17.9957432405,1275,303.870242874
low_downforce,optimum-wing,17.9957432405,1280,303.870242874
low_downforce,optimum-wing,17.9957432405,1285,303.870242874
low_downforce,optimum-wing,17.9957432405,1290,303.870242874
low_downforce,optimum-wing,17.9957432405,1295,303.870242874
low_downforce,optimum-wing,17.9957432405,1300,303.870242874
low_downforce,optimum-wing,17.9957432405,1305,303.870242874
low_downforce,optimum-wing,17.9957432405,1310,303.870242874
low_downforce,optimum-wing,17.9957432405,1315,303.870242874
low_downforce,optimum-wing,17.9957432405,1320,303.870242874
low_downforce,optimum-wing,17.9957432405,1325,303.870242874
low_downforce,optimum-wing,17.9957432405,1330,303.870242874
low_downforce,optimum-wing,17.9957432405,1335,303.870242874
low_downforce,optimum-wing,17.9957432405,1340,303.870242874
low_downforce,optimum-wing,17.9957432405,1345,303.870242874
low_downforce,optimum-wing,17.9957432405,1350,303.870242874
low_downforce,optimum-wing,17.9957432405,1355,303.870242874
low_downforce,optimum-wing,17.9957432405,1360,303.870242874
low_downforce,optimum-wing,17.9957432405,1365,303.870242874
low_downforce,optimum-wing,17.9957432405,1370,303.870242874
low_downforce,optimum-wing,17.9957432405,1375,303.870242874
low_downforce,optimum-wing,17.9957432405,1380,303.870242874
low_downforce,optimum-wing,17.9957432405,1385,303.870242874
low_downforce,optimum-wing,17.9957432405,1390,303.870242874
low_downforce,optimum-wing,17.9957432405,1395,303.870242874
low_downforce,optimum-wing,17.9957432405,1400,303.870242874
low_downforce,optimum-wing,17.9957432405,1405,303.870242874
low_downforce,optimum-wing,17.9957432405,1410,303.870242874
low_downforce,optimum-wing,17.9957432405,1415,303.870242874
low_downforce,optimum-wing,17.9957432405,1420,303.870242874
low_downforce,optimum-wing,17.9957432405,1425,303.870242874
low_downforce,optimum-wing,17.9957432405,1430,303.870242874
low_downforce,optimum-wing,17.9957432405,1435,303.870242874
low_downforce,optimum-wing,17.9957432405,1440,303.870242874
low_downforce,optimum-wing,17.9957432405,1445,303.870242874
low_downforce,optimum-wing,17.9957432405,1450,303.870242874
low_downforce,optimum-wing,17.9957432405,1455,303.870242874
low_downforce,optimum-wing,17.9957432405,1460,303.870242874
low_downforce,optimum-wing,17.9957432405,1465,303.870242874
low_downforce,optimum-wing,17.9957432405,1470,303.870242874
low_downforce,optimum-wing,17.9957432405,1475,303.870242874
low_downforce,optimum-wing,17.9957432405,1480,303.870242874
low_downforce,optimum-wing,17.9957432405,1485,303.870242874
low_downforce,optimum-wing,17.9957432405,1490,303.870242874
low_downforce,optimum-wing,17.9957432405,1495,303.870242874
low_downforce,optimum-wing,17.9957432405,1500,303.870242874
low_downforce,optimum-wing,17.9957432405,1505,303.870242874
low_downforce,optimum-wing,17.9957432405,1510,303.870242874
low_downforce,optimum-wing,17.9957432405,1515,303.870242874
low_downforce,optimum-wing,17.9957432405,1520,303.870242874
low_downforce,optimum-wing,17.9957432405,1525,303.870242874
low_downforce,optimum-wing,17.9957432405,1530,303.870242874
low_downforce,optimum-wing,17.9957432405,1535,303.870242874
low_downforce,optimum-wing,17.9957432405,1540,303.870242874
low_downforce,optimum-wing,17.9957432405,1545,303.870242874
low_downforce,optimum-wing,17.9957432405,1550,303.870242874
low_downforce,optimum-wing,17.9957432405,1555,303.870242874
low_downforce,optimum-wing,17.9957432405,1560,303.870242874
low_downforce,optimum-wing,17.9957432405,1565,304.549808034
low_downforce,optimum-wing,17.9957432405,1570,305.216018569
low_downforce,optimum-wing,17.9957432405,1575,305.869178272
low_downforce,optimum-wing,17.9957432405,1580,306.509582293
low_downforce,optimum-wing,17.9957432405,1585,307.137517468
low_downforce,optimum-wing,17.9957432405,1590,307.753262615
low_downforce,optimum-wing,17.9957432405,1595,308.357088831
low_downforce,optimum-wing,17.9957432405,1600,308.949259765
low_downforce,optimum-wing,17.9957432405,1605,309.530031888
low_downforce,optimum-wing,17.9957432405,1610,310.09965474
low_downforce,optimum-wing,17.9957432405,1615,310.658371174
low_downforce,optimum-wing,17.9957432405,1620,311.206417587
low_downforce,optimum-wing,17.9957432405,1625,311.744024138
low_downforce,optimum-wing,17.9957432405,1630,312.271414961
low_downforce,optimum-wing,17.9957432405,1635,312.788808367
low_downforce,optimum-wing,17.9957432405,1640,313.296417034
low_downforce,optimum-wing,17.9957432405,1645,313.794448195
low_downforce,optimum-wing,17.9957432405,1650,314.283103812
low_downforce,optimum-wing,17.9957432405,1655,314.76258075
low_downforce,optimum-wing,17.9957432405,1660,315.233070936
low_downforce,optimum-wing,17.9957432405,1665,315.694761518
low_downforce,optimum-wing,17.9957432405,1670,316.147835013
low_downforce,optimum-wing,17.9957432405,1675,316.592469451
low_downforce,optimum-wing,17.9957432405,1680,317.028838516
low_downforce,optimum-wing,17.9957432405,1685,317.457111676
low_downforce,optimum-wing,17.9957432405,1690,317.87745431
low_downforce,optimum-wing,17.9957432405,1695,318.290027835
low_downforce,optimum-wing,17.9957432405,1700,318.694989821
low_downforce,optimum-wing,17.9957432405,1705,319.092494105
low_downforce,optimum-wing,17.9957432405,1710,319.482690901
low_downforce,optimum-wing,17.9957432405,1715,319.865726906
low_downforce,optimum-wing,17.9957432405,1720,320.2417454
low_downforce,optimum-wing,17.9957432405,1725,320.610886345
low_downforce,optimum-wing,17.9957432405,1730,320.973286481
low_downforce,optimum-wing,17.9957432405,1735,321.329079412
low_downforce,optimum-wing,17.9957432405,1740,321.6783957
low_downforce,optimum-wing,17.9957432405,1745,322.021362945
low_downforce,optimum-wing,17.9957432405,1750,322.358105868
low_downforce,optimum-wing,17.9957432405,1755,322.688746392
low_downforce,optimum-wing,17.9957432405,1760,323.013403715
low_downforce,optimum-wing,17.9957432405,1765,323.332194386
low_downforce,optimum-wing,17.9957432405,1770,323.645232373
low_downforce,optimum-wing,17.9957432405,1775,323.952629138
low_downforce,optimum-wing,17.9957432405,1780,324.254493695
low_downforce,optimum-wing,17.9957432405,1785,324.550932683
low_downforce,optimum-wing,17.9957432405,1790,324.842050421
low_downforce,optimum-wing,17.9957432405,1795,325.127948972
low_downforce,optimum-wing,17.9957432405,1800,325.4087282
low_downforce,optimum-wing,17.9957432405,1805,325.684485828
low_downforce,optimum-wing,17.9957432405,1810,325.95531749
low_downforce,optimum-wing,17.9957432405,1815,326.221316786
low_downforce,optimum-wing,17.9957432405,1820,326.482575331
low_downforce,optimum-wing,17.9957432405,1825,326.739182809
low_downforce,optimum-wing,17.9957432405,1830,326.991227016
low_downforce,optimum-wing,17.9957432405,1835,327.238793909
low_downforce,optimum-wing,17.9957432405,1840,327.481967651
low_downforce,optimum-wing,17.9957432405,1845,327.720830656
low_downforce,optimum-wing,17.9957432405,1850,327.955463631
low_downforce,optimum-wing,17.9957432405,1855,328.185945615
low_downforce,optimum-wing,17.9957432405,1860,328.412354022
low_downforce,optimum-wing,17.9957432405,1865,328.634764678
low_downforce,optimum-wing,17.9957432405,1870,328.853251861
low_downforce,optimum-wing,17.9957432405,1875,329.067888336
low_downforce,optimum-wing,17.9957432405,1880,329.27874539
low_downforce,optimum-wing,17.9957432405,1885,329.485892868
low_downforce,optimum-wing,17.9957432405,1890,329.689399207
low_downforce,optimum-wing,17.9957432405,1895,329.889331467
low_downforce,optimum-wing,17.9957432405,1900,330.085755364
low_downforce,optimum-wing,17.9957432405,1905,330.278735301
low_downforce,optimum-wing,17.9957432405,1910,330.468334396
low_downforce,optimum-wing,17.9957432405,1915,330.654614514
low_downforce,optimum-wing,17.9957432405,1920,330.837636296
low_downforce,optimum-wing,17.9957432405,1925,331.017459181
low_downforce,optimum-wing,17.9957432405,1930,331.194141441
low_downforce,optimum-wing,17.9957432405,1935,331.367740199
low_downforce,optimum-wing,17.9957432405,1940,331.538311462
low_downforce,optimum-wing,17.9957432405,1945,331.624125541
low_downforce,optimum-wing,17.9957432405,1950,331.70879402
low_downforce,optimum-wing,17.9957432405,1955,331.792332535
low_downforce,optimum-wing,17.9957432405,1960,331.874756502
low_downforce,optimum-wing,17.9957432405,1965,331.956081116
low_downforce,optimum-wing,17.9957432405,1970,332.036321357
low_downforce,optimum-wing,17.9957432405,1975,332.115491992
low_downforce,optimum-wing,17.9957432405,1980,332.193607579
low_downforce,optimum-wing,17.9957432405,1985,332.270682468
low_downforce,optimum-wing,17.9957432405,1990,332.346730809
low_downforce,optimum-wing,17.9957432405,1995,332.42176655
low_downforce,optimum-wing,17.9957432405,2000,332.495803441
low_downforce,optimum-wing,17.9957432405,2005,332.568855042
low_downforce,optimum-wing,17.9957432405,2010,332.640934719
low_downforce,optimum-wing,17.9957432405,2015,332.712055648
low_downforce,optimum-wing,17.9957432405,2020,332.782230825
low_downforce,optimum-wing,17.9957432405,2025,332.851473059
low_downforce,optimum-wing,17.9957432405,2030,332.919794982
low_downforce,optimum-wing,17.9957432405,2035,332.987209046
low_downforce,optimum-wing,17.9957432405,2040,333.05372753
low_downforce,optimum-wing,17.9957432405,2045,333.119362544
low_downforce,optimum-wing,17.9957432405,2050,333.184126023
low_downforce,optimum-wing,17.9957432405,2055,333.24802974
low_downforce,optimum-wing,17.9957432405,2060,333.311085302
low_downforce,optimum-wing,17.9957432405,2065,333.373304154
low_downforce,optimum-wing,17.9957432405,2070,333.434697581
low_downforce,optimum-wing,17.9957432405,2075,333.495276713
low_downforce,optimum-wing,17.9957432405,2080,333.555052522
low_downforce,optimum-wing,17.9957432405,2085,333.61403583
low_downforce,optimum-wing,17.9957432405,2090,333.672237308
low_downforce,optimum-wing,17.9957432405,2095,333.72966748
low_downforce,optimum-wing,17.9957432405,2100,333.786336722
low_downforce,optimum-wing,17.9957432405,2105,333.842255267
low_downforce,optimum-wing,17.9957432405,2110,333.897433207
low_downforce,optimum-wing,17.9957432405,2115,333.951880495
low_downforce,optimum-wing,17.9957432405,2120,334.005606945
low_downforce,optimum-wing,17.9957432405,2125,334.058622235
low_downforce,optimum-wing,17.9957432405,2130,334.110935912
low_downforce,optimum-wing,17.9957432405,2135,334.162557389
low_downforce,optimum-wing,17.9957432405,2140,334.213495951
low_downforce,optimum-wing,17.9957432405,2145,334.263760752
low_downforce,optimum-wing,17.9957432405,2150,334.313360825
low_downforce,optimum-wing,17.9957432405,2155,334.362305074
low_downforce,optimum-wing,17.9957432405,2160,334.410602284
low_downforce,optimum-wing,17.9957432405,2165,334.458261118
low_downforce,optimum-wing,17.9957432405,2170,334.505290119
low_downforce,optimum-wing,17.9957432405,2175,334.551697715
low_downforce,optimum-wing,17.9957432405,2180,334.597492217
low_downforce,optimum-wing,17.9957432405,2185,334.642681823
low_downforce,optimum-wing,17.9957432405,2190,334.687274619
low_downforce,optimum-wing,17.9957432405,2195,334.73127858
low_downforce,optimum-wing,17.9957432405,2200,334.77470157
low_downforce,optimum-wing,17.9957432405,2205,334.817551349
low_downforce,optimum-wing,17.9957432405,2210,334.859835569
low_downforce,optimum-wing,17.9957432405,2215,334.901561778
low_downforce,optimum-wing,17.9957432405,2220,334.942737422
low_downforce,optimum-wing,17.9957432405,2225,334.983369843
low_downforce,optimum-wing,17.9957432405,2230,335.023466285
low_downforce,optimum-wing,17.9957432405,2235,335.063033894
low_downforce,optimum-wing,17.9957432405,2240,335.102079717
low_downforce,optimum-wing,17.9957432405,2245,335.140610705
low_downforce,optimum-wing,17.9957432405,2250,335.178633717
low_downforce,optimum-wing,17.9957432405,2255,335.216155516
low_downforce,optimum-wing,17.9957432405,2260,335.253182775
low_downforce,optimum-wing,17.9957432405,2265,335.289722075
low_downforce,optimum-wing,17.9957432405,2270,335.32577991
low_downforce,optimum-wing,17.9957432405,2275,335.361362683
low_downforce,optimum-wing,17.9957432405,2280,335.396476713
low_downforce,optimum-wing,17.9957432405,2285,335.431128231
low_downforce,optimum-wing,17.9957432405,2290,335.465323386
low_downforce,optimum-wing,17.9957432405,2295,335.499068242
low_downforce,optimum-wing,17.9957432405,2300,335.532368781
low_downforce,optimum-wing,17.9957432405,2305,335.565230905
low_downforce,optimum-wing,17.9957432405,2310,335.597660436
low_downforce,optimum-wing,17.9957432405,2315,335.629663119
low_downforce,optimum-wing,17.9957432405,2320,335.661244617
low_downforce,optimum-wing,17.9957432405,2325,335.692410521
low_downforce,optimum-wing,17.9957432405,2330,335.723166345
low_downforce,optimum-wing,17.9957432405,2335,335.753517528
low_downforce,optimum-wing,17.9957432405,2340,335.783469436
low_downforce,optimum-wing,17.9957432405,2345,335.813027364
low_downforce,optimum-wing,17.9957432405,2350,335.842196535
low_downforce,optimum-wing,17.9957432405,2355,335.8709821
low_downforce,optimum-wing,17.9957432405,2360,335.899389143
low_downforce,optimum-wing,17.9957432405,2365,335.927422679
low_downforce,optimum-wing,17.9957432405,2370,335.955087655
low_downforce,optimum-wing,17.9957432405,2375,335.982388951
low_downforce,optimum-wing,17.9957432405,2380,336.009331384
low_downforce,optimum-wing,17.9957432405,2385,336.035919704
low_downforce,optimum-wing,17.9957432405,2390,336.062158597
low_downforce,optimum-wing,17.9957432405,2395,336.088052687
low_downforce,optimum-wing,17.9957432405,2400,336.113606538
low_downforce,optimum-wing,17.9957432405,2405,336.138824648
low_downforce,optimum-wing,17.9957432405,2410,336.16371146
low_downforce,optimum-wing,17.9957432405,2415,336.188271353
low_downforce,optimum-wing,17.9957432405,2420,336.21250865
low_downforce,optimum-wing,17.9957432405,2425,336.236427615
low_downforce,optimum-wing,17.9957432405,2430,336.260032456
low_downforce,optimum-wing,17.9957432405,2435,336.283327324
low_downforce,optimum-wing,17.9957432405,2440,336.306316315
low_downforce,optimum-wing,17.9957432405,2445,334.087349256
low_downforce,optimum-wing,17.9957432405,2450,324.861154919
low_downforce,optimum-wing,17.9957432405,2455,315.468308487
low_downforce,optimum-wing,17.9957432405,2460,305.892320066
low_downforce,optimum-wing,17.9957432405,2465,296.114258986
low_downforce,optimum-wing,17.9957432405,2470,286.112216953
low_downforce,optimum-wing,17.9957432405,2475,275.860609827
low_downforce,optimum-wing,17.9957432405,2480,265.329254562
low_downforce,optimum-wing,17.9957432405,2485,254.482126108
low_downforce,optimum-wing,17.9957432405,2490,243.275647508
low_downforce,optimum-wing,17.9957432405,2495,231.656279592
low_downforce,optimum-wing,17.9957432405,2500,219.55702471
low_downforce,optimum-wing,17.9957432405,2505,206.909045028
low_downforce,optimum-wing,17.9957432405,2510,194.293227059
low_downforce,optimum-wing,17.9957432405,2515,194.293227059
low_downforce,optimum-wing,17.9957432405,2520,194.293227059
low_downforce,optimum-wing,17.9957432405,2525,194.293227059
low_downforce,optimum-wing,17.9957432405,2530,194.293227059
low_downforce,optimum-wing,17.9957432405,2535,194.293227059
low_downforce,optimum-wing,17.9957432405,2540,194.293227059
low_downforce,optimum-wing,17.9957432405,2545,194.293227059
low_downforce,optimum-wing,17.9957432405,2550,194.293227059
low_downforce,optimum-wing,17.9957432405,2555,194.293227059
low_downforce,optimum-wing,17.9957432405,2560,194.293227059
low_downforce,optimum-wing,17.9957432405,2565,194.293227059
low_downforce,optimum-wing,17.9957432405,2570,194.293227059
low_downforce,optimum-wing,17.9957432405,2575,194.293227059
low_downforce,optimum-wing,17.9957432405,2580,194.293227059
low_downforce,optimum-wing,17.9957432405,2585,194.293227059
low_downforce,optimum-wing,17.9957432405,2590,194.293227059
low_downforce,optimum-wing,17.9957432405,2595,194.293227059
low_downforce,optimum-wing,17.9957432405,2600,194.293227059
low_downforce,optimum-wing,17.9957432405,2605,194.293227059
low_downforce,optimum-wing,17.9957432405,2610,194.293227059
low_downforce,optimum-wing,17.9957432405,2615,194.293227059
low_downforce,optimum-wing,17.9957432405,2620,194.293227059
low_downforce,optimum-wing,17.9957432405,2625,194.293227059
low_downforce,optimum-wing,17.9957432405,2630,194.293227059
low_downforce,optimum-wing,17.9957432405,2635,194.293227059
low_downforce,optimum-wing,17.9957432405,2640,194.293227059
low_downforce,optimum-wing,17.9957432405,2645,194.293227059
low_downforce,optimum-wing,17.9957432405,2650,194.293227059
low_downforce,optimum-wing,17.9957432405,2655,194.293227059
low_downforce,optimum-wing,17.9957432405,2660,194.293227059
low_downforce,optimum-wing,17.9957432405,2665,194.293227059
low_downforce,optimum-wing,17.9957432405,2670,194.293227059
low_downforce,optimum-wing,17.9957432405,2675,194.293227059
low_downforce,optimum-wing,17.9957432405,2680,194.293227059
low_downforce,optimum-wing,17.9957432405,2685,194.293227059
low_downforce,optimum-wing,17.9957432405,2690,194.293227059
low_downforce,optimum-wing,17.9957432405,2695,194.293227059
low_downforce,optimum-wing,17.9957432405,2700,194.293227059
low_downforce,optimum-wing,17.9957432405,2705,194.293227059
low_downforce,optimum-wing,17.9957432405,2710,194.293227059
low_downforce,optimum-wing,17.9957432405,2715,194.293227059
low_downforce,optimum-wing,17.9957432405,2720,194.293227059
low_downforce,optimum-wing,17.9957432405,2725,194.293227059
low_downforce,optimum-wing,17.9957432405,2730,194.293227059
low_downforce,optimum-wing,17.9957432405,2735,194.293227059
low_downforce,optimum-wing,17.9957432405,2740,194.293227059
low_downforce,optimum-wing,17.9957432405,2745,194.293227059
low_downforce,optimum-wing,17.9957432405,2750,194.293227059
low_downforce,optimum-wing,17.9957432405,2755,198.865269332
low_downforce,optimum-wing,17.9957432405,2760,203.162256342
low_downforce,optimum-wing,17.9957432405,2765,206.815092095
low_downforce,optimum-wing,17.9957432405,2770,210.334117478
low_downforce,optimum-wing,17.9957432405,2775,213.727848753
low_downforce,optimum-wing,17.9957432405,2780,217.00394913
low_downforce,optimum-wing,17.9957432405,2785,220.169345126
low_downforce,optimum-wing,17.9957432405,2790,223.230323186
low_downforce,optimum-wing,17.9957432405,2795,226.192610513
low_downforce,optimum-wing,17.9957432405,2800,229.061443162
low_downforce,optimum-wing,17.9957432405,2805,231.83892279
low_downforce,optimum-wing,17.9957432405,2810,234.515754968
low_downforce,optimum-wing,17.9957432405,2815,237.097448335
low_downforce,optimum-wing,17.9957432405,2820,239.589059154
low_downforce,optimum-wing,17.9957432405,2825,241.995241966
low_downforce,optimum-wing,17.9957432405,2830,244.320293117
low_downforce,optimum-wing,17.9957432405,2835,246.568188386
low_downforce,optimum-wing,17.9957432405,2840,248.742615632
low_downforce,optimum-wing,17.9957432405,2845,250.847003271
low_downforce,optimum-wing,17.9957432405,2850,252.884545205
low_downforce,optimum-wing,17.9957432405,2855,254.858222727
low_downforce,optimum-wing,17.9957432405,2860,256.770823856
low_downforce,optimum-wing,17.9957432405,2865,258.62496044
low_downforce,optimum-wing,17.9957432405,2870,260.42308336
low_downforce,optimum-wing,17.9957432405,2875,262.167496064
low_downforce,optimum-wing,17.9957432405,2880,263.860366665
low_downforce,optimum-wing,17.9957432405,2885,265.322916188
low_downforce,optimum-wing,17.9957432405,2890,266.755459711
low_downforce,optimum-wing,17.9957432405,2895,268.158844127
low_downforce,optimum-wing,17.9957432405,2900,269.533881438
low_downforce,optimum-wing,17.9957432405,2905,270.881350761
low_downforce,optimum-wing,17.9957432405,2910,272.202000173
low_downforce,optimum-wing,17.9957432405,2915,273.49654843
low_downforce,optimum-wing,17.9957432405,2920,274.765686568
low_downforce,optimum-wing,17.9957432405,2925,276.01007938
low_downforce,optimum-wing,17.9957432405,2930,277.230366803
low_downforce,optimum-wing,17.9957432405,2935,278.427165204
low_downforce,optimum-wing,17.9957432405,2940,279.601068581
low_downforce,optimum-wing,17.9957432405,2945,280.75264969
low_downforce,optimum-wing,17.9957432405,2950,281.882461092
low_downforce,optimum-wing,17.9957432405,2955,282.99103614
low_downforce,optimum-wing,17.9957432405,2960,284.078889896
low_downforce,optimum-wing,17.9957432405,2965,285.146520002
low_downforce,optimum-wing,17.9957432405,2970,286.194407485
low_downforce,optimum-wing,17.9957432405,2975,287.223017528
low_downforce,optimum-wing,17.9957432405,2980,288.23280018
low_downforce,optimum-wing,17.9957432405,2985,289.221130161
low_downforce,optimum-wing,17.9957432405,2990,290.188545074
low_downforce,optimum-wing,17.9957432405,2995,291.135588817
low_downforce,optimum-wing,17.9957432405,3000,292.062786474
low_downforce,optimum-wing,17.9957432405,3005,292.970645193
low_downforce,optimum-wing,17.9957432405,3010,293.859655009
low_downforce,optimum-wing,17.9957432405,3015,294.730289617
low_downforce,optimum-wing,17.9957432405,3020,295.583007104
low_downforce,optimum-wing,17.9957432405,3025,296.418250638
low_downforce,optimum-wing,17.9957432405,3030,297.236449116
low_downforce,optimum-wing,17.9957432405,3035,298.038017776
low_downforce,optimum-wing,17.9957432405,3040,298.823358778
low_downforce,optimum-wing,17.9957432405,3045,299.592861751
low_downforce,optimum-wing,17.9957432405,3050,300.346904311
low_downforce,optimum-wing,17.9957432405,3055,301.085852551
low_downforce,optimum-wing,17.9957432405,3060,301.810061505
low_downforce,optimum-wing,17.9957432405,3065,302.519875593
low_downforce,optimum-wing,17.9957432405,3070,303.215629033
low_downforce,optimum-wing,17.9957432405,3075,303.897646244
low_downforce,optimum-wing,17.9957432405,3080,304.56624222
low_downforce,optimum-wing,17.9957432405,3085,305.221722887
low_downforce,optimum-wing,17.9957432405,3090,305.86438545
low_downforce,optimum-wing,17.9957432405,3095,306.494518712
low_downforce,optimum-wing,17.9957432405,3100,307.112403385
low_downforce,optimum-wing,17.9957432405,3105,307.718312385
low_downforce,optimum-wing,17.9957432405,3110,308.312511114
low_downforce,optimum-wing,17.9957432405,3115,308.895257724
low_downforce,optimum-wing,17.9957432405,3120,309.466803377
low_downforce,optimum-wing,17.9957432405,3125,310.027392487
low_downforce,optimum-wing,17.9957432405,3130,310.577262954
low_downforce,optimum-wing,17.9957432405,3135,311.116646386
low_downforce,optimum-wing,17.9957432405,3140,311.645768314
low_downforce,optimum-wing,17.9957432405,3145,312.164848392
low_downforce,optimum-wing,17.9957432405,3150,312.674100599
low_downforce,optimum-wing,17.9957432405,3155,313.173733418
low_downforce,optimum-wing,17.9957432405,3160,313.663950021
low_downforce,optimum-wing,17.9957432405,3165,314.14494844
low_downforce,optimum-wing,17.9957432405,3170,314.616921728
low_downforce,optimum-wing,17.9957432405,3175,315.080058121
low_downforce,optimum-wing,17.9957432405,3180,315.534541188
low_downforce,optimum-wing,17.9957432405,3185,315.980549974
low_downforce,optimum-wing,17.9957432405,3190,316.418259147
low_downforce,optimum-wing,17.9957432405,3195,316.847839122
low_downforce,optimum-wing,17.9957432405,3200,317.269456199
low_downforce,optimum-wing,17.9957432405,3205,317.683272684
low_downforce,optimum-wing,17.9957432405,3210,318.089447004
low_downforce,optimum-wing,17.9957432405,3215,318.488133831
low_downforce,optimum-wing,17.9957432405,3220,318.879484183
low_downforce,optimum-wing,17.9957432405,3225,319.263645538
low_downforce,optimum-wing,17.9957432405,3230,319.640761932
low_downforce,optimum-wing,17.9957432405,3235,320.010974059
low_downforce,optimum-wing,17.9957432405,3240,320.374419368
low_downforce,optimum-wing,17.9957432405,3245,320.731232151
low_downforce,optimum-wing,17.9957432405,3250,321.081543636
low_downforce,optimum-wing,17.9957432405,3255,321.42548207
low_downforce,optimum-wing,17.9957432405,3260,321.7631728
low_downforce,optimum-wing,17.9957432405,3265,322.094738358
low_downforce,optimum-wing,17.9957432405,3270,322.420298529
low_downforce,optimum-wing,17.9957432405,3275,322.739970437
low_downforce,optimum-wing,17.9957432405,3280,323.053868604
low_downforce,optimum-wing,17.9957432405,3285,323.362105032
low_downforce,optimum-wing,17.9957432405,3290,323.664789257
low_downforce,optimum-wing,17.9957432405,3295,323.962028427
low_downforce,optimum-wing,17.9957432405,3300,324.253927354
low_downforce,optimum-wing,17.9957432405,3305,324.540588581
low_downforce,optimum-wing,17.9957432405,3310,324.822112437
low_downforce,optimum-wing,17.9957432405,3315,325.098597098
low_downforce,optimum-wing,17.9957432405,3320,325.370138636
low_downforce,optimum-wing,17.9957432405,3325,325.636831081
low_downforce,optimum-wing,17.9957432405,3330,325.898766462
low_downforce,optimum-wing,17.9957432405,3335,326.156034866
low_downforce,optimum-wing,17.9957432405,3340,326.408724483
low_downforce,optimum-wing,17.9957432405,3345,326.656921651
low_downforce,optimum-wing,17.9957432405,3350,326.900710906
low_downforce,optimum-wing,17.9957432405,3355,327.140175022
low_downforce,optimum-wing,17.9957432405,3360,327.375395057
low_downforce,optimum-wing,17.9957432405,3365,327.606450393
low_downforce,optimum-wing,17.9957432405,3370,327.833418776
low_downforce,optimum-wing,17.9957432405,3375,328.056376357
low_downforce,optimum-wing,17.9957432405,3380,328.275397729
low_downforce,optimum-wing,17.9957432405,3385,328.490555962
low_downforce,optimum-wing,17.9957432405,3390,328.701922645
low_downforce,optimum-wing,17.9957432405,3395,328.909567911
low_downforce,optimum-wing,17.9957432405,3400,329.113560482
low_downforce,optimum-wing,17.9957432405,3405,329.313967694
low_downforce,optimum-wing,17.9957432405,3410,329.51085553
low_downforce,optimum-wing,17.9957432405,3415,329.704288656
low_downforce,optimum-wing,17.9957432405,3420,329.894330446
low_downforce,optimum-wing,17.9957432405,3425,330.081043012
low_downforce,optimum-wing,17.9957432405,3430,330.264487237
low_downforce,optimum-wing,17.9957432405,3435,330.444722798
low_downforce,optimum-wing,17.9957432405,3440,330.621808194
low_downforce,optimum-wing,17.9957432405,3445,330.795800774
low_downforce,optimum-wing,17.9957432405,3450,330.966756763
low_downforce,optimum-wing,17.9957432405,3455,331.134731285
low_downforce,optimum-wing,17.9957432405,3460,331.299778386
low_downforce,optimum-wing,17.9957432405,3465,331.461951064
low_downforce,optimum-wing,17.9957432405,3470,331.539203513
low_downforce,optimum-wing,17.9957432405,3475,331.615426562
low_downforce,optimum-wing,17.9957432405,3480,331.690634207
low_downforce,optimum-wing,17.9957432405,3485,331.764840244
low_downforce,optimum-wing,17.9957432405,3490,331.838058276
low_downforce,optimum-wing,17.9957432405,3495,331.910301713
low_downforce,optimum-wing,17.9957432405,3500,331.981583778
low_downforce,optimum-wing,17.9957432405,3505,332.051917507
low_downforce,optimum-wing,17.9957432405,3510,332.121315751
low_downforce,optimum-wing,17.9957432405,3515,332.189791182
low_downforce,optimum-wing,17.9957432405,3520,332.257356296
low_downforce,optimum-wing,17.9957432405,3525,332.324023411
low_downforce,optimum-wing,17.9957432405,3530,332.389804673
low_downforce,optimum-wing,17.9957432405,3535,332.447068497
low_downforce,optimum-wing,17.9957432405,3540,332.50357306
low_downforce,optimum-wing,17.9957432405,3545,332.559328582
low_downforce,optimum-wing,17.9957432405,3550,332.614345138
low_downforce,optimum-wing,17.9957432405,3555,332.668632666
low_downforce,optimum-wing,17.9957432405,3560,332.722200965
low_downforce,optimum-wing,17.9957432405,3565,332.7750597
low_downforce,optimum-wing,17.9957432405,3570,332.827218402
low_downforce,optimum-wing,17.9957432405,3575,332.87868647
low_downforce,optimum-wing,17.9957432405,3580,332.929473173
low_downforce,optimum-wing,17.9957432405,3585,332.979587654
low_downforce,optimum-wing,17.9957432405,3590,333.029038929
low_downforce,optimum-wing,17.9957432405,3595,333.077835889
low_downforce,optimum-wing,17.9957432405,3600,333.125987305
low_downforce,optimum-wing,17.9957432405,3605,333.173501825
low_downforce,optimum-wing,17.9957432405,3610,333.22038798
low_downforce,optimum-wing,17.9957432405,3615,333.266654183
low_downforce,optimum-wing,17.9957432405,3620,333.312308732
low_downforce,optimum-wing,17.9957432405,3625,333.357359812
low_downforce,optimum-wing,17.9957432405,3630,333.401815494
low_downforce,optimum-wing,17.9957432405,3635,333.44568374
low_downforce,optimum-wing,17.9957432405,3640,333.488972404
low_downforce,optimum-wing,17.9957432405,3645,333.531689229
low_downforce,optimum-wing,17.9957432405,3650,333.573841856
low_downforce,optimum-wing,17.9957432405,3655,333.61543782
low_downforce,optimum-wing,17.9957432405,3660,333.656484552
low_downforce,optimum-wing,17.9957432405,3665,333.696989385
low_downforce,optimum-wing,17.9957432405,3670,333.73695955
low_downforce,optimum-wing,17.9957432405,3675,333.776402177
low_downforce,optimum-wing,17.9957432405,3680,333.815324304
low_downforce,optimum-wing,17.9957432405,3685,333.853732869
low_downforce,optimum-wing,17.9957432405,3690,333.891634718
low_downforce,optimum-wing,17.9957432405,3695,333.929036603
low_downforce,optimum-wing,17.9957432405,3700,333.965945185
low_downforce,optimum-wing,17.9957432405,3705,334.002367033
low_downforce,optimum-wing,17.9957432405,3710,334.023229612
low_downforce,optimum-wing,17.9957432405,3715,334.023229612
low_downforce,optimum-wing,17.9957432405,3720,334.023229612
low_downforce,optimum-wing,17.9957432405,3725,334.023229612
low_downforce,optimum-wing,17.9957432405,3730,334.023229612
low_downforce,optimum-wing,17.9957432405,3735,334.023229612
low_downforce,optimum-wing,17.9957432405,3740,334.023229612
low_downforce,optimum-wing,17.9957432405,3745,334.023229612
low_downforce,optimum-wing,17.9957432405,3750,334.023229612
low_downforce,optimum-wing,17.9957432405,3755,334.023229612
low_downforce,optimum-wing,17.9957432405,3760,334.023229612
low_downforce,optimum-wing,17.9957432405,3765,334.023229612
low_downforce,optimum-wing,17.9957432405,3770,334.023229612
low_downforce,optimum-wing,17.9957432405,3775,334.023229612
low_downforce,optimum-wing,17.9957432405,3780,334.023229612
low_downforce,optimum-wing,17.9957432405,3785,334.023229612
low_downforce,optimum-wing,17.9957432405,3790,334.023229612
low_downforce,optimum-wing,17.9957432405,3795,334.023229612
low_downforce,optimum-wing,17.9957432405,3800,334.023229612
low_downforce,optimum-wing,17.9957432405,3805,334.023229612
low_downforce,optimum-wing,17.9957432405,3810,334.023229612
low_downforce,optimum-wing,17.9957432405,3815,334.023229612
low_downforce,optimum-wing,17.9957432405,3820,334.023229612
low_downforce,optimum-wing,17.9957432405,3825,334.023229612
low_downforce,optimum-wing,17.9957432405,3830,334.023229612
low_downforce,optimum-wing,17.9957432405,3835,334.023229612
low_downforce,optimum-wing,17.9957432405,3840,334.023229612
low_downforce,optimum-wing,17.9957432405,3845,333.261727485
low_downforce,optimum-wing,17.9957432405,3850,331.641962773
low_downforce,optimum-wing,17.9957432405,3855,330.043720262
low_downforce,optimum-wing,17.9957432405,3860,328.466554814
low_downforce,optimum-wing,17.9957432405,3865,326.910033481
low_downforce,optimum-wing,17.9957432405,3870,325.373735094
low_downforce,optimum-wing,17.9957432405,3875,323.857249869
low_downforce,optimum-wing,17.9957432405,3880,322.360179034
low_downforce,optimum-wing,17.9957432405,3885,320.88213446
low_downforce,optimum-wing,17.9957432405,3890,319.42273832
low_downforce,optimum-wing,17.9957432405,3895,317.981622749
low_downforce,optimum-wing,17.9957432405,3900,316.558429521
low_downforce,optimum-wing,17.9957432405,3905,315.152809742
low_downforce,optimum-wing,17.9957432405,3910,313.764423551
low_downforce,optimum-wing,17.9957432405,3915,312.392939828
low_downforce,optimum-wing,17.9957432405,3920,311.038035925
low_downforce,optimum-wing,17.9957432405,3925,309.699397391
low_downforce,optimum-wing,17.9957432405,3930,308.376717725
low_downforce,optimum-wing,17.9957432405,3935,307.06969812
low_downforce,optimum-wing,17.9957432405,3940,305.77804723
low_downforce,optimum-wing,17.9957432405,3945,304.50148094
low_downforce,optimum-wing,17.9957432405,3950,304.50148094
low_downforce,optimum-wing,17.9957432405,3955,305.162393988
low_downforce,optimum-wing,17.9957432405,3960,305.810370115
low_downforce,optimum-wing,17.9957432405,3965,306.445701386
low_downforce,optimum-wing,17.9957432405,3970,307.068671655
low_downforce,optimum-wing,17.9957432405,3975,307.679556871
low_downforce,optimum-wing,17.9957432405,3980,308.27862536
low_downforce,optimum-wing,17.9957432405,3985,308.866138097
low_downforce,optimum-wing,17.9957432405,3990,309.442348968
low_downforce,optimum-wing,17.9957432405,3995,310.007505018
low_downforce,optimum-wing,17.9957432405,4000,310.561846691
low_downforce,optimum-wing,17.9957432405,4005,311.105608051
low_downforce,optimum-wing,17.9957432405,4010,311.639017004
low_downforce,optimum-wing,17.9957432405,4015,312.162295503
low_downforce,optimum-wing,17.9957432405,4020,312.675659748
low_downforce,optimum-wing,17.9957432405,4025,313.179320376
low_downforce,optimum-wing,17.9957432405,4030,313.673482639
low_downforce,optimum-wing,17.9957432405,4035,314.158346587
low_downforce,optimum-wing,17.9957432405,4040,314.634107225
low_downforce,optimum-wing,17.9957432405,4045,315.100954684
low_downforce,optimum-wing,17.9957432405,4050,315.559074365
low_downforce,optimum-wing,17.9957432405,4055,316.008647094
low_downforce,optimum-wing,17.9957432405,4060,316.449849262
low_downforce,optimum-wing,17.9957432405,4065,316.882852958
low_downforce,optimum-wing,17.9957432405,4070,317.307826106
low_downforce,optimum-wing,17.9957432405,4075,317.724932585
low_downforce,optimum-wing,17.9957432405,4080,318.134332355
low_downforce,optimum-wing,17.9957432405,4085,318.536181571
low_downforce,optimum-wing,17.9957432405,4090,318.930632695
low_downforce,optimum-wing,17.9957432405,4095,319.317834606
low_downforce,optimum-wing,17.9957432405,4100,319.697932702
low_downforce,optimum-wing,17.9957432405,4105,320.071069
low_downforce,optimum-wing,17.9957432405,4110,320.437382237
low_downforce,optimum-wing,17.9957432405,4115,320.797007955
low_downforce,optimum-wing,17.9957432405,4120,321.1500786
low_downforce,optimum-wing,17.9957432405,4125,321.496723601
low_downforce,optimum-wing,17.9957432405,4130,321.83706946
low_downforce,optimum-wing,17.9957432405,4135,322.171239826
low_downforce,optimum-wing,17.9957432405,4140,322.499355579
low_downforce,optimum-wing,17.9957432405,4145,322.821534902
low_downforce,optimum-wing,17.9957432405,4150,323.137893355
low_downforce,optimum-wing,17.9957432405,4155,323.448543944
low_downforce,optimum-wing,17.9957432405,4160,323.753597189
low_downforce,optimum-wing,17.9957432405,4165,324.053161191
low_downforce,optimum-wing,17.9957432405,4170,324.347341697
low_downforce,optimum-wing,17.9957432405,4175,324.636242156
low_downforce,optimum-wing,17.9957432405,4180,324.919963783
low_downforce,optimum-wing,17.9957432405,4185,325.198605616
low_downforce,optimum-wing,17.9957432405,4190,325.472264571
low_downforce,optimum-wing,17.9957432405,4195,325.741035495
low_downforce,optimum-wing,17.9957432405,4200,326.00501122
low_downforce,optimum-wing,17.9957432405,4205,326.264282614
low_downforce,optimum-wing,17.9957432405,4210,326.518938628
low_downforce,optimum-wing,17.9957432405,4215,326.769066344
low_downforce,optimum-wing,17.9957432405,4220,327.014751023
low_downforce,optimum-wing,17.9957432405,4225,327.256076148
low_downforce,optimum-wing,17.9957432405,4230,327.493123469
low_downforce,optimum-wing,17.9957432405,4235,327.725973042
low_downforce,optimum-wing,17.9957432405,4240,327.954703273
low_downforce,optimum-wing,17.9957432405,4245,328.179390958
low_downforce,optimum-wing,17.9957432405,4250,328.400111318
low_downforce,optimum-wing,17.9957432405,4255,328.616938038
low_downforce,optimum-wing,17.9957432405,4260,328.829943307
low_downforce,optimum-wing,17.9957432405,4265,329.039197845
low_downforce,optimum-wing,17.9957432405,4270,329.244770947
low_downforce,optimum-wing,17.9957432405,4275,329.44673051
low_downforce,optimum-wing,17.9957432405,4280,329.645143064
low_downforce,optimum-wing,17.9957432405,4285,329.840073811
low_downforce,optimum-wing,17.9957432405,4290,330.031586648
low_downforce,optimum-wing,17.9957432405,4295,330.219744201
low_downforce,optimum-wing,17.9957432405,4300,330.404607851
low_downforce,optimum-wing,17.9957432405,4305,330.586237765
low_downforce,optimum-wing,17.9957432405,4310,330.764692922
low_downforce,optimum-wing,17.9957432405,4315,330.94003114
low_downforce,optimum-wing,17.9957432405,4320,331.112309101
low_downforce,optimum-wing,17.9957432405,4325,331.281582377
low_downforce,optimum-wing,17.9957432405,4330,331.447905454
low_downforce,optimum-wing,17.9957432405,4335,331.529177753
low_downforce,optimum-wing,17.9957432405,4340,331.609366113
low_downforce,optimum-wing,17.9957432405,4345,331.6884853
low_downforce,optimum-wing,17.9957432405,4350,331.766549869
low_downforce,optimum-wing,17.9957432405,4355,331.843574169
low_downforce,optimum-wing,17.9957432405,4360,331.919572346
low_downforce,optimum-wing,17.9957432405,4365,331.994558348
low_downforce,optimum-wing,17.9957432405,4370,332.068545922
low_downforce,optimum-wing,17.9957432405,4375,332.141548624
low_downforce,optimum-wing,17.9957432405,4380,332.213579818
low_downforce,optimum-wing,17.9957432405,4385,332.28465268
low_downforce,optimum-wing,17.9957432405,4390,332.354780202
low_downforce,optimum-wing,17.9957432405,4395,332.42397519
low_downforce,optimum-wing,17.9957432405,4400,332.492250274
low_downforce,optimum-wing,17.9957432405,4405,332.559617905
low_downforce,optimum-wing,17.9957432405,4410,332.626090359
low_downforce,optimum-wing,17.9957432405,4415,332.691679742
low_downforce,optimum-wing,17.9957432405,4420,332.756397988
low_downforce,optimum-wing,17.9957432405,4425,332.820256868
low_downforce,optimum-wing,17.9957432405,4430,332.883267984
low_downforce,optimum-wing,17.9957432405,4435,332.945442781
low_downforce,optimum-wing,17.9957432405,4440,333.006792541
low_downforce,optimum-wing,17.9957432405,4445,333.06732839
low_downforce,optimum-wing,17.9957432405,4450,333.1270613
low_downforce,optimum-wing,17.9957432405,4455,333.186002089
low_downforce,optimum-wing,17.9957432405,4460,333.244161427
low_downforce,optimum-wing,17.9957432405,4465,333.301549832
low_downforce,optimum-wing,17.9957432405,4470,333.358177681
low_downforce,optimum-wing,17.9957432405,4475,333.414055203
low_downforce,optimum-wing,17.9957432405,4480,333.469192489
low_downforce,optimum-wing,17.9957432405,4485,333.523599487
low_downforce,optimum-wing,17.9957432405,4490,333.577286009
low_downforce,optimum-wing,17.9957432405,4495,333.630261732
low_downforce,optimum-wing,17.9957432405,4500,333.6825362
low_downforce,optimum-wing,17.9957432405,4505,333.734118823
low_downforce,optimum-wing,17.9957432405,4510,333.785018882
low_downforce,optimum-wing,17.9957432405,4515,333.835245533
low_downforce,optimum-wing,17.9957432405,4520,333.884807801
low_downforce,optimum-wing,17.9957432405,4525,333.933714592
low_downforce,optimum-wing,17.9957432405,4530,333.981974686
low_downforce,optimum-wing,17.9957432405,4535,334.029596743
low_downforce,optimum-wing,17.9957432405,4540,334.076589306
low_downforce,optimum-wing,17.9957432405,4545,334.122960799
low_downforce,optimum-wing,17.9957432405,4550,334.168719531
low_downforce,optimum-wing,17.9957432405,4555,334.213873697
low_downforce,optimum-wing,17.9957432405,4560,334.25843138
low_downforce,optimum-wing,17.9957432405,4565,334.302400553
low_downforce,optimum-wing,17.9957432405,4570,334.345789079
low_downforce,optimum-wing,17.9957432405,4575,334.388604714
low_downforce,optimum-wing,17.9957432405,4580,334.430855108
low_downforce,optimum-wing,17.9957432405,4585,334.472547806
low_downforce,optimum-wing,17.9957432405,4590,334.513690251
low_downforce,optimum-wing,17.9957432405,4595,334.554289785
low_downforce,optimum-wing,17.9957432405,4600,334.594353649
low_downforce,optimum-wing,17.9957432405,4605,334.633888984
low_downforce,optimum-wing,17.9957432405,4610,334.672902837
low_downforce,optimum-wing,17.9957432405,4615,334.711402157
low_downforce,optimum-wing,17.9957432405,4620,334.749393798
low_downforce,optimum-wing,17.9957432405,4625,334.786884524
low_downforce,optimum-wing,17.9957432405,4630,334.823881003
low_downforce,optimum-wing,17.9957432405,4635,334.860389815
low_downforce,optimum-wing,17.9957432405,4640,334.89641745
low_downforce,optimum-wing,17.9957432405,4645,334.931970311
low_downforce,optimum-wing,17.9957432405,4650,334.967054713
low_downforce,optimum-wing,17.9957432405,4655,335.001676886
low_downforce,optimum-wing,17.9957432405,4660,335.035842975
low_downforce,optimum-wing,17.9957432405,4665,335.069559043
low_downforce,optimum-wing,17.9957432405,4670,335.10283107
low_downforce,optimum-wing,17.9957432405,4675,335.135664955
low_downforce,optimum-wing,17.9957432405,4680,335.168066518
low_downforce,optimum-wing,17.9957432405,4685,335.200041501
low_downforce,optimum-wing,17.9957432405,4690,335.231595566
low_downforce,optimum-wing,17.9957432405,4695,335.262734301
low_downforce,optimum-wing,17.9957432405,4700,335.293463218
low_downforce,optimum-wing,17.9957432405,4705,335.323787753
low_downforce,optimum-wing,17.9957432405,4710,335.353713272
low_downforce,optimum-wing,17.9957432405,4715,335.383245066
low_downforce,optimum-wing,17.9957432405,4720,335.412388356
low_downforce,optimum-wing,17.9957432405,4725,335.441148292
low_downforce,optimum-wing,17.9957432405,4730,335.469529954
low_downforce,optimum-wing,17.9957432405,4735,335.497538356
low_downforce,optimum-wing,17.9957432405,4740,335.525178443
low_downforce,optimum-wing,17.9957432405,4745,335.552455093
low_downforce,optimum-wing,17.9957432405,4750,335.579373121
low_downforce,optimum-wing,17.9957432405,4755,335.605937273
low_downforce,optimum-wing,17.9957432405,4760,335.632152236
low_downforce,optimum-wing,17.9957432405,4765,335.65802263
low_downforce,optimum-wing,17.9957432405,4770,335.683553017
low_downforce,optimum-wing,17.9957432405,4775,335.708747894
low_downforce,optimum-wing,17.9957432405,4780,335.7336117
low_downforce,optimum-wing,17.9957432405,4785,335.758148815
low_downforce,optimum-wing,17.9957432405,4790,335.782363557
low_downforce,optimum-wing,17.9957432405,4795,335.806260191
low_downforce,optimum-wing,17.9957432405,4800,335.829842921
low_downforce,optimum-wing,17.9957432405,4805,335.853115896
low_downforce,optimum-wing,17.9957432405,4810,335.87608321
low_downforce,optimum-wing,17.9957432405,4815,335.898748901
low_downforce,optimum-wing,17.9957432405,4820,335.921116955
low_downforce,optimum-wing,17.9957432405,4825,335.943191303
low_downforce,optimum-wing,17.9957432405,4830,335.964975824
low_downforce,optimum-wing,17.9957432405,4835,335.986474345
low_downforce,optimum-wing,17.9957432405,4840,336.007690642
low_downforce,optimum-wing,17.9957432405,4845,336.028628441
low_downforce,optimum-wing,17.9957432405,4850,336.049291418
low_downforce,optimum-wing,17.9957432405,4855,336.0696832
low_downforce,optimum-wing,17.9957432405,4860,336.089807365
low_downforce,optimum-wing,17.9957432405,4865,336.109667443
low_downforce,optimum-wing,17.9957432405,4870,336.12926692
low_downforce,optimum-wing,17.9957432405,4875,336.148609231
low_downforce,optimum-wing,17.9957432405,4880,336.167697769
low_downforce,optimum-wing,17.9957432405,4885,336.18653588
low_downforce,optimum-wing,17.9957432405,4890,336.205126865
low_downforce,optimum-wing,17.9957432405,4895,336.223473982
low_downforce,optimum-wing,17.9957432405,4900,336.241580446
low_downforce,optimum-wing,17.9957432405,4905,336.259449429
low_downforce,optimum-wing,17.9957432405,4910,336.277084059
low_downforce,optimum-wing,17.9957432405,4915,336.294487425
low_downforce,optimum-wing,17.9957432405,4920,336.311662573
low_downforce,optimum-wing,17.9957432405,4925,336.32861251
low_downforce,optimum-wing,17.9957432405,4930,336.345340202
low_downforce,optimum-wing,17.9957432405,4935,336.361848575
low_downforce,optimum-wing,17.9957432405,4940,336.378140519
low_downforce,optimum-wing,17.9957432405,4945,336.394218882
low_downforce,optimum-wing,17.9957432405,4950,336.410086477
low_downforce,optimum-wing,17.9957432405,4955,336.425746077
low_downforce,optimum-wing,17.9957432405,4960,336.441200421
low_downforce,optimum-wing,17.9957432405,4965,330.574898511
low_downforce,optimum-wing,17.9957432405,4970,321.280803832
low_downforce,optimum-wing,17.9957432405,4975,311.8137102
low_downforce,optimum-wing,17.9957432405,4980,302.15620856
low_downforce,optimum-wing,17.9957432405,4985,292.288251248
low_downforce,optimum-wing,17.9957432405,4990,282.186557013
low_downforce,optimum-wing,17.9957432405,4995,271.823832316
low_downforce,optimum-wing,17.9957432405,5000,261.167734607
low_downforce,optimum-wing,17.9957432405,5005,261.167734607
low_downforce,optimum-wing,17.9957432405,5010,261.167734607
low_downforce,optimum-wing,17.9957432405,5015,261.167734607
low_downforce,optimum-wing,17.9957432405,5020,261.167734607
low_downforce,optimum-wing,17.9957432405,5025,261.167734607
low_downforce,optimum-wing,17.9957432405,5030,261.167734607
low_downforce,optimum-wing,17.9957432405,5035,261.167734607
low_downforce,optimum-wing,17.9957432405,5040,261.167734607
low_downforce,optimum-wing,17.9957432405,5045,261.167734607
low_downforce,optimum-wing,17.9957432405,5050,261.167734607
low_downforce,optimum-wing,17.9957432405,5055,261.167734607
low_downforce,optimum-wing,17.9957432405,5060,261.167734607
low_downforce,optimum-wing,17.9957432405,5065,261.167734607
low_downforce,optimum-wing,17.9957432405,5070,261.167734607
low_downforce,optimum-wing,17.9957432405,5075,261.167734607
low_downforce,optimum-wing,17.9957432405,5080,261.167734607
low_downforce,optimum-wing,17.9957432405,5085,261.167734607
low_downforce,optimum-wing,17.9957432405,5090,261.167734607
low_downforce,optimum-wing,17.9957432405,5095,261.167734607
low_downforce,optimum-wing,17.9957432405,5100,261.167734607
low_downforce,optimum-wing,17.9957432405,5105,261.167734607
low_downforce,optimum-wing,17.9957432405,5110,261.167734607
low_downforce,optimum-wing,17.9957432405,5115,261.167734607
low_downforce,optimum-wing,17.9957432405,5120,261.167734607
low_downforce,optimum-wing,17.9957432405,5125,261.167734607
low_downforce,optimum-wing,17.9957432405,5130,261.167734607
low_downforce,optimum-wing,17.9957432405,5135,261.167734607
low_downforce,optimum-wing,17.9957432405,5140,261.167734607
low_downforce,optimum-wing,17.9957432405,5145,261.167734607
low_downforce,optimum-wing,17.9957432405,5150,261.167734607
low_downforce,optimum-wing,17.9957432405,5155,261.167734607
low_downforce,optimum-wing,17.9957432405,5160,261.167734607
low_downforce,optimum-wing,17.9957432405,5165,261.167734607
low_downforce,optimum-wing,17.9957432405,5170,261.167734607
low_downforce,optimum-wing,17.9957432405,5175,261.167734607
low_downforce,optimum-wing,17.9957432405,5180,261.167734607
low_downforce,optimum-wing,17.9957432405,5185,261.167734607
low_downforce,optimum-wing,17.9957432405,5190,261.167734607
low_downforce,optimum-wing,17.9957432405,5195,261.167734607
low_downforce,optimum-wing,17.9957432405,5200,261.167734607
low_downforce,optimum-wing,17.9957432405,5205,261.167734607
low_downforce,optimum-wing,17.9957432405,5210,261.167734607
low_downforce,optimum-wing,17.9957432405,5215,261.167734607
low_downforce,optimum-wing,17.9957432405,5220,261.167734607
low_downforce,optimum-wing,17.9957432405,5225,261.167734607
low_downforce,optimum-wing,17.9957432405,5230,261.167734607
low_downforce,optimum-wing,17.9957432405,5235,261.167734607
low_downforce,optimum-wing,17.9957432405,5240,261.167734607
low_downforce,optimum-wing,17.9957432405,5245,261.167734607
low_downforce,optimum-wing,17.9957432405,5250,261.167734607
low_downforce,optimum-wing,17.9957432405,5255,261.167734607
low_downforce,optimum-wing,17.9957432405,5260,261.167734607
low_downforce,optimum-wing,17.9957432405,5265,261.167734607
low_downforce,optimum-wing,17.9957432405,5270,261.167734607
low_downforce,optimum-wing,17.9957432405,5275,261.167734607
low_downforce,optimum-wing,17.9957432405,5280,261.167734607
low_downforce,optimum-wing,17.9957432405,5285,261.167734607
low_downforce,optimum-wing,17.9957432405,5290,261.167734607
low_downforce,optimum-wing,17.9957432405,5295,261.167734607
low_downforce,optimum-wing,17.9957432405,5300,261.167734607
low_downforce,optimum-wing,17.9957432405,5305,262.892494472
low_downforce,optimum-wing,17.9957432405,5310,264.566505687
low_downforce,optimum-wing,17.9957432405,5315,266.016926118
low_downforce,optimum-wing,17.9957432405,5320,267.437690422
low_downforce,optimum-wing,17.9957432405,5325,268.829630847
low_downforce,optimum-wing,17.9957432405,5330,270.193545603
low_downforce,optimum-wing,17.9957432405,5335,271.530200795
low_downforce,optimum-wing,17.9957432405,5340,272.840332217
low_downforce,optimum-wing,17.9957432405,5345,274.12464702
low_downforce,optimum-wing,17.9957432405,5350,275.38382526
low_downforce,optimum-wing,17.9957432405,5355,276.618521336
low_downforce,optimum-wing,17.9957432405,5360,277.829365334
low_downforce,optimum-wing,17.9957432405,5365,279.01696428
low_downforce,optimum-wing,17.9957432405,5370,280.181903303
low_downforce,optimum-wing,17.9957432405,5375,281.324746734
low_downforce,optimum-wing,17.9957432405,5380,282.446039126
low_downforce,optimum-wing,17.9957432405,5385,283.546306207
low_downforce,optimum-wing,17.9957432405,5390,284.626055785
low_downforce,optimum-wing,17.9957432405,5395,285.685778586
low_downforce,optimum-wing,17.9957432405,5400,286.725949043
low_downforce,optimum-wing,17.9957432405,5405,287.747026046
low_downforce,optimum-wing,17.9957432405,5410,288.747874883
low_downforce,optimum-wing,17.9957432405,5415,289.72748452
low_downforce,optimum-wing,17.9957432405,5420,290.686410091
low_downforce,optimum-wing,17.9957432405,5425,291.625187388
low_downforce,optimum-wing,17.9957432405,5430,292.544333774
low_downforce,optimum-wing,17.9957432405,5435,293.44434903
low_downforce,optimum-wing,17.9957432405,5440,294.325716161
low_downforce,optimum-wing,17.9957432405,5445,295.188902153
low_downforce,optimum-wing,17.9957432405,5450,296.034358679
low_downforce,optimum-wing,17.9957432405,5455,296.862522776
low_downforce,optimum-wing,17.9957432405,5460,297.673817476
low_downforce,optimum-wing,17.9957432405,5465,298.468652405
low_downforce,optimum-wing,17.9957432405,5470,299.247424344
low_downforce,optimum-wing,17.9957432405,5475,300.010517772
low_downforce,optimum-wing,17.9957432405,5480,300.758305364
low_downforce,optimum-wing,17.9957432405,5485,301.491148475
low_downforce,optimum-wing,17.9957432405,5490,302.209397593
low_downforce,optimum-wing,17.9957432405,5495,302.91339277
low_downforce,optimum-wing,17.9957432405,5500,303.603464031
low_downforce,optimum-wing,17.9957432405,5505,304.279931763
low_downforce,optimum-wing,17.9957432405,5510,304.943107083
low_downforce,optimum-wing,17.9957432405,5515,305.593292189
low_downforce,optimum-wing,17.9957432405,5520,306.230780695
low_downforce,optimum-wing,17.9957432405,5525,306.855857951
low_downforce,optimum-wing,17.9957432405,5530,307.468801339
low_downforce,optimum-wing,17.9957432405,5535,308.069880569
low_downforce,optimum-wing,17.9957432405,5540,308.659357951
low_downforce,optimum-wing,17.9957432405,5545,309.237488656
low_downforce,optimum-wing,17.9957432405,5550,309.80452097
low_downforce,optimum-wing,17.9957432405,5555,310.360696531
low_downforce,optimum-wing,17.9957432405,5560,310.90625056
low_downforce,optimum-wing,17.9957432405,5565,311.441412077
low_downforce,optimum-wing,17.9957432405,5570,311.966404112
low_downforce,optimum-wing,17.9957432405,5575,312.481443906
low_downforce,optimum-wing,17.9957432405,5580,312.986743099
low_downforce,optimum-wing,17.9957432405,5585,313.482507918
low_downforce,optimum-wing,17.9957432405,5590,313.968939351
low_downforce,optimum-wing,17.9957432405,5595,314.446233313
low_downforce,optimum-wing,17.9957432405,5600,314.914580814
low_downforce,optimum-wing,17.9957432405,5605,315.374168107
low_downforce,optimum-wing,17.9957432405,5610,315.825176843
low_downforce,optimum-wing,17.9957432405,5615,316.26778421
low_downforce,optimum-wing,17.9957432405,5620,316.702163072
low_downforce,optimum-wing,17.9957432405,5625,317.128482102
low_downforce,optimum-wing,17.9957432405,5630,317.546905905
low_downforce,optimum-wing,17.9957432405,5635,317.957595146
low_downforce,optimum-wing,17.9957432405,5640,318.360706663
low_downforce,optimum-wing,17.9957432405,5645,318.75639358
low_downforce,optimum-wing,17.9957432405,5650,319.144805417
low_downforce,optimum-wing,17.9957432405,5655,319.526088198
low_downforce,optimum-wing,17.9957432405,5660,319.900384545
low_downforce,optimum-wing,17.9957432405,5665,320.267833781
low_downforce,optimum-wing,17.9957432405,5670,320.628572021
low_downforce,optimum-wing,17.9957432405,5675,320.982732264
low_downforce,optimum-wing,17.9957432405,5680,321.330444478
low_downforce,optimum-wing,17.9957432405,5685,321.671835686
low_downforce,optimum-wing,17.9957432405,5690,322.007030049
low_downforce,optimum-wing,17.9957432405,5695,322.33614894
low_downforce,optimum-wing,17.9957432405,5700,322.659311021
low_downforce,optimum-wing,17.9957432405,5705,322.976632321
low_downforce,optimum-wing,17.9957432405,5710,323.288226299
low_downforce,optimum-wing,17.9957432405,5715,323.59420392
low_downforce,optimum-wing,17.9957432405,5720,323.894673713
low_downforce,optimum-wing,17.9957432405,5725,324.189741844
low_downforce,optimum-wing,17.9957432405,5730,324.47951217
low_downforce,optimum-wing,17.9957432405,5735,324.764086302
low_downforce,optimum-wing,17.9957432405,5740,325.043563666
low_downforce,optimum-wing,17.9957432405,5745,325.318041551
low_downforce,optimum-wing,17.9957432405,5750,325.587615174
low_downforce,optimum-wing,17.9957432405,5755,325.852377722
low_downforce,optimum-wing,17.9957432405,5760,326.11242041
low_downforce,optimum-wing,17.9957432405,5765,326.367832528
low_downforce,optimum-wing,17.9957432405,5770,326.61870149
low_downforce,optimum-wing,17.9957432405,5775,326.865112877
low_downforce,optimum-wing,17.9957432405,5780,327.107150487
low_downforce,optimum-wing,17.9957432405,5785,327.344896374
low_downforce,optimum-wing,17.9957432405,5790,327.578430895
low_downforce,optimum-wing,17.9957432405,5795,327.807832745
low_downforce,optimum-wing,17.9957432405,5800,328.033179003
low_downforce,optimum-wing,17.9957432405,5805,328.254545168
low_downforce,optimum-wing,17.9957432405,5810,328.472005196
low_downforce,optimum-wing,17.9957432405,5815,328.685631536
low_downforce,maximum-wing,30,0,313.998286129
low_downforce,maximum-wing,30,5,314.170936805
low_downforce,maximum-wing,30,10,314.340183364
low_downforce,maximum-wing,30,15,314.506095356
low_downforce,maximum-wing,30,20,314.668740813
low_downforce,maximum-wing,30,25,314.828186286
low_downforce,maximum-wing,30,30,314.98449688
low_downforce,maximum-wing,30,35,315.137736293
low_downforce,maximum-wing,30,40,315.287966845
low_downforce,maximum-wing,30,45,315.435249512
low_downforce,maximum-wing,30,50,315.579643962
low_downforce,maximum-wing,30,55,315.721208582
low_downforce,maximum-wing,30,60,315.860000508
low_downforce,maximum-wing,30,65,315.996075658
low_downforce,maximum-wing,30,70,316.12948876
low_downforce,maximum-wing,30,75,316.260293375
low_downforce,maximum-wing,30,80,316.38854193
low_downforce,maximum-wing,30,85,316.514285743
low_downforce,maximum-wing,30,90,316.637575046
low_downforce,maximum-wing,30,95,316.758459014
low_downforce,maximum-wing,30,100,316.876985786
low_downforce,maximum-wing,30,105,316.99320249
low_downforce,maximum-wing,30,110,317.107155267
low_downforce,maximum-wing,30,115,317.218889292
low_downforce,maximum-wing,30,120,317.328448796
low_downforce,maximum-wing,30,125,317.435877091
low_downforce,maximum-wing,30,130,317.541216583
low_downforce,maximum-wing,30,135,317.644508801
low_downforce,maximum-wing,30,140,317.74579441
low_downforce,maximum-wing,30,145,317.845113236
low_downforce,maximum-wing,30,150,317.942504279
low_downforce,maximum-wing,30,155,318.038005735
low_downforce,maximum-wing,30,160,318.131655015
low_downforce,maximum-wing,30,165,318.223488756
low_downforce,maximum-wing,30,170,318.313542847
low_downforce,maximum-wing,30,175,318.401852437
low_downforce,maximum-wing,30,180,318.488451957
low_downforce,maximum-wing,30,185,318.573375135
low_downforce,maximum-wing,30,190,318.656655007
low_downforce,maximum-wing,30,195,318.738323938
low_downforce,maximum-wing,30,200,318.818413631
low_downforce,maximum-wing,30,205,318.896955147
low_downforce,maximum-wing,30,210,318.973978913
low_downforce,maximum-wing,30,215,319.049514741
low_downforce,maximum-wing,30,220,319.123591838
low_downforce,maximum-wing,30,225,319.196238819
low_downforce,maximum-wing,30,230,319.267483723
low_downforce,maximum-wing,30,235,319.337354018
low_downforce,maximum-wing,30,240,319.405876624
low_downforce,maximum-wing,30,245,319.473077913
low_downforce,maximum-wing,30,250,319.538983731
low_downforce,maximum-wing,30,255,319.603619402
low_downforce,maximum-wing,30,260,319.66700974
low_downforce,maximum-wing,30,265,319.729179065
low_downforce,maximum-wing,30,270,319.790151207
low_downforce,maximum-wing,30,275,319.849949519
low_downforce,maximum-wing,30,280,319.908596888
low_downforce,maximum-wing,30,285,319.966115743
low_downforce,maximum-wing,30,290,320.022528066
low_downforce,maximum-wing,30,295,320.077855399
low_downforce,maximum-wing,30,300,320.132118857
low_downforce,maximum-wing,30,305,320.185339132
low_downforce,maximum-wing,30,310,320.237536508
low_downforce,maximum-wing,30,315,320.288730862
low_downforce,maximum-wing,30,320,320.33894168
low_downforce,maximum-wing,30,325,320.388188058
low_downforce,maximum-wing,30,330,320.436488716
low_downforce,maximum-wing,30,335,320.483862002
low_downforce,maximum-wing,30,340,320.530325902
low_downforce,maximum-wing,30,345,320.575898045
low_downforce,maximum-wing,30,350,320.620595711
low_downforce,maximum-wing,30,355,320.664435842
low_downforce,maximum-wing,30,360,320.707435043
low_downforce,maximum-wing,30,365,320.749609591
low_downforce,maximum-wing,30,370,320.790975445
low_downforce,maximum-wing,30,375,320.831548247
low_downforce,maximum-wing,30,380,320.871343334
low_downforce,maximum-wing,30,385,320.910375739
low_downforce,maximum-wing,30,390,320.948660201
low_downforce,maximum-wing,30,395,320.986211168
low_downforce,maximum-wing,30,400,321.023042806
low_downforce,maximum-wing,30,405,321.059169002
low_downforce,maximum-wing,30,410,321.094603373
low_downforce,maximum-wing,30,415,321.129359266
low_downforce,maximum-wing,30,420,321.163449769
low_downforce,maximum-wing,30,425,321.196887713
low_downforce,maximum-wing,30,430,321.229685678
low_downforce,maximum-wing,30,435,321.261855998
low_downforce,maximum-wing,30,440,321.293410767
low_downforce,maximum-wing,30,445,321.324361842
low_downforce,maximum-wing,30,450,321.354720849
low_downforce,maximum-wing,30,455,321.384499186
low_downforce,maximum-wing,30,460,321.41370803
low_downforce,maximum-wing,30,465,321.442358341
low_downforce,maximum-wing,30,470,321.470460863
low_downforce,maximum-wing,30,475,321.498026133
low_downforce,maximum-wing,30,480,321.525064483
low_downforce,maximum-wing,30,485,321.551586041
low_downforce,maximum-wing,30,490,321.577600743
low_downforce,maximum-wing,30,495,321.603118327
low_downforce,maximum-wing,30,500,321.628148346
low_downforce,maximum-wing,30,505,321.652700164
low_downforce,maximum-wing,30,510,321.676782966
low_downforce,maximum-wing,30,515,321.700405756
low_downforce,maximum-wing,30,520,321.723577367
low_downforce,maximum-wing,30,525,321.746306457
low_downforce,maximum-wing,30,530,321.768601518
low_downforce,maximum-wing,30,535,321.790470879
low_downforce,maximum-wing,30,540,321.811922705
low_downforce,maximum-wing,30,545,321.832965004
low_downforce,maximum-wing,30,550,321.853605629
low_downforce,maximum-wing,30,555,321.873852282
low_downforce,maximum-wing,30,560,321.893712515
low_downforce,maximum-wing,30,565,321.913193733
low_downforce,maximum-wing,30,570,321.932303201
low_downforce,maximum-wing,30,575,321.95104804
low_downforce,maximum-wing,30,580,321.969435237
low_downforce,maximum-wing,30,585,321.987471641
low_downforce,maximum-wing,30,590,322.00516397
low_downforce,maximum-wing,30,595,322.022518814
low_downforce,maximum-wing,30,600,322.039542633
low_downforce,maximum-wing,30,605,322.056241764
low_downforce,maximum-wing,30,610,322.072622423
low_downforce,maximum-wing,30,615,322.088690703
low_downforce,maximum-wing,30,620,322.104452582
low_downforce,maximum-wing,30,625,322.119913922
low_downforce,maximum-wing,30,630,322.135080474
low_downforce,maximum-wing,30,635,322.149957874
low_downforce,maximum-wing,30,640,322.164551655
low_downforce,maximum-wing,30,645,322.178867238
low_downforce,maximum-wing,30,650,322.192909944
low_downforce,maximum-wing,30,655,322.206684989
low_downforce,maximum-wing,30,660,322.220197491
low_downforce,maximum-wing,30,665,322.233452467
low_downforce,maximum-wing,30,670,322.24645484
low_downforce,maximum-wing,30,675,322.259209436
low_downforce,maximum-wing,30,680,322.27172099
low_downforce,maximum-wing,30,685,322.283994146
low_downforce,maximum-wing,30,690,322.296033458
low_downforce,maximum-wing,30,695,322.307843393
low_downforce,maximum-wing,30,700,322.319428332
low_downforce,maximum-wing,30,705,322.330792572
low_downforce,maximum-wing,30,710,322.341940327
low_downforce,maximum-wing,30,715,322.352875732
low_downforce,maximum-wing,30,720,322.363602841
low_downforce,maximum-wing,30,725,322.374125631
low_downforce,maximum-wing,30,730,322.384448001
low_downforce,maximum-wing,30,735,322.394573778
low_downforce,maximum-wing,30,740,322.404506714
low_downforce,maximum-wing,30,745,322.414250488
low_downforce,maximum-wing,30,750,322.423808712
low_downforce,maximum-wing,30,755,322.433184925
low_downforce,maximum-wing,30,760,322.4423826
low_downforce,maximum-wing,30,765,322.451405144
low_downforce,maximum-wing,30,770,322.460255898
low_downforce,maximum-wing,30,775,322.468938139
low_downforce,maximum-wing,30,780,322.47745508
low_downforce,maximum-wing,30,785,322.485809876
low_downforce,maximum-wing,30,790,322.494005617
low_downforce,maximum-wing,30,795,322.502045338
low_downforce,maximum-wing,30,800,322.509932014
low_downforce,maximum-wing,30,805,322.517668563
low_downforce,maximum-wing,30,810,322.525257848
low_downforce,maximum-wing,30,815,322.532702675
low_downforce,maximum-wing,30,820,322.5400058
low_downforce,maximum-wing,30,825,322.547169923
low_downforce,maximum-wing,30,830,322.554197694
low_downforce,maximum-wing,30,835,322.561091713
low_downforce,maximum-wing,30,840,322.567854528
low_downforce,maximum-wing,30,845,322.57448864
low_downforce,maximum-wing,30,850,322.580996501
low_downforce,maximum-wing,30,855,322.587380519
low_downforce,maximum-wing,30,860,322.593643052
low_downforce,maximum-wing,30,865,322.599786416
low_downforce,maximum-wing,30,870,322.605812881
low_downforce,maximum-wing,30,875,322.611724675
low_downforce,maximum-wing,30,880,322.617523981
low_downforce,maximum-wing,30,885,322.623212944
low_downforce,maximum-wing,30,890,322.628793666
low_downforce,maximum-wing,30,895,322.634268207
low_downforce,maximum-wing,30,900,322.639638591
low_downforce,maximum-wing,30,905,322.644906801
low_downforce,maximum-wing,30,910,322.650074785
low_downforce,maximum-wing,30,915,322.65514445
low_downforce,maximum-wing,30,920,322.660117668
low_downforce,maximum-wing,30,925,322.664996278
low_downforce,maximum-wing,30,930,322.669782081
low_downforce,maximum-wing,30,935,322.674476843
low_downforce,maximum-wing,30,940,322.679082298
low_downforce,maximum-wing,30,945,322.683600148
low_downforce,maximum-wing,30,950,322.688032059
low_downforce,maximum-wing,30,955,322.692379668
low_downforce,maximum-wing,30,960,322.696644581
low_downforce,maximum-wing,30,965,322.700828372
low_downforce,maximum-wing,30,970,322.704932584
low_downforce,maximum-wing,30,975,322.708958734
low_downforce,maximum-wing,30,980,322.712908306
low_downforce,maximum-wing,30,985,322.71678276
low_downforce,maximum-wing,30,990,322.720583524
low_downforce,maximum-wing,30,995,322.724312001
low_downforce,maximum-wing,30,1000,322.727969567
low_downforce,maximum-wing,30,1005,322.731557573
low_downforce,maximum-wing,30,1010,322.735077341
low_downforce,maximum-wing,30,1015,322.738530171
low_downforce,maximum-wing,30,1020,322.741917336
low_downforce,maximum-wing,30,1025,322.745240087
low_downforce,maximum-wing,30,1030,322.748499648
low_downforce,maximum-wing,30,1035,322.751697224
low_downforce,maximum-wing,30,1040,322.754833992
low_downforce,maximum-wing,30,1045,322.75791111
low_downforce,maximum-wing,30,1050,322.760929714
low_downforce,maximum-wing,30,1055,322.763890917
low_downforce,maximum-wing,30,1060,322.766795811
low_downforce,maximum-wing,30,1065,322.769645467
low_downforce,maximum-wing,30,1070,322.772440936
low_downforce,maximum-wing,30,1075,322.77518325
low_downforce,maximum-wing,30,1080,322.777873419
low_downforce,maximum-wing,30,1085,322.780512436
low_downforce,maximum-wing,30,1090,322.783101275
low_downforce,maximum-wing,30,1095,322.785640888
low_downforce,maximum-wing,30,1100,322.788132214
low_downforce,maximum-wing,30,1105,322.790576171
low_downforce,maximum-wing,30,1110,322.792973659
low_downforce,maximum-wing,30,1115,322.795325563
low_downforce,maximum-wing,30,1120,322.79763275
low_downforce,maximum-wing,30,1125,322.799896071
low_downforce,maximum-wing,30,1130,322.80211636
low_downforce,maximum-wing,30,1135,322.804294435
low_downforce,maximum-wing,30,1140,322.8064311
low_downforce,maximum-wing,30,1145,322.808527142
low_downforce,maximum-wing,30,1150,322.810583333
low_downforce,maximum-wing,30,1155,322.812600433
low_downforce,maximum-wing,30,1160,322.814579184
low_downforce,maximum-wing,30,1165,322.816520315
low_downforce,maximum-wing,30,1170,322.818424543
low_downforce,maximum-wing,30,1175,322.820292569
low_downforce,maximum-wing,30,1180,319.690598493
low_downforce,maximum-wing,30,1185,309.871077835
low_downforce,maximum-wing,30,1190,299.860107865
low_downforce,maximum-wing,30,1195,289.636138998
low_downforce,maximum-wing,30,1200,279.174030828
low_downforce,maximum-wing,30,1205,279.174030828
low_downforce,maximum-wing,30,1210,279.174030828
low_downforce,maximum-wing,30,1215,279.174030828
low_downforce,maximum-wing,30,1220,279.174030828
low_downforce,maximum-wing,30,1225,279.174030828
low_downforce,maximum-wing,30,1230,279.174030828
low_downforce,maximum-wing,30,1235,279.174030828
low_downforce,maximum-wing,30,1240,279.174030828
low_downforce,maximum-wing,30,1245,279.174030828
low_downforce,maximum-wing,30,1250,279.174030828
low_downforce,maximum-wing,30,1255,279.174030828
low_downforce,maximum-wing,30,1260,279.174030828
low_downforce,maximum-wing,30,1265,279.174030828
low_downforce,maximum-wing,30,1270,279.174030828
low_downforce,maximum-wing,30,1275,279.174030828
low_downforce,maximum-wing,30,1280,279.174030828
low_downforce,maximum-wing,30,1285,279.174030828
low_downforce,maximum-wing,30,1290,279.174030828
low_downforce,maximum-wing,30,1295,279.174030828
low_downforce,maximum-wing,30,1300,279.174030828
low_downforce,maximum-wing,30,1305,279.174030828
low_downforce,maximum-wing,30,1310,279.174030828
low_downforce,maximum-wing,30,1315,279.174030828
low_downforce,maximum-wing,30,1320,279.174030828
low_downforce,maximum-wing,30,1325,279.174030828
low_downforce,maximum-wing,30,1330,279.174030828
low_downforce,maximum-wing,30,1335,279.174030828
low_downforce,maximum-wing,30,1340,279.174030828
low_downforce,maximum-wing,30,1345,279.174030828
low_downforce,maximum-wing,30,1350,279.174030828
low_downforce,maximum-wing,30,1355,279.174030828
low_downforce,maximum-wing,30,1360,279.174030828
low_downforce,maximum-wing,30,1365,279.174030828
low_downforce,maximum-wing,30,1370,279.174030828
low_downforce,maximum-wing,30,1375,279.174030828
low_downforce,maximum-wing,30,1380,279.174030828
low_downforce,maximum-wing,30,1385,279.174030828
low_downforce,maximum-wing,30,1390,279.174030828
low_downforce,maximum-wing,30,1395,279.174030828
low_downforce,maximum-wing,30,1400,279.174030828
low_downforce,maximum-wing,30,1405,279.174030828
low_downforce,maximum-wing,30,1410,279.174030828
low_downforce,maximum-wing,30,1415,279.174030828
low_downforce,maximum-wing,30,1420,279.174030828
low_downforce,maximum-wing,30,1425,279.174030828
low_downforce,maximum-wing,30,1430,279.174030828
low_downforce,maximum-wing,30,1435,279.174030828
low_downforce,maximum-wing,30,1440,279.174030828
low_downforce,maximum-wing,30,1445,279.174030828
low_downforce,maximum-wing,30,1450,279.174030828
low_downforce,maximum-wing,30,1455,279.174030828
low_downforce,maximum-wing,30,1460,279.174030828
low_downforce,maximum-wing,30,1465,279.174030828
low_downforce,maximum-wing,30,1470,279.174030828
low_downforce,maximum-wing,30,1475,279.174030828
low_downforce,maximum-wing,30,1480,279.174030828
low_downforce,maximum-wing,30,1485,279.174030828
low_downforce,maximum-wing,30,1490,279.174030828
low_downforce,maximum-wing,30,1495,279.174030828
low_downforce,maximum-wing,30,1500,279.174030828
low_downforce,maximum-wing,30,1505,279.174030828
low_downforce,maximum-wing,30,1510,279.174030828
low_downforce,maximum-wing,30,1515,279.174030828
low_downforce,maximum-wing,30,1520,279.174030828
low_downforce,maximum-wing,30,1525,279.174030828
low_downforce,maximum-wing,30,1530,279.174030828
low_downforce,maximum-wing,30,1535,279.174030828
low_downforce,maximum-wing,30,1540,279.174030828
low_downforce,maximum-wing,30,1545,279.174030828
low_downforce,maximum-wing,30,1550,279.174030828
low_downforce,maximum-wing,30,1555,279.174030828
low_downforce,maximum-wing,30,1560,279.174030828
low_downforce,maximum-wing,30,1565,280.078988692
low_downforce,maximum-wing,30,1570,280.965873435
low_downforce,maximum-wing,30,1575,281.835121914
low_downforce,maximum-wing,30,1580,282.687157091
low_downforce,maximum-wing,30,1585,283.52238862
low_downforce,maximum-wing,30,1590,284.341213417
low_downforce,maximum-wing,30,1595,285.144016188
low_downforce,maximum-wing,30,1600,285.931169934
low_downforce,maximum-wing,30,1605,286.703036429
low_downforce,maximum-wing,30,1610,287.459966667
low_downforce,maximum-wing,30,1615,288.201600015
low_downforce,maximum-wing,30,1620,288.92671465
low_downforce,maximum-wing,30,1625,289.635736216
low_downforce,maximum-wing,30,1630,290.329076654
low_downforce,maximum-wing,30,1635,291.007134778
low_downforce,maximum-wing,30,1640,291.670296823
low_downforce,maximum-wing,30,1645,292.318936951
low_downforce,maximum-wing,30,1650,292.953417749
low_downforce,maximum-wing,30,1655,293.574090686
low_downforce,maximum-wing,30,1660,294.181296552
low_downforce,maximum-wing,30,1665,294.77536588
low_downforce,maximum-wing,30,1670,295.356619337
low_downforce,maximum-wing,30,1675,295.925368102
low_downforce,maximum-wing,30,1680,296.481914226
low_downforce,maximum-wing,30,1685,297.026550972
low_downforce,maximum-wing,30,1690,297.559563141
low_downforce,maximum-wing,30,1695,298.081227378
low_downforce,maximum-wing,30,1700,298.591812471
low_downforce,maximum-wing,30,1705,299.091579633
low_downforce,maximum-wing,30,1710,299.580782766
low_downforce,maximum-wing,30,1715,300.059668722
low_downforce,maximum-wing,30,1720,300.528477549
low_downforce,maximum-wing,30,1725,300.987442721
low_downforce,maximum-wing,30,1730,301.436791365
low_downforce,maximum-wing,30,1735,301.876744477
low_downforce,maximum-wing,30,1740,302.307517123
low_downforce,maximum-wing,30,1745,302.729318641
low_downforce,maximum-wing,30,1750,303.142352825
low_downforce,maximum-wing,30,1755,303.546818108
low_downforce,maximum-wing,30,1760,303.942907735
low_downforce,maximum-wing,30,1765,304.33080993
low_downforce,maximum-wing,30,1770,304.710708053
low_downforce,maximum-wing,30,1775,305.082780755
low_downforce,maximum-wing,30,1780,305.447202127
low_downforce,maximum-wing,30,1785,305.804141837
low_downforce,maximum-wing,30,1790,306.15376527
low_downforce,maximum-wing,30,1795,306.496233656
low_downforce,maximum-wing,30,1800,306.831704196
low_downforce,maximum-wing,30,1805,307.160330187
low_downforce,maximum-wing,30,1810,307.482261132
low_downforce,maximum-wing,30,1815,307.797642858
low_downforce,maximum-wing,30,1820,308.10661762
low_downforce,maximum-wing,30,1825,308.409324208
low_downforce,maximum-wing,30,1830,308.705898044
low_downforce,maximum-wing,30,1835,308.996471284
low_downforce,maximum-wing,30,1840,309.281172906
low_downforce,maximum-wing,30,1845,309.560128805
low_downforce,maximum-wing,30,1850,309.833461875
low_downforce,maximum-wing,30,1855,310.101292095
low_downforce,maximum-wing,30,1860,310.363736614
low_downforce,maximum-wing,30,1865,310.620909823
low_downforce,maximum-wing,30,1870,310.872923433
low_downforce,maximum-wing,30,1875,311.119886551
low_downforce,maximum-wing,30,1880,311.361905747
low_downforce,maximum-wing,30,1885,311.599085123
low_downforce,maximum-wing,30,1890,311.831526382
low_downforce,maximum-wing,30,1895,312.059328888
low_downforce,maximum-wing,30,1900,312.28258973
low_downforce,maximum-wing,30,1905,312.501403783
low_downforce,maximum-wing,30,1910,312.715863765
low_downforce,maximum-wing,30,1915,312.92606029
low_downforce,maximum-wing,30,1920,313.13208193
low_downforce,maximum-wing,30,1925,313.33401526
low_downforce,maximum-wing,30,1930,313.531944914
low_downforce,maximum-wing,30,1935,313.725953632
low_downforce,maximum-wing,30,1940,313.91612231
low_downforce,maximum-wing,30,1945,314.102530046
low_downforce,maximum-wing,30,1950,314.285254183
low_downforce,maximum-wing,30,1955,314.464370357
low_downforce,maximum-wing,30,1960,314.639952536
low_downforce,maximum-wing,30,1965,314.812073064
low_downforce,maximum-wing,30,1970,314.980802698
low_downforce,maximum-wing,30,1975,315.14621065
low_downforce,maximum-wing,30,1980,315.308364623
low_downforce,maximum-wing,30,1985,315.467330849
low_downforce,maximum-wing,30,1990,315.623174121
low_downforce,maximum-wing,30,1995,315.775957835
low_downforce,maximum-wing,30,2000,315.925744017
low_downforce,maximum-wing,30,2005,316.072593356
low_downforce,maximum-wing,30,2010,316.216565242
low_downforce,maximum-wing,30,2015,316.35771779
low_downforce,maximum-wing,30,2020,316.496107873
low_downforce,maximum-wing,30,2025,316.631791152
low_downforce,maximum-wing,30,2030,316.764822103
low_downforce,maximum-wing,30,2035,316.895254045
low_downforce,maximum-wing,30,2040,317.023139169
low_downforce,maximum-wing,30,2045,317.14852856
low_downforce,maximum-wing,30,2050,317.271472228
low_downforce,maximum-wing,30,2055,317.392019126
low_downforce,maximum-wing,30,2060,317.510217181
low_downforce,maximum-wing,30,2065,317.626113314
low_downforce,maximum-wing,30,2070,317.739753463
low_downforce,maximum-wing,30,2075,317.851182606
low_downforce,maximum-wing,30,2080,317.960444783
low_downforce,maximum-wing,30,2085,318.067583118
low_downforce,maximum-wing,30,2090,318.172639836
low_downforce,maximum-wing,30,2095,318.275656287
low_downforce,maximum-wing,30,2100,318.376672965
low_downforce,maximum-wing,30,2105,318.475729526
low_downforce,maximum-wing,30,2110,318.572864806
low_downforce,maximum-wing,30,2115,318.668116842
low_downforce,maximum-wing,30,2120,318.761522887
low_downforce,maximum-wing,30,2125,318.853119428
low_downforce,maximum-wing,30,2130,318.942942204
low_downforce,maximum-wing,30,2135,319.031026221
low_downforce,maximum-wing,30,2140,319.11740577
low_downforce,maximum-wing,30,2145,319.202114439
low_downforce,maximum-wing,30,2150,319.285185132
low_downforce,maximum-wing,30,2155,319.366650083
low_downforce,maximum-wing,30,2160,319.446540868
low_downforce,maximum-wing,30,2165,319.524888424
low_downforce,maximum-wing,30,2170,319.601723057
low_downforce,maximum-wing,30,2175,319.677074462
low_downforce,maximum-wing,30,2180,319.750971729
low_downforce,maximum-wing,30,2185,319.823443363
low_downforce,maximum-wing,30,2190,319.894517291
low_downforce,maximum-wing,30,2195,319.964220877
low_downforce,maximum-wing,30,2200,320.032580936
low_downforce,maximum-wing,30,2205,320.099623739
low_downforce,maximum-wing,30,2210,320.165375031
low_downforce,maximum-wing,30,2215,320.229860041
low_downforce,maximum-wing,30,2220,320.293103491
low_downforce,maximum-wing,30,2225,320.355129605
low_downforce,maximum-wing,30,2230,320.415962126
low_downforce,maximum-wing,30,2235,320.47562432
low_downforce,maximum-wing,30,2240,320.534138987
low_downforce,maximum-wing,30,2245,320.591528473
low_downforce,maximum-wing,30,2250,320.64781468
low_downforce,maximum-wing,30,2255,320.703019071
low_downforce,maximum-wing,30,2260,320.757162682
low_downforce,maximum-wing,30,2265,320.810266132
low_downforce,maximum-wing,30,2270,320.862349629
low_downforce,maximum-wing,30,2275,320.913432981
low_downforce,maximum-wing,30,2280,320.963535601
low_downforce,maximum-wing,30,2285,321.012676519
low_downforce,maximum-wing,30,2290,321.060874388
low_downforce,maximum-wing,30,2295,321.108147491
low_downforce,maximum-wing,30,2300,321.154513749
low_downforce,maximum-wing,30,2305,321.19999073
low_downforce,maximum-wing,30,2310,321.244595656
low_downforce,maximum-wing,30,2315,321.288345406
low_downforce,maximum-wing,30,2320,321.331256529
low_downforce,maximum-wing,30,2325,321.373345248
low_downforce,maximum-wing,30,2330,321.414627464
low_downforce,maximum-wing,30,2335,321.455118768
low_downforce,maximum-wing,30,2340,321.494834443
low_downforce,maximum-wing,30,2345,321.533789472
low_downforce,maximum-wing,30,2350,321.571998544
low_downforce,maximum-wing,30,2355,321.609476059
low_downforce,maximum-wing,30,2360,321.646236136
low_downforce,maximum-wing,30,2365,321.682292615
low_downforce,maximum-wing,30,2370,321.717659067
low_downforce,maximum-wing,30,2375,321.752348796
low_downforce,maximum-wing,30,2380,321.786374848
low_downforce,maximum-wing,30,2385,321.819750011
low_downforce,maximum-wing,30,2390,321.852486824
low_downforce,maximum-wing,30,2395,321.884597581
low_downforce,maximum-wing,30,2400,321.916094338
low_downforce,maximum-wing,30,2405,321.946988913
low_downforce,maximum-wing,30,2410,321.977292895
low_downforce,maximum-wing,30,2415,322.007017646
low_downforce,maximum-wing,30,2420,322.036174308
low_downforce,maximum-wing,30,2425,322.064773806
low_downforce,maximum-wing,30,2430,322.09282685
low_downforce,maximum-wing,30,2435,322.120343945
low_downforce,maximum-wing,30,2440,322.147335389
low_downforce,maximum-wing,30,2445,322.173811282
low_downforce,maximum-wing,30,2450,320.68151407
low_downforce,maximum-wing,30,2455,310.892654403
low_downforce,maximum-wing,30,2460,300.915024511
low_downforce,maximum-wing,30,2465,290.727496818
low_downforce,maximum-wing,30,2470,280.305453005
low_downforce,maximum-wing,30,2475,269.619919757
low_downforce,maximum-wing,30,2480,258.636409631
low_downforce,maximum-wing,30,2485,247.313334201
low_downforce,maximum-wing,30,2490,235.599779555
low_downforce,maximum-wing,30,2495,223.432300601
low_downforce,maximum-wing,30,2500,211.205330812
low_downforce,maximum-wing,30,2505,199.002412283
low_downforce,maximum-wing,30,2510,186.783085519
low_downforce,maximum-wing,30,2515,186.783085519
low_downforce,maximum-wing,30,2520,186.783085519
low_downforce,maximum-wing,30,2525,186.783085519
low_downforce,maximum-wing,30,2530,186.783085519
low_downforce,maximum-wing,30,2535,186.783085519
low_downforce,maximum-wing,30,2540,186.783085519
low_downforce,maximum-wing,30,2545,186.783085519
low_downforce,maximum-wing,30,2550,186.783085519
low_downforce,maximum-wing,30,2555,186.783085519
low_downforce,maximum-wing,30,2560,186.783085519
low_downforce,maximum-wing,30,2565,186.783085519
low_downforce,maximum-wing,30,2570,186.783085519
low_downforce,maximum-wing,30,2575,186.783085519
low_downforce,maximum-wing,30,2580,186.783085519
low_downforce,maximum-wing,30,2585,186.783085519
low_downforce,maximum-wing,30,2590,186.783085519
low_downforce,maximum-wing,30,2595,186.783085519
low_downforce,maximum-wing,30,2600,186.783085519
low_downforce,maximum-wing,30,2605,186.783085519
low_downforce,maximum-wing,30,2610,186.783085519
low_downforce,maximum-wing,30,2615,186.783085519
low_downforce,maximum-wing,30,2620,186.783085519
low_downforce,maximum-wing,30,2625,186.783085519
low_downforce,maximum-wing,30,2630,186.783085519
low_downforce,maximum-wing,30,2635,186.783085519
low_downforce,maximum-wing,30,2640,186.783085519
low_downforce,maximum-wing,30,2645,186.783085519
low_downforce,maximum-wing,30,2650,186.783085519
low_downforce,maximum-wing,30,2655,186.783085519
low_downforce,maximum-wing,30,2660,186.783085519
low_downforce,maximum-wing,30,2665,186.783085519
low_downforce,maximum-wing,30,2670,186.783085519
low_downforce,maximum-wing,30,2675,186.783085519
low_downforce,maximum-wing,30,2680,186.783085519
low_downforce,maximum-wing,30,2685,186.783085519
low_downforce,maximum-wing,30,2690,186.783085519
low_downforce,maximum-wing,30,2695,186.783085519
low_downforce,maximum-wing,30,2700,186.783085519
low_downforce,maximum-wing,30,2705,186.783085519
low_downforce,maximum-wing,30,2710,186.783085519
low_downforce,maximum-wing,30,2715,186.783085519
low_downforce,maximum-wing,30,2720,186.783085519
low_downforce,maximum-wing,30,2725,186.783085519
low_downforce,maximum-wing,30,2730,186.783085519
low_downforce,maximum-wing,30,2735,186.783085519
low_downforce,maximum-wing,30,2740,186.783085519
low_downforce,maximum-wing,30,2745,186.783085519
low_downforce,maximum-wing,30,2750,186.783085519
low_downforce,maximum-wing,30,2755,191.657790622
low_downforce,maximum-wing,30,2760,196.214469696
low_downforce,maximum-wing,30,2765,200.485975057
low_downforce,maximum-wing,30,2770,204.500131166
low_downforce,maximum-wing,30,2775,207.91118259
low_downforce,maximum-wing,30,2780,211.195111845
low_downforce,maximum-wing,30,2785,214.359760661
low_downforce,maximum-wing,30,2790,217.412217011
low_downforce,maximum-wing,30,2795,220.358914082
low_downforce,maximum-wing,30,2800,223.205713057
low_downforce,maximum-wing,30,2805,225.957972804
low_downforce,maximum-wing,30,2810,228.62060895
low_downforce,maximum-wing,30,2815,231.198096451
low_downforce,maximum-wing,30,2820,233.679267243
low_downforce,maximum-wing,30,2825,236.069334841
low_downforce,maximum-wing,30,2830,238.373096704
low_downforce,maximum-wing,30,2835,240.594979492
low_downforce,maximum-wing,30,2840,242.739078135
low_downforce,maximum-wing,30,2845,244.809189734
low_downforce,maximum-wing,30,2850,246.808843086
low_downforce,maximum-wing,30,2855,248.741324536
low_downforce,maximum-wing,30,2860,250.609700673
low_downforce,maximum-wing,30,2865,252.416838353
low_downforce,maximum-wing,30,2870,254.165422408
low_downforce,maximum-wing,30,2875,255.857971375
low_downforce,maximum-wing,30,2880,257.496851501
low_downforce,maximum-wing,30,2885,259.084289255
low_downforce,maximum-wing,30,2890,260.622382537
low_downforce,maximum-wing,30,2895,262.113110741
low_downforce,maximum-wing,30,2900,263.558343829
low_downforce,maximum-wing,30,2905,264.959850513
low_downforce,maximum-wing,30,2910,266.147618986
low_downforce,maximum-wing,30,2915,267.309987099
low_downforce,maximum-wing,30,2920,268.447649132
low_downforce,maximum-wing,30,2925,269.561273109
low_downforce,maximum-wing,30,2930,270.651502164
low_downforce,maximum-wing,30,2935,271.718955808
low_downforce,maximum-wing,30,2940,272.764231121
low_downforce,maximum-wing,30,2945,273.787903865
low_downforce,maximum-wing,30,2950,274.790529519
low_downforce,maximum-wing,30,2955,275.77264426
low_downforce,maximum-wing,30,2960,276.734765872
low_downforce,maximum-wing,30,2965,277.677394605
low_downforce,maximum-wing,30,2970,278.601013986
low_downforce,maximum-wing,30,2975,279.506091573
low_downforce,maximum-wing,30,2980,280.393079668
low_downforce,maximum-wing,30,2985,281.262415998
low_downforce,maximum-wing,30,2990,282.114524338
low_downforce,maximum-wing,30,2995,282.94981512
low_downforce,maximum-wing,30,3000,283.768685992
low_downforce,maximum-wing,30,3005,284.571522356
low_downforce,maximum-wing,30,3010,285.358697872
low_downforce,maximum-wing,30,3015,286.130574938
low_downforce,maximum-wing,30,3020,286.887505143
low_downforce,maximum-wing,30,3025,287.629829695
low_downforce,maximum-wing,30,3030,288.356658208
low_downforce,maximum-wing,30,3035,289.067337697
low_downforce,maximum-wing,30,3040,289.762282195
low_downforce,maximum-wing,30,3045,290.441892512
low_downforce,maximum-wing,30,3050,291.106556784
low_downforce,maximum-wing,30,3055,291.756650998
low_downforce,maximum-wing,30,3060,292.392539479
low_downforce,maximum-wing,30,3065,293.014575361
low_downforce,maximum-wing,30,3070,293.62310103
low_downforce,maximum-wing,30,3075,294.218448541
low_downforce,maximum-wing,30,3080,294.800940023
low_downforce,maximum-wing,30,3085,295.370888055
low_downforce,maximum-wing,30,3090,295.928596031
low_downforce,maximum-wing,30,3095,296.474358499
low_downforce,maximum-wing,30,3100,297.008461495
low_downforce,maximum-wing,30,3105,297.53118285
low_downforce,maximum-wing,30,3110,298.04279249
low_downforce,maximum-wing,30,3115,298.543552718
low_downforce,maximum-wing,30,3120,299.033718488
low_downforce,maximum-wing,30,3125,299.513537662
low_downforce,maximum-wing,30,3130,299.983251254
low_downforce,maximum-wing,30,3135,300.443093674
low_downforce,maximum-wing,30,3140,300.893292947
low_downforce,maximum-wing,30,3145,301.33407093
low_downforce,maximum-wing,30,3150,301.765643522
low_downforce,maximum-wing,30,3155,302.188220862
low_downforce,maximum-wing,30,3160,302.602007515
low_downforce,maximum-wing,30,3165,303.007202658
low_downforce,maximum-wing,30,3170,303.40400025
low_downforce,maximum-wing,30,3175,303.792589207
low_downforce,maximum-wing,30,3180,304.173153554
low_downforce,maximum-wing,30,3185,304.545872585
low_downforce,maximum-wing,30,3190,304.910921008
low_downforce,maximum-wing,30,3195,305.268469091
low_downforce,maximum-wing,30,3200,305.618682795
low_downforce,maximum-wing,30,3205,305.961723908
low_downforce,maximum-wing,30,3210,306.297750168
low_downforce,maximum-wing,30,3215,306.626915391
low_downforce,maximum-wing,30,3220,306.949369582
low_downforce,maximum-wing,30,3225,307.265259054
low_downforce,maximum-wing,30,3230,307.57472653
low_downforce,maximum-wing,30,3235,307.877911252
low_downforce,maximum-wing,30,3240,308.174949082
low_downforce,maximum-wing,30,3245,308.465972599
low_downforce,maximum-wing,30,3250,308.75111119
low_downforce,maximum-wing,30,3255,309.030491146
low_downforce,maximum-wing,30,3260,309.304235745
low_downforce,maximum-wing,30,3265,309.572465339
low_downforce,maximum-wing,30,3270,309.835297432
low_downforce,maximum-wing,30,3275,310.092846766
low_downforce,maximum-wing,30,3280,310.345225388
low_downforce,maximum-wing,30,3285,310.59254273
low_downforce,maximum-wing,30,3290,310.834905679
low_downforce,maximum-wing,30,3295,311.072418642
low_downforce,maximum-wing,30,3300,311.305183617
low_downforce,maximum-wing,30,3305,311.533300258
low_downforce,maximum-wing,30,3310,311.75686593
low_downforce,maximum-wing,30,3315,311.975975779
low_downforce,maximum-wing,30,3320,312.190722782
low_downforce,maximum-wing,30,3325,312.401197809
low_downforce,maximum-wing,30,3330,312.607489675
low_downforce,maximum-wing,30,3335,312.809685195
low_downforce,maximum-wing,30,3340,313.007869233
low_downforce,maximum-wing,30,3345,313.202124754
low_downforce,maximum-wing,30,3350,313.392532871
low_downforce,maximum-wing,30,3355,313.579172892
low_downforce,maximum-wing,30,3360,313.762122365
low_downforce,maximum-wing,30,3365,313.941457124
low_downforce,maximum-wing,30,3370,314.117251331
low_downforce,maximum-wing,30,3375,314.289577515
low_downforce,maximum-wing,30,3380,314.458506615
low_downforce,maximum-wing,30,3385,314.624108019
low_downforce,maximum-wing,30,3390,314.786449602
low_downforce,maximum-wing,30,3395,314.945597759
low_downforce,maximum-wing,30,3400,315.101617449
low_downforce,maximum-wing,30,3405,315.25457222
low_downforce,maximum-wing,30,3410,315.40452425
low_downforce,maximum-wing,30,3415,315.551534379
low_downforce,maximum-wing,30,3420,315.695662137
low_downforce,maximum-wing,30,3425,315.83696578
low_downforce,maximum-wing,30,3430,315.975502315
low_downforce,maximum-wing,30,3435,316.111327535
low_downforce,maximum-wing,30,3440,316.244496044
low_downforce,maximum-wing,30,3445,316.375061285
low_downforce,maximum-wing,30,3450,316.503075567
low_downforce,maximum-wing,30,3455,316.628590096
low_downforce,maximum-wing,30,3460,316.751654991
low_downforce,maximum-wing,30,3465,316.87231932
low_downforce,maximum-wing,30,3470,316.990631115
low_downforce,maximum-wing,30,3475,317.106637402
low_downforce,maximum-wing,30,3480,317.22038422
low_downforce,maximum-wing,30,3485,317.331916647
low_downforce,maximum-wing,30,3490,317.441278817
low_downforce,maximum-wing,30,3495,317.548513948
low_downforce,maximum-wing,30,3500,317.653664356
low_downforce,maximum-wing,30,3505,317.756771479
low_downforce,maximum-wing,30,3510,317.857875895
low_downforce,maximum-wing,30,3515,317.957017346
low_downforce,maximum-wing,30,3520,318.054234747
low_downforce,maximum-wing,30,3525,318.149566214
low_downforce,maximum-wing,30,3530,318.243049076
low_downforce,maximum-wing,30,3535,318.326737289
low_downforce,maximum-wing,30,3540,318.408805973
low_downforce,maximum-wing,30,3545,318.489287018
low_downforce,maximum-wing,30,3550,318.568211666
low_downforce,maximum-wing,30,3555,318.645610523
low_downforce,maximum-wing,30,3560,318.721513572
low_downforce,maximum-wing,30,3565,318.79595019
low_downforce,maximum-wing,30,3570,318.868949159
low_downforce,maximum-wing,30,3575,318.940538676
low_downforce,maximum-wing,30,3580,319.010746372
low_downforce,maximum-wing,30,3585,319.079599318
low_downforce,maximum-wing,30,3590,319.14712404
low_downforce,maximum-wing,30,3595,319.213346528
low_downforce,maximum-wing,30,3600,319.278292253
low_downforce,maximum-wing,30,3605,319.341986171
low_downforce,maximum-wing,30,3610,319.404451605
low_downforce,maximum-wing,30,3615,319.411217535
low_downforce,maximum-wing,30,3620,319.411217535
low_downforce,maximum-wing,30,3625,319.411217535
low_downforce,maximum-wing,30,3630,319.411217535
low_downforce,maximum-wing,30,3635,319.411217535
low_downforce,maximum-wing,30,3640,319.411217535
low_downforce,maximum-wing,30,3645,319.411217535
low_downforce,maximum-wing,30,3650,319.411217535
low_downforce,maximum-wing,30,3655,319.411217535
low_downforce,maximum-wing,30,3660,319.411217535
low_downforce,maximum-wing,30,3665,319.411217535
low_downforce,maximum-wing,30,3670,319.411217535
low_downforce,maximum-wing,30,3675,319.411217535
low_downforce,maximum-wing,30,3680,319.411217535
low_downforce,maximum-wing,30,3685,319.411217535
low_downforce,maximum-wing,30,3690,319.411217535
low_downforce,maximum-wing,30,3695,319.411217535
low_downforce,maximum-wing,30,3700,319.411217535
low_downforce,maximum-wing,30,3705,319.411217535
low_downforce,maximum-wing,30,3710,319.411217535
low_downforce,maximum-wing,30,3715,319.411217535
low_downforce,maximum-wing,30,3720,319.411217535
low_downforce,maximum-wing,30,3725,319.411217535
low_downforce,maximum-wing,30,3730,319.411217535
low_downforce,maximum-wing,30,3735,319.411217535
low_downforce,maximum-wing,30,3740,319.411217535
low_downforce,maximum-wing,30,3745,319.411217535
low_downforce,maximum-wing,30,3750,319.411217535
low_downforce,maximum-wing,30,3755,319.411217535
low_downforce,maximum-wing,30,3760,319.411217535
low_downforce,maximum-wing,30,3765,319.411217535
low_downforce,maximum-wing,30,3770,319.411217535
low_downforce,maximum-wing,30,3775,319.411217535
low_downforce,maximum-wing,30,3780,319.411217535
low_downforce,maximum-wing,30,3785,318.334093361
low_downforce,maximum-wing,30,3790,316.890695912
low_downforce,maximum-wing,30,3795,315.465510035
low_downforce,maximum-wing,30,3800,314.058173791
low_downforce,maximum-wing,30,3805,312.668334856
low_downforce,maximum-wing,30,3810,311.295650203
low_downforce,maximum-wing,30,3815,309.9397858
low_downforce,maximum-wing,30,3820,308.60041632
low_downforce,maximum-wing,30,3825,307.277224859
low_downforce,maximum-wing,30,3830,305.969902665
low_downforce,maximum-wing,30,3835,304.678148881
low_downforce,maximum-wing,30,3840,303.401670296
low_downforce,maximum-wing,30,3845,302.140181102
low_downforce,maximum-wing,30,3850,300.893402662
low_downforce,maximum-wing,30,3855,299.661063292
low_downforce,maximum-wing,30,3860,298.44289804
low_downforce,maximum-wing,30,3865,297.238648484
low_downforce,maximum-wing,30,3870,296.04806253
low_downforce,maximum-wing,30,3875,294.87089422
low_downforce,maximum-wing,30,3880,293.706903548
low_downforce,maximum-wing,30,3885,292.55585628
low_downforce,maximum-wing,30,3890,291.417523783
low_downforce,maximum-wing,30,3895,290.291682858
low_downforce,maximum-wing,30,3900,289.178115577
low_downforce,maximum-wing,30,3905,288.076609134
low_downforce,maximum-wing,30,3910,286.986955692
low_downforce,maximum-wing,30,3915,285.908952237
low_downforce,maximum-wing,30,3920,284.842400441
low_downforce,maximum-wing,30,3925,283.787106532
low_downforce,maximum-wing,30,3930,282.742881158
low_downforce,maximum-wing,30,3935,281.709539254
low_downforce,maximum-wing,30,3940,280.686899941
low_downforce,maximum-wing,30,3945,279.674786391
low_downforce,maximum-wing,30,3950,279.674786391
low_downforce,maximum-wing,30,3955,280.56294044
low_downforce,maximum-wing,30,3960,281.43341984
low_downforce,maximum-wing,30,3965,282.286648962
low_downforce,maximum-wing,30,3970,283.123038809
low_downforce,maximum-wing,30,3975,283.942987579
low_downforce,maximum-wing,30,3980,284.746881207
low_downforce,maximum-wing,30,3985,285.535093865
low_downforce,maximum-wing,30,3990,286.307988445
low_downforce,maximum-wing,30,3995,287.065917013
low_downforce,maximum-wing,30,4000,287.809221242
low_downforce,maximum-wing,30,4005,288.536462359
low_downforce,maximum-wing,30,4010,289.24754862
low_downforce,maximum-wing,30,4015,289.942894122
low_downforce,maximum-wing,30,4020,290.622899746
low_downforce,maximum-wing,30,4025,291.287953697
low_downforce,maximum-wing,30,4030,291.938432029
low_downforce,maximum-wing,30,4035,292.574699137
low_downforce,maximum-wing,30,4040,293.197108224
low_downforce,maximum-wing,30,4045,293.806001743
low_downforce,maximum-wing,30,4050,294.401711818
low_downforce,maximum-wing,30,4055,294.984560645
low_downforce,maximum-wing,30,4060,295.554860872
low_downforce,maximum-wing,30,4065,296.112915958
low_downforce,maximum-wing,30,4070,296.659020519
low_downforce,maximum-wing,30,4075,297.193460656
low_downforce,maximum-wing,30,4080,297.716514266
low_downforce,maximum-wing,30,4085,298.22845134
low_downforce,maximum-wing,30,4090,298.729534246
low_downforce,maximum-wing,30,4095,299.220018002
low_downforce,maximum-wing,30,4100,299.700150531
low_downforce,maximum-wing,30,4105,300.170172914
low_downforce,maximum-wing,30,4110,300.630319619
low_downforce,maximum-wing,30,4115,301.080818734
low_downforce,maximum-wing,30,4120,301.521892177
low_downforce,maximum-wing,30,4125,301.953755908
low_downforce,maximum-wing,30,4130,302.376620123
low_downforce,maximum-wing,30,4135,302.790689448
low_downforce,maximum-wing,30,4140,303.196163117
low_downforce,maximum-wing,30,4145,303.593235148
low_downforce,maximum-wing,30,4150,303.982094511
low_downforce,maximum-wing,30,4155,304.36292529
low_downforce,maximum-wing,30,4160,304.735906834
low_downforce,maximum-wing,30,4165,305.101213905
low_downforce,maximum-wing,30,4170,305.459016825
low_downforce,maximum-wing,30,4175,305.809481609
low_downforce,maximum-wing,30,4180,306.152770097
low_downforce,maximum-wing,30,4185,306.489040081
low_downforce,maximum-wing,30,4190,306.818445426
low_downforce,maximum-wing,30,4195,307.141136191
low_downforce,maximum-wing,30,4200,307.457258736
low_downforce,maximum-wing,30,4205,307.766955834
low_downforce,maximum-wing,30,4210,308.070366778
low_downforce,maximum-wing,30,4215,308.367627477
low_downforce,maximum-wing,30,4220,308.658870556
low_downforce,maximum-wing,30,4225,308.944225452
low_downforce,maximum-wing,30,4230,309.223818501
low_downforce,maximum-wing,30,4235,309.497773026
low_downforce,maximum-wing,30,4240,309.766209424
low_downforce,maximum-wing,30,4245,310.029245247
low_downforce,maximum-wing,30,4250,310.286995276
low_downforce,maximum-wing,30,4255,310.539571605
low_downforce,maximum-wing,30,4260,310.787083707
low_downforce,maximum-wing,30,4265,311.029638511
low_downforce,maximum-wing,30,4270,311.267340467
low_downforce,maximum-wing,30,4275,311.500291614
low_downforce,maximum-wing,30,4280,311.728591645
low_downforce,maximum-wing,30,4285,311.952337966
low_downforce,maximum-wing,30,4290,312.171625762
low_downforce,maximum-wing,30,4295,312.386548049
low_downforce,maximum-wing,30,4300,312.597195736
low_downforce,maximum-wing,30,4305,312.803657675
low_downforce,maximum-wing,30,4310,313.006020718
low_downforce,maximum-wing,30,4315,313.204369767
low_downforce,maximum-wing,30,4320,313.398787823
low_downforce,maximum-wing,30,4325,313.589356033
low_downforce,maximum-wing,30,4330,313.776153742
low_downforce,maximum-wing,30,4335,313.959258533
low_downforce,maximum-wing,30,4340,314.138746273
low_downforce,maximum-wing,30,4345,314.314691159
low_downforce,maximum-wing,30,4350,314.487165752
low_downforce,maximum-wing,30,4355,314.656241026
low_downforce,maximum-wing,30,4360,314.8219864
low_downforce,maximum-wing,30,4365,314.98446978
low_downforce,maximum-wing,30,4370,315.143757595
low_downforce,maximum-wing,30,4375,315.299914833
low_downforce,maximum-wing,30,4380,315.453005074
low_downforce,maximum-wing,30,4385,315.603090526
low_downforce,maximum-wing,30,4390,315.750232058
low_downforce,maximum-wing,30,4395,315.894489231
low_downforce,maximum-wing,30,4400,316.035920327
low_downforce,maximum-wing,30,4405,316.174582385
low_downforce,maximum-wing,30,4410,316.310531225
low_downforce,maximum-wing,30,4415,316.443821477
low_downforce,maximum-wing,30,4420,316.574506614
low_downforce,maximum-wing,30,4425,316.702638971
low_downforce,maximum-wing,30,4430,316.82826978
low_downforce,maximum-wing,30,4435,316.951449188
low_downforce,maximum-wing,30,4440,317.072226286
low_downforce,maximum-wing,30,4445,317.190649135
low_downforce,maximum-wing,30,4450,317.306764783
low_downforce,maximum-wing,30,4455,317.420619296
low_downforce,maximum-wing,30,4460,317.532257776
low_downforce,maximum-wing,30,4465,317.641724381
low_downforce,maximum-wing,30,4470,317.749062352
low_downforce,maximum-wing,30,4475,317.854314028
low_downforce,maximum-wing,30,4480,317.957520873
low_downforce,maximum-wing,30,4485,318.058723486
low_downforce,maximum-wing,30,4490,318.15796163
low_downforce,maximum-wing,30,4495,318.255274244
low_downforce,maximum-wing,30,4500,318.350699466
low_downforce,maximum-wing,30,4505,318.444274646
low_downforce,maximum-wing,30,4510,318.536036368
low_downforce,maximum-wing,30,4515,318.626020464
low_downforce,maximum-wing,30,4520,318.71426203
low_downforce,maximum-wing,30,4525,318.800795446
low_downforce,maximum-wing,30,4530,318.885654388
low_downforce,maximum-wing,30,4535,318.968871843
low_downforce,maximum-wing,30,4540,319.050480128
low_downforce,maximum-wing,30,4545,319.1305109
low_downforce,maximum-wing,30,4550,319.208995173
low_downforce,maximum-wing,30,4555,319.285963331
low_downforce,maximum-wing,30,4560,319.361445142
low_downforce,maximum-wing,30,4565,319.43546977
low_downforce,maximum-wing,30,4570,319.508065792
low_downforce,maximum-wing,30,4575,319.579261203
low_downforce,maximum-wing,30,4580,319.649083437
low_downforce,maximum-wing,30,4585,319.717559372
low_downforce,maximum-wing,30,4590,319.784715345
low_downforce,maximum-wing,30,4595,319.850577166
low_downforce,maximum-wing,30,4600,319.915170123
low_downforce,maximum-wing,30,4605,319.978518997
low_downforce,maximum-wing,30,4610,320.040648075
low_downforce,maximum-wing,30,4615,320.101581153
low_downforce,maximum-wing,30,4620,320.161341554
low_downforce,maximum-wing,30,4625,320.219952134
low_downforce,maximum-wing,30,4630,320.277435292
low_downforce,maximum-wing,30,4635,320.333812981
low_downforce,maximum-wing,30,4640,320.389106714
low_downforce,maximum-wing,30,4645,320.443337579
low_downforce,maximum-wing,30,4650,320.496526242
low_downforce,maximum-wing,30,4655,320.548692958
low_downforce,maximum-wing,30,4660,320.599857582
low_downforce,maximum-wing,30,4665,320.650039572
low_downforce,maximum-wing,30,4670,320.699258001
low_downforce,maximum-wing,30,4675,320.747531566
low_downforce,maximum-wing,30,4680,320.794878591
low_downforce,maximum-wing,30,4685,320.84131704
low_downforce,maximum-wing,30,4690,320.88686452
low_downforce,maximum-wing,30,4695,320.93153829
low_downforce,maximum-wing,30,4700,320.975355271
low_downforce,maximum-wing,30,4705,321.018332046
low_downforce,maximum-wing,30,4710,321.060484876
low_downforce,maximum-wing,30,4715,321.101829699
low_downforce,maximum-wing,30,4720,321.142382138
low_downforce,maximum-wing,30,4725,321.182157511
low_downforce,maximum-wing,30,4730,321.221170835
low_downforce,maximum-wing,30,4735,321.25943683
low_downforce,maximum-wing,30,4740,321.296969929
low_downforce,maximum-wing,30,4745,321.333784281
low_downforce,maximum-wing,30,4750,321.369893757
low_downforce,maximum-wing,30,4755,321.405311957
low_downforce,maximum-wing,30,4760,321.440052214
low_downforce,maximum-wing,30,4765,321.474127602
low_downforce,maximum-wing,30,4770,321.507550936
low_downforce,maximum-wing,30,4775,321.540334783
low_downforce,maximum-wing,30,4780,321.572491464
low_downforce,maximum-wing,30,4785,321.604033058
low_downforce,maximum-wing,30,4790,321.63497141
low_downforce,maximum-wing,30,4795,321.665318132
low_downforce,maximum-wing,30,4800,321.695084612
low_downforce,maximum-wing,30,4805,321.724282014
low_downforce,maximum-wing,30,4810,321.752921285
low_downforce,maximum-wing,30,4815,321.78101316
low_downforce,maximum-wing,30,4820,321.808568164
low_downforce,maximum-wing,30,4825,321.835596616
low_downforce,maximum-wing,30,4830,321.862108638
low_downforce,maximum-wing,30,4835,321.888114151
low_downforce,maximum-wing,30,4840,321.913622886
low_downforce,maximum-wing,30,4845,321.938644385
low_downforce,maximum-wing,30,4850,321.963188004
low_downforce,maximum-wing,30,4855,321.987262916
low_downforce,maximum-wing,30,4860,322.01087812
low_downforce,maximum-wing,30,4865,322.034042436
low_downforce,maximum-wing,30,4870,322.056764517
low_downforce,maximum-wing,30,4875,322.079052845
low_downforce,maximum-wing,30,4880,322.100915741
low_downforce,maximum-wing,30,4885,322.122361362
low_downforce,maximum-wing,30,4890,322.143397709
low_downforce,maximum-wing,30,4895,322.164032627
low_downforce,maximum-wing,30,4900,322.184273811
low_downforce,maximum-wing,30,4905,322.204128806
low_downforce,maximum-wing,30,4910,322.22360501
low_downforce,maximum-wing,30,4915,322.242709681
low_downforce,maximum-wing,30,4920,322.261449934
low_downforce,maximum-wing,30,4925,322.279832749
low_downforce,maximum-wing,30,4930,322.29786497
low_downforce,maximum-wing,30,4935,322.315553308
low_downforce,maximum-wing,30,4940,322.332904347
low_downforce,maximum-wing,30,4945,322.349924542
low_downforce,maximum-wing,30,4950,322.366620225
low_downforce,maximum-wing,30,4955,322.382997604
low_downforce,maximum-wing,30,4960,322.399062769
low_downforce,maximum-wing,30,4965,318.329761947
low_downforce,maximum-wing,30,4970,308.490857515
low_downforce,maximum-wing,30,4975,298.458017202
low_downforce,maximum-wing,30,4980,288.209285567
low_downforce,maximum-wing,30,4985,277.719017504
low_downforce,maximum-wing,30,4990,266.956948214
low_downforce,maximum-wing,30,4995,255.886939666
low_downforce,maximum-wing,30,5000,244.465254661
low_downforce,maximum-wing,30,5005,244.465254661
low_downforce,maximum-wing,30,5010,244.465254661
low_downforce,maximum-wing,30,5015,244.465254661
low_downforce,maximum-wing,30,5020,244.465254661
low_downforce,maximum-wing,30,5025,244.465254661
low_downforce,maximum-wing,30,5030,244.465254661
low_downforce,maximum-wing,30,5035,244.465254661
low_downforce,maximum-wing,30,5040,244.465254661
low_downforce,maximum-wing,30,5045,244.465254661
low_downforce,maximum-wing,30,5050,244.465254661
low_downforce,maximum-wing,30,5055,244.465254661
low_downforce,maximum-wing,30,5060,244.465254661
low_downforce,maximum-wing,30,5065,244.465254661
low_downforce,maximum-wing,30,5070,244.465254661
low_downforce,maximum-wing,30,5075,244.465254661
low_downforce,maximum-wing,30,5080,244.465254661
low_downforce,maximum-wing,30,5085,244.465254661
low_downforce,maximum-wing,30,5090,244.465254661
low_downforce,maximum-wing,30,5095,244.465254661
low_downforce,maximum-wing,30,5100,244.465254661
low_downforce,maximum-wing,30,5105,244.465254661
low_downforce,maximum-wing,30,5110,244.465254661
low_downforce,maximum-wing,30,5115,244.465254661
low_downforce,maximum-wing,30,5120,244.465254661
low_downforce,maximum-wing,30,5125,244.465254661
low_downforce,maximum-wing,30,5130,244.465254661
low_downforce,maximum-wing,30,5135,244.465254661
low_downforce,maximum-wing,30,5140,244.465254661
low_downforce,maximum-wing,30,5145,244.465254661
low_downforce,maximum-wing,30,5150,244.465254661
low_downforce,maximum-wing,30,5155,244.465254661
low_downforce,maximum-wing,30,5160,244.465254661
low_downforce,maximum-wing,30,5165,244.465254661
low_downforce,maximum-wing,30,5170,244.465254661
low_downforce,maximum-wing,30,5175,244.465254661
low_downforce,maximum-wing,30,5180,244.465254661
low_downforce,maximum-wing,30,5185,244.465254661
low_downforce,maximum-wing,30,5190,244.465254661
low_downforce,maximum-wing,30,5195,244.465254661
low_downforce,maximum-wing,30,5200,244.465254661
low_downforce,maximum-wing,30,5205,244.465254661
low_downforce,maximum-wing,30,5210,244.465254661
low_downforce,maximum-wing,30,5215,244.465254661
low_downforce,maximum-wing,30,5220,244.465254661
low_downforce,maximum-wing,30,5225,244.465254661
low_downforce,maximum-wing,30,5230,244.465254661
low_downforce,maximum-wing,30,5235,244.465254661
low_downforce,maximum-wing,30,5240,244.465254661
low_downforce,maximum-wing,30,5245,244.465254661
low_downforce,maximum-wing,30,5250,244.465254661
low_downforce,maximum-wing,30,5255,244.465254661
low_downforce,maximum-wing,30,5260,244.465254661
low_downforce,maximum-wing,30,5265,244.465254661
low_downforce,maximum-wing,30,5270,244.465254661
low_downforce,maximum-wing,30,5275,244.465254661
low_downforce,maximum-wing,30,5280,244.465254661
low_downforce,maximum-wing,30,5285,244.465254661
low_downforce,maximum-wing,30,5290,244.465254661
low_downforce,maximum-wing,30,5295,244.465254661
low_downforce,maximum-wing,30,5300,244.465254661
low_downforce,maximum-wing,30,5305,246.479126339
low_downforce,maximum-wing,30,5310,248.425181704
low_downforce,maximum-wing,30,5315,250.306529524
low_downforce,maximum-wing,30,5320,252.126075053
low_downforce,maximum-wing,30,5325,253.88653817
low_downforce,maximum-wing,30,5330,255.590469475
low_downforce,maximum-wing,30,5335,257.24026462
low_downforce,maximum-wing,30,5340,258.838177102
low_downforce,maximum-wing,30,5345,260.386329709
low_downforce,maximum-wing,30,5350,261.886724812
low_downforce,maximum-wing,30,5355,263.341253611
low_downforce,maximum-wing,30,5360,264.751704493
low_downforce,maximum-wing,30,5365,265.946329258
low_downforce,maximum-wing,30,5370,267.115369325
low_downforce,maximum-wing,30,5375,268.259525894
low_downforce,maximum-wing,30,5380,269.379473545
low_downforce,maximum-wing,30,5385,270.475861635
low_downforce,maximum-wing,30,5390,271.549315584
low_downforce,maximum-wing,30,5395,272.600438091
low_downforce,maximum-wing,30,5400,273.62981026
low_downforce,maximum-wing,30,5405,274.637992656
low_downforce,maximum-wing,30,5410,275.625526304
low_downforce,maximum-wing,30,5415,276.592933606
low_downforce,maximum-wing,30,5420,277.540719223
low_downforce,maximum-wing,30,5425,278.46937089
low_downforce,maximum-wing,30,5430,279.379360185
low_downforce,maximum-wing,30,5435,280.271143256
low_downforce,maximum-wing,30,5440,281.145161506
low_downforce,maximum-wing,30,5445,282.001842232
low_downforce,maximum-wing,30,5450,282.841599236
low_downforce,maximum-wing,30,5455,283.664833397
low_downforce,maximum-wing,30,5460,284.471933216
low_downforce,maximum-wing,30,5465,285.263275326
low_downforce,maximum-wing,30,5470,286.039224976
low_downforce,maximum-wing,30,5475,286.800136497
low_downforce,maximum-wing,30,5480,287.546353731
low_downforce,maximum-wing,30,5485,288.277244454
low_downforce,maximum-wing,30,5490,288.991883987
low_downforce,maximum-wing,30,5495,289.690689583
low_downforce,maximum-wing,30,5500,290.374065143
low_downforce,maximum-wing,30,5505,291.042401766
low_downforce,maximum-wing,30,5510,291.696078284
low_downforce,maximum-wing,30,5515,292.335461752
low_downforce,maximum-wing,30,5520,292.960907926
low_downforce,maximum-wing,30,5525,293.572761713
low_downforce,maximum-wing,30,5530,294.171357593
low_downforce,maximum-wing,30,5535,294.757020025
low_downforce,maximum-wing,30,5540,295.330063832
low_downforce,maximum-wing,30,5545,295.890794567
low_downforce,maximum-wing,30,5550,296.439508861
low_downforce,maximum-wing,30,5555,296.976494754
low_downforce,maximum-wing,30,5560,297.502032008
low_downforce,maximum-wing,30,5565,298.016392415
low_downforce,maximum-wing,30,5570,298.519840075
low_downforce,maximum-wing,30,5575,299.012631677
low_downforce,maximum-wing,30,5580,299.495016757
low_downforce,maximum-wing,30,5585,299.96723795
low_downforce,maximum-wing,30,5590,300.429531226
low_downforce,maximum-wing,30,5595,300.882126121
low_downforce,maximum-wing,30,5600,301.325245953
low_downforce,maximum-wing,30,5605,301.759108033
low_downforce,maximum-wing,30,5610,302.183923865
low_downforce,maximum-wing,30,5615,302.599899336
low_downforce,maximum-wing,30,5620,303.007234902
low_downforce,maximum-wing,30,5625,303.406125763
low_downforce,maximum-wing,30,5630,303.796762031
low_downforce,maximum-wing,30,5635,304.179328896
low_downforce,maximum-wing,30,5640,304.554006776
low_downforce,maximum-wing,30,5645,304.920971473
low_downforce,maximum-wing,30,5650,305.280394311
low_downforce,maximum-wing,30,5655,305.632442277
low_downforce,maximum-wing,30,5660,305.977278155
low_downforce,maximum-wing,30,5665,306.31506065
low_downforce,maximum-wing,30,5670,306.645944515
low_downforce,maximum-wing,30,5675,306.970080664
low_downforce,maximum-wing,30,5680,307.287616293
low_downforce,maximum-wing,30,5685,307.598694983
low_downforce,maximum-wing,30,5690,307.903456811
low_downforce,maximum-wing,30,5695,308.202038447
low_downforce,maximum-wing,30,5700,308.494573256
low_downforce,maximum-wing,30,5705,308.781191391
low_downforce,maximum-wing,30,5710,309.062019885
low_downforce,maximum-wing,30,5715,309.33718274
low_downforce,maximum-wing,30,5720,309.60680101
low_downforce,maximum-wing,30,5725,309.870992883
low_downforce,maximum-wing,30,5730,310.129873765
low_downforce,maximum-wing,30,5735,310.383556352
low_downforce,maximum-wing,30,5740,310.632150704
low_downforce,maximum-wing,30,5745,310.875764322
low_downforce,maximum-wing,30,5750,311.114502209
low_downforce,maximum-wing,30,5755,311.348466946
low_downforce,maximum-wing,30,5760,311.577758749
low_downforce,maximum-wing,30,5765,311.802475538
low_downforce,maximum-wing,30,5770,312.022712993
low_downforce,maximum-wing,30,5775,312.238564616
low_downforce,maximum-wing,30,5780,312.450121786
low_downforce,maximum-wing,30,5785,312.657473815
low_downforce,maximum-wing,30,5790,312.860708001
low_downforce,maximum-wing,30,5795,313.059909682
low_downforce,maximum-wing,30,5800,313.255162281
low_downforce,maximum-wing,30,5805,313.44654736
low_downforce,maximum-wing,30,5810,313.634144665
low_downforce,maximum-wing,30,5815,313.818032172
balanced,minimum-wing,0,0,342.497697374
balanced,minimum-wing,0,5,342.598524816
balanced,minimum-wing,0,10,342.698110318
balanced,minimum-wing,0,15,342.796469608
balanced,minimum-wing,0,20,342.893618204
balanced,minimum-wing,0,25,342.989571416
balanced,minimum-wing,0,30,343.084344351
balanced,minimum-wing,0,35,343.177951915
balanced,minimum-wing,0,40,343.270408817
balanced,minimum-wing,0,45,343.36172957
balanced,minimum-wing,0,50,343.451928495
balanced,minimum-wing,0,55,343.541019723
balanced,minimum-wing,0,60,343.6290172
balanced,minimum-wing,0,65,343.715934685
balanced,minimum-wing,0,70,343.801785758
balanced,minimum-wing,0,75,343.886583821
balanced,minimum-wing,0,80,343.970342096
balanced,minimum-wing,0,85,344.053073636
balanced,minimum-wing,0,90,344.134791318
balanced,minimum-wing,0,95,344.215507854
balanced,minimum-wing,0,100,344.295235787
balanced,minimum-wing,0,105,344.373987499
balanced,minimum-wing,0,110,344.451775206
balanced,minimum-wing,0,115,344.528610968
balanced,minimum-wing,0,120,344.604506686
balanced,minimum-wing,0,125,344.679474107
balanced,minimum-wing,0,130,344.753524825
balanced,minimum-wing,0,135,344.826670282
balanced,minimum-wing,0,140,344.898921774
balanced,minimum-wing,0,145,344.970290447
balanced,minimum-wing,0,150,345.040787305
balanced,minimum-wing,0,155,345.110423209
balanced,minimum-wing,0,160,345.17920888
balanced,minimum-wing,0,165,345.247154899
balanced,minimum-wing,0,170,345.314271711
balanced,minimum-wing,0,175,345.380569628
balanced,minimum-wing,0,180,345.446058826
balanced,minimum-wing,0,185,345.510749352
balanced,minimum-wing,0,190,345.574651124
balanced,minimum-wing,0,195,345.63777393
balanced,minimum-wing,0,200,345.700127436
balanced,minimum-wing,0,205,345.76172118
balanced,minimum-wing,0,210,345.822564581
balanced,minimum-wing,0,215,345.882666936
balanced,minimum-wing,0,220,345.942037422
balanced,minimum-wing,0,225,346.0006851
balanced,minimum-wing,0,230,346.058618915
balanced,minimum-wing,0,235,346.115847698
balanced,minimum-wing,0,240,346.172380165
balanced,minimum-wing,0,245,346.228224925
balanced,minimum-wing,0,250,346.283390473
balanced,minimum-wing,0,255,346.337885198
balanced,minimum-wing,0,260,346.391717384
balanced,minimum-wing,0,265,346.444895205
balanced,minimum-wing,0,270,346.497426736
balanced,minimum-wing,0,275,346.549319946
balanced,minimum-wing,0,280,346.600582706
balanced,minimum-wing,0,285,346.651222783
balanced,minimum-wing,0,290,346.70124785
balanced,minimum-wing,0,295,346.75066548
balanced,minimum-wing,0,300,346.799483152
balanced,minimum-wing,0,305,346.847708248
balanced,minimum-wing,0,310,346.89534806
balanced,minimum-wing,0,315,346.942409785
balanced,minimum-wing,0,320,346.988900531
balanced,minimum-wing,0,325,347.034827315
balanced,minimum-wing,0,330,347.080197067
balanced,minimum-wing,0,335,347.125016629
balanced,minimum-wing,0,340,347.169292756
balanced,minimum-wing,0,345,347.213032119
balanced,minimum-wing,0,350,347.256241306
balanced,minimum-wing,0,355,347.298926821
balanced,minimum-wing,0,360,347.341095085
balanced,minimum-wing,0,365,347.382752442
balanced,minimum-wing,0,370,347.423905153
balanced,minimum-wing,0,375,347.464559402
balanced,minimum-wing,0,380,347.504721296
balanced,minimum-wing,0,385,347.544396864
balanced,minimum-wing,0,390,347.583592062
balanced,minimum-wing,0,395,347.622312768
balanced,minimum-wing,0,400,347.660564789
balanced,minimum-wing,0,405,347.698353859
balanced,minimum-wing,0,410,347.735685641
balanced,minimum-wing,0,415,347.772565725
balanced,minimum-wing,0,420,347.808999634
balanced,minimum-wing,0,425,347.84499282
balanced,minimum-wing,0,430,347.880550669
balanced,minimum-wing,0,435,347.915678497
balanced,minimum-wing,0,440,347.950381558
balanced,minimum-wing,0,445,347.984665036
balanced,minimum-wing,0,450,348.018534054
balanced,minimum-wing,0,455,348.05199367
balanced,minimum-wing,0,460,348.085048878
balanced,minimum-wing,0,465,348.117704612
balanced,minimum-wing,0,470,348.149965743
balanced,minimum-wing,0,475,348.181837083
balanced,minimum-wing,0,480,348.213323384
balanced,minimum-wing,0,485,348.244429338
balanced,minimum-wing,0,490,348.275159579
balanced,minimum-wing,0,495,348.305518685
balanced,minimum-wing,0,500,348.335511176
balanced,minimum-wing,0,505,348.365141516
balanced,minimum-wing,0,510,348.394414115
balanced,minimum-wing,0,515,348.423333326
balanced,minimum-wing,0,520,348.451903451
balanced,minimum-wing,0,525,348.480128737
balanced,minimum-wing,0,530,348.50801338
balanced,minimum-wing,0,535,348.535561521
balanced,minimum-wing,0,540,348.562777254
balanced,minimum-wing,0,545,348.58966462
balanced,minimum-wing,0,550,348.616227611
balanced,minimum-wing,0,555,348.642470168
balanced,minimum-wing,0,560,348.668396187
balanced,minimum-wing,0,565,348.694009511
balanced,minimum-wing,0,570,348.719313941
balanced,minimum-wing,0,575,348.744313227
balanced,minimum-wing,0,580,348.769011075
balanced,minimum-wing,0,585,348.793411145
balanced,minimum-wing,0,590,348.817517051
balanced,minimum-wing,0,595,348.841332363
balanced,minimum-wing,0,600,348.864860609
balanced,minimum-wing,0,605,348.888105271
balanced,minimum-wing,0,610,348.91106979
balanced,minimum-wing,0,615,348.933757562
balanced,minimum-wing,0,620,348.956171945
balanced,minimum-wing,0,625,348.978316254
balanced,minimum-wing,0,630,349.000193762
balanced,minimum-wing,0,635,349.021807705
balanced,minimum-wing,0,640,349.043161275
balanced,minimum-wing,0,645,349.064257629
balanced,minimum-wing,0,650,349.085099884
balanced,minimum-wing,0,655,349.105691117
balanced,minimum-wing,0,660,349.126034369
balanced,minimum-wing,0,665,349.146132644
balanced,minimum-wing,0,670,349.165988908
balanced,minimum-wing,0,675,349.185606091
balanced,minimum-wing,0,680,349.204987089
balanced,minimum-wing,0,685,349.22413476
balanced,minimum-wing,0,690,349.243051927
balanced,minimum-wing,0,695,349.261741382
balanced,minimum-wing,0,700,349.280205878
balanced,minimum-wing,0,705,349.298448137
balanced,minimum-wing,0,710,349.316470849
balanced,minimum-wing,0,715,349.334276669
balanced,minimum-wing,0,720,349.351868219
balanced,minimum-wing,0,725,349.369248091
balanced,minimum-wing,0,730,349.386418844
balanced,minimum-wing,0,735,349.403383007
balanced,minimum-wing,0,740,349.420143077
balanced,minimum-wing,0,745,349.436701521
balanced,minimum-wing,0,750,349.453060775
balanced,minimum-wing,0,755,349.469223248
balanced,minimum-wing,0,760,349.485191315
balanced,minimum-wing,0,765,349.493696758
balanced,minimum-wing,0,770,349.50210008
balanced,minimum-wing,0,775,349.510402512
balanced,minimum-wing,0,780,349.518605266
balanced,minimum-wing,0,785,349.526709543
balanced,minimum-wing,0,790,349.534716527
balanced,minimum-wing,0,795,349.542627389
balanced,minimum-wing,0,800,349.550443286
balanced,minimum-wing,0,805,349.55816536
balanced,minimum-wing,0,810,349.565794739
balanced,minimum-wing,0,815,349.573332539
balanced,minimum-wing,0,820,349.580779861
balanced,minimum-wing,0,825,349.588137794
balanced,minimum-wing,0,830,349.595407413
balanced,minimum-wing,0,835,349.602589779
balanced,minimum-wing,0,840,349.609685943
balanced,minimum-wing,0,845,349.616696941
balanced,minimum-wing,0,850,349.623623796
balanced,minimum-wing,0,855,349.630467521
balanced,minimum-wing,0,860,349.637229116
balanced,minimum-wing,0,865,349.643909568
balanced,minimum-wing,0,870,349.650509852
balanced,minimum-wing,0,875,349.657030932
balanced,minimum-wing,0,880,349.66347376
balanced,minimum-wing,0,885,349.669839278
balanced,minimum-wing,0,890,349.676128414
balanced,minimum-wing,0,895,349.682342087
balanced,minimum-wing,0,900,349.688481203
balanced,minimum-wing,0,905,349.694546659
balanced,minimum-wing,0,910,349.70053934
balanced,minimum-wing,0,915,349.706460121
balanced,minimum-wing,0,920,349.712309866
balanced,minimum-wing,0,925,349.718089428
balanced,minimum-wing,0,930,349.723799651
balanced,minimum-wing,0,935,349.729441368
balanced,minimum-wing,0,940,349.735015402
balanced,minimum-wing,0,945,349.740522566
balanced,minimum-wing,0,950,349.745963665
balanced,minimum-wing,0,955,349.751339491
balanced,minimum-wing,0,960,349.756650829
balanced,minimum-wing,0,965,349.761898454
balanced,minimum-wing,0,970,349.76708313
balanced,minimum-wing,0,975,349.772205615
balanced,minimum-wing,0,980,349.777266655
balanced,minimum-wing,0,985,349.782266988
balanced,minimum-wing,0,990,349.787207344
balanced,minimum-wing,0,995,349.792088443
balanced,minimum-wing,0,1000,349.796910996
balanced,minimum-wing,0,1005,349.801675708
balanced,minimum-wing,0,1010,349.806383271
balanced,minimum-wing,0,1015,349.811034374
balanced,minimum-wing,0,1020,349.815629693
balanced,minimum-wing,0,1025,349.8201699
balanced,minimum-wing,0,1030,349.824655654
balanced,minimum-wing,0,1035,349.829087612
balanced,minimum-wing,0,1040,349.833466417
balanced,minimum-wing,0,1045,349.83779271
balanced,minimum-wing,0,1050,349.842067119
balanced,minimum-wing,0,1055,349.846290269
balanced,minimum-wing,0,1060,349.850462775
balanced,minimum-wing,0,1065,349.854585244
balanced,minimum-wing,0,1070,349.858658277
balanced,minimum-wing,0,1075,349.862682468
balanced,minimum-wing,0,1080,349.866658403
balanced,minimum-wing,0,1085,349.870586662
balanced,minimum-wing,0,1090,349.874467817
balanced,minimum-wing,0,1095,349.878302433
balanced,minimum-wing,0,1100,349.882091069
balanced,minimum-wing,0,1105,349.885834277
balanced,minimum-wing,0,1110,349.889532602
balanced,minimum-wing,0,1115,349.893186582
balanced,minimum-wing,0,1120,349.896796751
balanced,minimum-wing,0,1125,349.900363634
balanced,minimum-wing,0,1130,349.90388775
balanced,minimum-wing,0,1135,349.907369613
balanced,minimum-wing,0,1140,349.910809729
balanced,minimum-wing,0,1145,349.914208601
balanced,minimum-wing,0,1150,349.917566722
balanced,minimum-wing,0,1155,349.920884582
balanced,minimum-wing,0,1160,349.924162664
balanced,minimum-wing,0,1165,349.927401446
balanced,minimum-wing,0,1170,349.930601398
balanced,minimum-wing,0,1175,349.933762987
balanced,minimum-wing,0,1180,349.936886673
balanced,minimum-wing,0,1185,349.959942375
balanced,minimum-wing,0,1190,349.982720387
balanced,minimum-wing,0,1195,350.005224077
balanced,minimum-wing,0,1200,350.027456767
balanced,minimum-wing,0,1205,350.049421743
balanced,minimum-wing,0,1210,350.071122248
balanced,minimum-wing,0,1215,350.092547985
balanced,minimum-wing,0,1220,350.113679363
balanced,minimum-wing,0,1225,350.134520448
balanced,minimum-wing,0,1230,350.155075249
balanced,minimum-wing,0,1235,350.175347721
balanced,minimum-wing,0,1240,350.195341762
balanced,minimum-wing,0,1245,350.215061216
balanced,minimum-wing,0,1250,350.234509874
balanced,minimum-wing,0,1255,350.253691475
balanced,minimum-wing,0,1260,350.272609703
balanced,minimum-wing,0,1265,350.291268193
balanced,minimum-wing,0,1270,350.309670528
balanced,minimum-wing,0,1275,350.327820243
balanced,minimum-wing,0,1280,350.345720821
balanced,minimum-wing,0,1285,350.363375699
balanced,minimum-wing,0,1290,350.380788265
balanced,minimum-wing,0,1295,350.39796186
balanced,minimum-wing,0,1300,350.414899778
balanced,minimum-wing,0,1305,350.431605269
balanced,minimum-wing,0,1310,350.448081535
balanced,minimum-wing,0,1315,350.464331736
balanced,minimum-wing,0,1320,350.480358986
balanced,minimum-wing,0,1325,350.496166359
balanced,minimum-wing,0,1330,350.511756881
balanced,minimum-wing,0,1335,350.527133542
balanced,minimum-wing,0,1340,350.542299285
balanced,minimum-wing,0,1345,350.557257016
balanced,minimum-wing,0,1350,350.5720096
balanced,minimum-wing,0,1355,350.586559861
balanced,minimum-wing,0,1360,350.600910583
balanced,minimum-wing,0,1365,350.615064515
balanced,minimum-wing,0,1370,350.629024364
balanced,minimum-wing,0,1375,350.642792802
balanced,minimum-wing,0,1380,350.656372463
balanced,minimum-wing,0,1385,350.669765945
balanced,minimum-wing,0,1390,350.682975808
balanced,minimum-wing,0,1395,350.69600458
balanced,minimum-wing,0,1400,350.70885475
balanced,minimum-wing,0,1405,350.721528777
balanced,minimum-wing,0,1410,350.734029082
balanced,minimum-wing,0,1415,350.746358054
balanced,minimum-wing,0,1420,350.75851805
balanced,minimum-wing,0,1425,350.770511392
balanced,minimum-wing,0,1430,350.782340372
balanced,minimum-wing,0,1435,350.79400725
balanced,minimum-wing,0,1440,350.805514254
balanced,minimum-wing,0,1445,350.816863581
balanced,minimum-wing,0,1450,350.828057398
balanced,minimum-wing,0,1455,350.839097843
balanced,minimum-wing,0,1460,350.849987022
balanced,minimum-wing,0,1465,350.860727015
balanced,minimum-wing,0,1470,350.871319871
balanced,minimum-wing,0,1475,350.881767612
balanced,minimum-wing,0,1480,350.89207223
balanced,minimum-wing,0,1485,350.902235693
balanced,minimum-wing,0,1490,350.912259938
balanced,minimum-wing,0,1495,350.922146878
balanced,minimum-wing,0,1500,350.931898398
balanced,minimum-wing,0,1505,350.941516358
balanced,minimum-wing,0,1510,350.951002592
balanced,minimum-wing,0,1515,350.960358909
balanced,minimum-wing,0,1520,350.969587091
balanced,minimum-wing,0,1525,350.973306037
balanced,minimum-wing,0,1530,350.973306037
balanced,minimum-wing,0,1535,350.973306037
balanced,minimum-wing,0,1540,350.973306037
balanced,minimum-wing,0,1545,350.973306037
balanced,minimum-wing,0,1550,350.973306037
balanced,minimum-wing,0,1555,350.973306037
balanced,minimum-wing,0,1560,350.973306037
balanced,minimum-wing,0,1565,350.973306037
balanced,minimum-wing,0,1570,350.973306037
balanced,minimum-wing,0,1575,350.973306037
balanced,minimum-wing,0,1580,350.973306037
balanced,minimum-wing,0,1585,350.973306037
balanced,minimum-wing,0,1590,350.973306037
balanced,minimum-wing,0,1595,350.973306037
balanced,minimum-wing,0,1600,350.973306037
balanced,minimum-wing,0,1605,350.973306037
balanced,minimum-wing,0,1610,350.973306037
balanced,minimum-wing,0,1615,350.973306037
balanced,minimum-wing,0,1620,350.973306037
balanced,minimum-wing,0,1625,350.973306037
balanced,minimum-wing,0,1630,350.973306037
balanced,minimum-wing,0,1635,350.973306037
balanced,minimum-wing,0,1640,350.973306037
balanced,minimum-wing,0,1645,350.973306037
balanced,minimum-wing,0,1650,350.973306037
balanced,minimum-wing,0,1655,350.973306037
balanced,minimum-wing,0,1660,350.973306037
balanced,minimum-wing,0,1665,350.973306037
balanced,minimum-wing,0,1670,350.973306037
balanced,minimum-wing,0,1675,350.973306037
balanced,minimum-wing,0,1680,350.973306037
balanced,minimum-wing,0,1685,350.973306037
balanced,minimum-wing,0,1690,350.973306037
balanced,minimum-wing,0,1695,350.973306037
balanced,minimum-wing,0,1700,350.973306037
balanced,minimum-wing,0,1705,350.973306037
balanced,minimum-wing,0,1710,350.973306037
balanced,minimum-wing,0,1715,350.973306037
balanced,minimum-wing,0,1720,350.973306037
balanced,minimum-wing,0,1725,349.673161005
balanced,minimum-wing,0,1730,340.881357074
balanced,minimum-wing,0,1735,331.945547313
balanced,minimum-wing,0,1740,322.852887276
balanced,minimum-wing,0,1745,313.588828644
balanced,minimum-wing,0,1750,304.136785575
balanced,minimum-wing,0,1755,294.477712332
balanced,minimum-wing,0,1760,284.589561686
balanced,minimum-wing,0,1765,274.446580263
balanced,minimum-wing,0,1770,264.018376597
balanced,minimum-wing,0,1775,253.268665486
balanced,minimum-wing,0,1780,242.153539842
balanced,minimum-wing,0,1785,230.619033052
balanced,minimum-wing,0,1790,218.782905883
balanced,minimum-wing,0,1795,218.782905883
balanced,minimum-wing,0,1800,218.782905883
balanced,minimum-wing,0,1805,218.782905883
balanced,minimum-wing,0,1810,218.782905883
balanced,minimum-wing,0,1815,218.782905883
balanced,minimum-wing,0,1820,218.782905883
balanced,minimum-wing,0,1825,218.782905883
balanced,minimum-wing,0,1830,218.782905883
balanced,minimum-wing,0,1835,218.782905883
balanced,minimum-wing,0,1840,218.782905883
balanced,minimum-wing,0,1845,218.782905883
balanced,minimum-wing,0,1850,218.782905883
balanced,minimum-wing,0,1855,218.782905883
balanced,minimum-wing,0,1860,218.782905883
balanced,minimum-wing,0,1865,218.782905883
balanced,minimum-wing,0,1870,218.782905883
balanced,minimum-wing,0,1875,218.782905883
balanced,minimum-wing,0,1880,218.782905883
balanced,minimum-wing,0,1885,218.782905883
balanced,minimum-wing,0,1890,218.782905883
balanced,minimum-wing,0,1895,218.782905883
balanced,minimum-wing,0,1900,218.782905883
balanced,minimum-wing,0,1905,218.782905883
balanced,minimum-wing,0,1910,218.782905883
balanced,minimum-wing,0,1915,218.782905883
balanced,minimum-wing,0,1920,218.782905883
balanced,minimum-wing,0,1925,218.782905883
balanced,minimum-wing,0,1930,218.782905883
balanced,minimum-wing,0,1935,218.782905883
balanced,minimum-wing,0,1940,218.782905883
balanced,minimum-wing,0,1945,218.782905883
balanced,minimum-wing,0,1950,218.782905883
balanced,minimum-wing,0,1955,218.782905883
balanced,minimum-wing,0,1960,218.782905883
balanced,minimum-wing,0,1965,218.782905883
balanced,minimum-wing,0,1970,218.782905883
balanced,minimum-wing,0,1975,218.782905883
balanced,minimum-wing,0,1980,218.782905883
balanced,minimum-wing,0,1985,218.782905883
balanced,minimum-wing,0,1990,218.782905883
balanced,minimum-wing,0,1995,218.782905883
balanced,minimum-wing,0,2000,218.782905883
balanced,minimum-wing,0,2005,218.782905883
balanced,minimum-wing,0,2010,218.782905883
balanced,minimum-wing,0,2015,218.782905883
balanced,minimum-wing,0,2020,218.782905883
balanced,minimum-wing,0,2025,218.782905883
balanced,minimum-wing,0,2030,218.782905883
balanced,minimum-wing,0,2035,218.782905883
balanced,minimum-wing,0,2040,218.782905883
balanced,minimum-wing,0,2045,218.782905883
balanced,minimum-wing,0,2050,218.782905883
balanced,minimum-wing,0,2055,218.782905883
balanced,minimum-wing,0,2060,218.782905883
balanced,minimum-wing,0,2065,218.782905883
balanced,minimum-wing,0,2070,218.782905883
balanced,minimum-wing,0,2075,221.987595224
balanced,minimum-wing,0,2080,225.089718501
balanced,minimum-wing,0,2085,228.094843086
balanced,minimum-wing,0,2090,231.008061557
balanced,minimum-wing,0,2095,233.819752278
balanced,minimum-wing,0,2100,236.532504915
balanced,minimum-wing,0,2105,239.151662883
balanced,minimum-wing,0,2110,241.682133993
balanced,minimum-wing,0,2115,244.128438865
balanced,minimum-wing,0,2120,246.494752608
balanced,minimum-wing,0,2125,248.784940868
balanced,minimum-wing,0,2130,251.002591157
balanced,minimum-wing,0,2135,253.151040194
balanced,minimum-wing,0,2140,255.233397865
balanced,minimum-wing,0,2145,257.252568299
balanced,minimum-wing,0,2150,259.21126848
balanced,minimum-wing,0,2155,261.112044729
balanced,minimum-wing,0,2160,262.957287355
balanced,minimum-wing,0,2165,264.749243724
balanced,minimum-wing,0,2170,266.316810539
balanced,minimum-wing,0,2175,267.85321504
balanced,minimum-wing,0,2180,269.359339204
balanced,minimum-wing,0,2185,270.836027825
balanced,minimum-wing,0,2190,272.284090702
balanced,minimum-wing,0,2195,273.704304658
balanced,minimum-wing,0,2200,275.097415415
balanced,minimum-wing,0,2205,276.464139325
balanced,minimum-wing,0,2210,277.805164985
balanced,minimum-wing,0,2215,279.121154731
balanced,minimum-wing,0,2220,280.412746035
balanced,minimum-wing,0,2225,281.680552803
balanced,minimum-wing,0,2230,282.925166584
balanced,minimum-wing,0,2235,284.147157704
balanced,minimum-wing,0,2240,285.347076324
balanced,minimum-wing,0,2245,286.525453429
balanced,minimum-wing,0,2250,287.682801754
balanced,minimum-wing,0,2255,288.818234855
balanced,minimum-wing,0,2260,289.930181127
balanced,minimum-wing,0,2265,291.019260492
balanced,minimum-wing,0,2270,292.086070385
balanced,minimum-wing,0,2275,293.131186868
balanced,minimum-wing,0,2280,294.155165666
balanced,minimum-wing,0,2285,295.158543149
balanced,minimum-wing,0,2290,296.141837243
balanced,minimum-wing,0,2295,297.105548292
balanced,minimum-wing,0,2300,298.050159865
balanced,minimum-wing,0,2305,298.976139519
balanced,minimum-wing,0,2310,299.883939514
balanced,minimum-wing,0,2315,300.77399749
balanced,minimum-wing,0,2320,301.646737099
balanced,minimum-wing,0,2325,302.502568614
balanced,minimum-wing,0,2330,303.341889489
balanced,minimum-wing,0,2335,304.165084902
balanced,minimum-wing,0,2340,304.972528261
balanced,minimum-wing,0,2345,305.764581684
balanced,minimum-wing,0,2350,306.541596458
balanced,minimum-wing,0,2355,307.303913467
balanced,minimum-wing,0,2360,308.051863605
balanced,minimum-wing,0,2365,308.785768165
balanced,minimum-wing,0,2370,309.505939207
balanced,minimum-wing,0,2375,310.212679911
balanced,minimum-wing,0,2380,310.906284913
balanced,minimum-wing,0,2385,311.587040617
balanced,minimum-wing,0,2390,312.255225505
balanced,minimum-wing,0,2395,312.911110422
balanced,minimum-wing,0,2400,313.554958851
balanced,minimum-wing,0,2405,314.187027177
balanced,minimum-wing,0,2410,314.807564934
balanced,minimum-wing,0,2415,315.416815051
balanced,minimum-wing,0,2420,316.015014071
balanced,minimum-wing,0,2425,316.602392376
balanced,minimum-wing,0,2430,317.179174396
balanced,minimum-wing,0,2435,317.745578803
balanced,minimum-wing,0,2440,318.301818706
balanced,minimum-wing,0,2445,318.848101837
balanced,minimum-wing,0,2450,319.384630717
balanced,minimum-wing,0,2455,319.911602834
balanced,minimum-wing,0,2460,320.429210797
balanced,minimum-wing,0,2465,320.937642496
balanced,minimum-wing,0,2470,321.437081244
balanced,minimum-wing,0,2475,321.927705924
balanced,minimum-wing,0,2480,322.409691125
balanced,minimum-wing,0,2485,322.883207271
balanced,minimum-wing,0,2490,323.348420749
balanced,minimum-wing,0,2495,323.80549403
balanced,minimum-wing,0,2500,324.254585785
balanced,minimum-wing,0,2505,324.695850999
balanced,minimum-wing,0,2510,325.129441076
balanced,minimum-wing,0,2515,325.555503945
balanced,minimum-wing,0,2520,325.974184161
balanced,minimum-wing,0,2525,326.385622999
balanced,minimum-wing,0,2530,326.789958549
balanced,minimum-wing,0,2535,327.187325805
balanced,minimum-wing,0,2540,327.57785675
balanced,minimum-wing,0,2545,327.961680445
balanced,minimum-wing,0,2550,328.338923099
balanced,minimum-wing,0,2555,328.70970816
balanced,minimum-wing,0,2560,329.074156377
balanced,minimum-wing,0,2565,329.432385882
balanced,minimum-wing,0,2570,329.784512256
balanced,minimum-wing,0,2575,330.130648597
balanced,minimum-wing,0,2580,330.470905586
balanced,minimum-wing,0,2585,330.805391548
balanced,minimum-wing,0,2590,331.134212517
balanced,minimum-wing,0,2595,331.457472293
balanced,minimum-wing,0,2600,331.693195701
balanced,minimum-wing,0,2605,331.925901252
balanced,minimum-wing,0,2610,332.155630164
balanced,minimum-wing,0,2615,332.391979608
balanced,minimum-wing,0,2620,332.625304277
balanced,minimum-wing,0,2625,332.855645471
balanced,minimum-wing,0,2630,333.083043854
balanced,minimum-wing,0,2635,333.307539473
balanced,minimum-wing,0,2640,333.529171762
balanced,minimum-wing,0,2645,333.747979557
balanced,minimum-wing,0,2650,333.964001107
balanced,minimum-wing,0,2655,334.177274082
balanced,minimum-wing,0,2660,334.387835586
balanced,minimum-wing,0,2665,334.595722166
balanced,minimum-wing,0,2670,334.800969822
balanced,minimum-wing,0,2675,335.003614016
balanced,minimum-wing,0,2680,335.203689682
balanced,minimum-wing,0,2685,335.401231235
balanced,minimum-wing,0,2690,335.596272582
balanced,minimum-wing,0,2695,335.788847126
balanced,minimum-wing,0,2700,335.97898778
balanced,minimum-wing,0,2705,336.166726973
balanced,minimum-wing,0,2710,336.352096657
balanced,minimum-wing,0,2715,336.535128319
balanced,minimum-wing,0,2720,336.715852985
balanced,minimum-wing,0,2725,336.894301229
balanced,minimum-wing,0,2730,337.070503182
balanced,minimum-wing,0,2735,337.244488539
balanced,minimum-wing,0,2740,337.416286563
balanced,minimum-wing,0,2745,337.585926099
balanced,minimum-wing,0,2750,337.753435573
balanced,minimum-wing,0,2755,337.918843005
balanced,minimum-wing,0,2760,338.082176015
balanced,minimum-wing,0,2765,338.243461824
balanced,minimum-wing,0,2770,338.402727269
balanced,minimum-wing,0,2775,338.559998802
balanced,minimum-wing,0,2780,338.715302501
balanced,minimum-wing,0,2785,338.868664074
balanced,minimum-wing,0,2790,339.020108864
balanced,minimum-wing,0,2795,339.169661859
balanced,minimum-wing,0,2800,339.317347691
balanced,minimum-wing,0,2805,339.46319065
balanced,minimum-wing,0,2810,339.607214683
balanced,minimum-wing,0,2815,339.7494434
balanced,minimum-wing,0,2820,339.889900083
balanced,minimum-wing,0,2825,340.02860769
balanced,minimum-wing,0,2830,340.165588856
balanced,minimum-wing,0,2835,340.300865904
balanced,minimum-wing,0,2840,340.434460845
balanced,minimum-wing,0,2845,340.566395389
balanced,minimum-wing,0,2850,340.696690941
balanced,minimum-wing,0,2855,340.825368613
balanced,minimum-wing,0,2860,340.952449226
balanced,minimum-wing,0,2865,341.077953314
balanced,minimum-wing,0,2870,341.20190113
balanced,minimum-wing,0,2875,341.324312647
balanced,minimum-wing,0,2880,341.445207567
balanced,minimum-wing,0,2885,341.564605321
balanced,minimum-wing,0,2890,341.682525077
balanced,minimum-wing,0,2895,341.798985739
balanced,minimum-wing,0,2900,341.914005957
balanced,minimum-wing,0,2905,342.027604124
balanced,minimum-wing,0,2910,342.139798387
balanced,minimum-wing,0,2915,342.250606645
balanced,minimum-wing,0,2920,342.360046556
balanced,minimum-wing,0,2925,342.46813554
balanced,minimum-wing,0,2930,342.57489078
balanced,minimum-wing,0,2935,342.680329232
balanced,minimum-wing,0,2940,342.784467619
balanced,minimum-wing,0,2945,342.887322442
balanced,minimum-wing,0,2950,342.988909981
balanced,minimum-wing,0,2955,343.089246298
balanced,minimum-wing,0,2960,343.18834724
balanced,minimum-wing,0,2965,343.286228441
balanced,minimum-wing,0,2970,343.382905329
balanced,minimum-wing,0,2975,343.478393125
balanced,minimum-wing,0,2980,343.572706848
balanced,minimum-wing,0,2985,343.665861317
balanced,minimum-wing,0,2990,343.757871155
balanced,minimum-wing,0,2995,343.848750792
balanced,minimum-wing,0,3000,343.938514465
balanced,minimum-wing,0,3005,344.027176224
balanced,minimum-wing,0,3010,344.114749934
balanced,minimum-wing,0,3015,344.201249276
balanced,minimum-wing,0,3020,344.286687751
balanced,minimum-wing,0,3025,344.371078685
balanced,minimum-wing,0,3030,344.454435224
balanced,minimum-wing,0,3035,344.536770345
balanced,minimum-wing,0,3040,344.618096854
balanced,minimum-wing,0,3045,344.69842739
balanced,minimum-wing,0,3050,344.777774424
balanced,minimum-wing,0,3055,344.856150268
balanced,minimum-wing,0,3060,344.933567069
balanced,minimum-wing,0,3065,345.010036819
balanced,minimum-wing,0,3070,345.085571352
balanced,minimum-wing,0,3075,345.160182349
balanced,minimum-wing,0,3080,345.233881338
balanced,minimum-wing,0,3085,345.306679697
balanced,minimum-wing,0,3090,345.378588659
balanced,minimum-wing,0,3095,345.449619308
balanced,minimum-wing,0,3100,345.519782586
balanced,minimum-wing,0,3105,345.589089294
balanced,minimum-wing,0,3110,345.657550092
balanced,minimum-wing,0,3115,345.725175504
balanced,minimum-wing,0,3120,345.791975917
balanced,minimum-wing,0,3125,345.857961584
balanced,minimum-wing,0,3130,345.923142626
balanced,minimum-wing,0,3135,345.987529035
balanced,minimum-wing,0,3140,346.051130672
balanced,minimum-wing,0,3145,346.113957275
balanced,minimum-wing,0,3150,346.176018453
balanced,minimum-wing,0,3155,346.237323694
balanced,minimum-wing,0,3160,346.297882365
balanced,minimum-wing,0,3165,346.357703712
balanced,minimum-wing,0,3170,346.416796861
balanced,minimum-wing,0,3175,346.475170825
balanced,minimum-wing,0,3180,346.5328345
balanced,minimum-wing,0,3185,346.589796667
balanced,minimum-wing,0,3190,346.646065998
balanced,minimum-wing,0,3195,346.701651052
balanced,minimum-wing,0,3200,346.756560281
balanced,minimum-wing,0,3205,346.810802027
balanced,minimum-wing,0,3210,346.864384528
balanced,minimum-wing,0,3215,346.917315917
balanced,minimum-wing,0,3220,346.969604223
balanced,minimum-wing,0,3225,347.021257374
balanced,minimum-wing,0,3230,347.072283196
balanced,minimum-wing,0,3235,347.122689418
balanced,minimum-wing,0,3240,347.172483669
balanced,minimum-wing,0,3245,347.221673483
balanced,minimum-wing,0,3250,347.270266297
balanced,minimum-wing,0,3255,347.318269457
balanced,minimum-wing,0,3260,347.365690214
balanced,minimum-wing,0,3265,347.412535727
balanced,minimum-wing,0,3270,347.458813066
balanced,minimum-wing,0,3275,347.504529211
balanced,minimum-wing,0,3280,347.549691056
balanced,minimum-wing,0,3285,347.594305405
balanced,minimum-wing,0,3290,347.638378979
balanced,minimum-wing,0,3295,347.681918414
balanced,minimum-wing,0,3300,347.724930261
balanced,minimum-wing,0,3305,347.767420991
balanced,minimum-wing,0,3310,347.809396993
balanced,minimum-wing,0,3315,347.850864575
balanced,minimum-wing,0,3320,347.891829967
balanced,minimum-wing,0,3325,347.93229932
balanced,minimum-wing,0,3330,347.972278708
balanced,minimum-wing,0,3335,348.01177413
balanced,minimum-wing,0,3340,348.050791509
balanced,minimum-wing,0,3345,348.089336694
balanced,minimum-wing,0,3350,348.127415462
balanced,minimum-wing,0,3355,348.165033517
balanced,minimum-wing,0,3360,348.202196491
balanced,minimum-wing,0,3365,348.238909947
balanced,minimum-wing,0,3370,348.275179378
balanced,minimum-wing,0,3375,348.311010208
balanced,minimum-wing,0,3380,348.346407795
balanced,minimum-wing,0,3385,348.381377429
balanced,minimum-wing,0,3390,348.415924334
balanced,minimum-wing,0,3395,348.450053671
balanced,minimum-wing,0,3400,348.483770533
balanced,minimum-wing,0,3405,348.517079954
balanced,minimum-wing,0,3410,348.549986903
balanced,minimum-wing,0,3415,348.582496287
balanced,minimum-wing,0,3420,348.614612953
balanced,minimum-wing,0,3425,348.646341688
balanced,minimum-wing,0,3430,348.677687219
balanced,minimum-wing,0,3435,348.708654215
balanced,minimum-wing,0,3440,348.739247286
balanced,minimum-wing,0,3445,348.774935868
balanced,minimum-wing,0,3450,348.810193055
balanced,minimum-wing,0,3455,348.845024111
balanced,minimum-wing,0,3460,348.879434237
balanced,minimum-wing,0,3465,348.91342857
balanced,minimum-wing,0,3470,348.94701218
balanced,minimum-wing,0,3475,348.980190077
balanced,minimum-wing,0,3480,349.012967208
balanced,minimum-wing,0,3485,349.045348457
balanced,minimum-wing,0,3490,349.07733865
balanced,minimum-wing,0,3495,349.108942551
balanced,minimum-wing,0,3500,349.140164866
balanced,minimum-wing,0,3505,349.171010242
balanced,minimum-wing,0,3510,349.20148327
balanced,minimum-wing,0,3515,349.231588482
balanced,minimum-wing,0,3520,349.261330355
balanced,minimum-wing,0,3525,349.29071331
balanced,minimum-wing,0,3530,349.319741716
balanced,minimum-wing,0,3535,349.348419883
balanced,minimum-wing,0,3540,349.376752072
balanced,minimum-wing,0,3545,349.404742491
balanced,minimum-wing,0,3550,349.432395293
balanced,minimum-wing,0,3555,349.459714582
balanced,minimum-wing,0,3560,349.486704412
balanced,minimum-wing,0,3565,349.513368785
balanced,minimum-wing,0,3570,349.539711656
balanced,minimum-wing,0,3575,349.565736929
balanced,minimum-wing,0,3580,349.59144846
balanced,minimum-wing,0,3585,349.616850061
balanced,minimum-wing,0,3590,349.641945492
balanced,minimum-wing,0,3595,349.66673847
balanced,minimum-wing,0,3600,349.691232665
balanced,minimum-wing,0,3605,349.715431703
balanced,minimum-wing,0,3610,349.739339164
balanced,minimum-wing,0,3615,349.762958585
balanced,minimum-wing,0,3620,349.786293459
balanced,minimum-wing,0,3625,349.809347237
balanced,minimum-wing,0,3630,349.832123326
balanced,minimum-wing,0,3635,349.854625092
balanced,minimum-wing,0,3640,349.87685586
balanced,minimum-wing,0,3645,349.898818914
balanced,minimum-wing,0,3650,349.920517498
balanced,minimum-wing,0,3655,349.941954816
balanced,minimum-wing,0,3660,349.963134032
balanced,minimum-wing,0,3665,349.984058272
balanced,minimum-wing,0,3670,350.004730624
balanced,minimum-wing,0,3675,350.025154137
balanced,minimum-wing,0,3680,350.045331823
balanced,minimum-wing,0,3685,350.065266659
balanced,minimum-wing,0,3690,350.084958039
balanced,minimum-wing,0,3695,350.10437898
balanced,minimum-wing,0,3700,350.123533217
balanced,minimum-wing,0,3705,350.142424429
balanced,minimum-wing,0,3710,350.161056248
balanced,minimum-wing,0,3715,350.179432251
balanced,minimum-wing,0,3720,350.19755597
balanced,minimum-wing,0,3725,350.215430883
balanced,minimum-wing,0,3730,350.233060423
balanced,minimum-wing,0,3735,350.250447973
balanced,minimum-wing,0,3740,350.267596871
balanced,minimum-wing,0,3745,350.284510407
balanced,minimum-wing,0,3750,350.301191825
balanced,minimum-wing,0,3755,350.317644326
balanced,minimum-wing,0,3760,350.333871064
balanced,minimum-wing,0,3765,350.34987515
balanced,minimum-wing,0,3770,350.365659653
balanced,minimum-wing,0,3775,350.381227598
balanced,minimum-wing,0,3780,350.396581968
balanced,minimum-wing,0,3785,350.411725705
balanced,minimum-wing,0,3790,350.42666171
balanced,minimum-wing,0,3795,350.441392843
balanced,minimum-wing,0,3800,350.455921927
balanced,minimum-wing,0,3805,350.457562233
balanced,minimum-wing,0,3810,350.459180102
balanced,minimum-wing,0,3815,350.46077584
balanced,minimum-wing,0,3820,350.46234975
balanced,minimum-wing,0,3825,350.463902131
balanced,minimum-wing,0,3830,350.465433278
balanced,minimum-wing,0,3835,350.466943481
balanced,minimum-wing,0,3840,350.468433026
balanced,minimum-wing,0,3845,350.469902196
balanced,minimum-wing,0,3850,350.471351271
balanced,minimum-wing,0,3855,350.472780525
balanced,minimum-wing,0,3860,350.474190229
balanced,minimum-wing,0,3865,350.47558065
balanced,minimum-wing,0,3870,350.476952054
balanced,minimum-wing,0,3875,350.478304699
balanced,minimum-wing,0,3880,350.479638843
balanced,minimum-wing,0,3885,350.480954739
balanced,minimum-wing,0,3890,350.482252636
balanced,minimum-wing,0,3895,350.483532781
balanced,minimum-wing,0,3900,350.484795416
balanced,minimum-wing,0,3905,350.486040782
balanced,minimum-wing,0,3910,350.487269113
balanced,minimum-wing,0,3915,350.488480645
balanced,minimum-wing,0,3920,350.489675605
balanced,minimum-wing,0,3925,350.490854222
balanced,minimum-wing,0,3930,350.492016718
balanced,minimum-wing,0,3935,350.493163315
balanced,minimum-wing,0,3940,350.494294229
balanced,minimum-wing,0,3945,350.495409676
balanced,minimum-wing,0,3950,350.496509866
balanced,minimum-wing,0,3955,350.49759501
balanced,minimum-wing,0,3960,350.498665311
balanced,minimum-wing,0,3965,350.499720974
balanced,minimum-wing,0,3970,350.500762199
balanced,minimum-wing,0,3975,350.501789184
balanced,minimum-wing,0,3980,350.502802122
balanced,minimum-wing,0,3985,350.503801207
balanced,minimum-wing,0,3990,350.504786628
balanced,minimum-wing,0,3995,350.505758571
balanced,minimum-wing,0,4000,350.506717222
balanced,minimum-wing,0,4005,350.507662761
balanced,minimum-wing,0,4010,350.508595369
balanced,minimum-wing,0,4015,350.509515222
balanced,minimum-wing,0,4020,350.510422495
balanced,minimum-wing,0,4025,350.511317359
balanced,minimum-wing,0,4030,350.512199985
balanced,minimum-wing,0,4035,350.513070541
balanced,minimum-wing,0,4040,350.51392919
balanced,minimum-wing,0,4045,350.514776096
balanced,minimum-wing,0,4050,350.51561142
balanced,minimum-wing,0,4055,350.516435319
balanced,minimum-wing,0,4060,350.517247952
balanced,minimum-wing,0,4065,350.51804947
balanced,minimum-wing,0,4070,350.518840027
balanced,minimum-wing,0,4075,350.519619772
balanced,minimum-wing,0,4080,350.520388854
balanced,minimum-wing,0,4085,350.521147418
balanced,minimum-wing,0,4090,350.521895608
balanced,minimum-wing,0,4095,350.522633565
balanced,minimum-wing,0,4100,350.523361431
balanced,minimum-wing,0,4105,350.524079343
balanced,minimum-wing,0,4110,350.524787436
balanced,minimum-wing,0,4115,350.525485846
balanced,minimum-wing,0,4120,350.526174705
balanced,minimum-wing,0,4125,350.526854143
balanced,minimum-wing,0,4130,350.52752429
balanced,minimum-wing,0,4135,350.528185272
balanced,minimum-wing,0,4140,350.528837215
balanced,minimum-wing,0,4145,350.529480242
balanced,minimum-wing,0,4150,350.530114475
balanced,minimum-wing,0,4155,350.530740036
balanced,minimum-wing,0,4160,350.531357041
balanced,minimum-wing,0,4165,350.531965609
balanced,minimum-wing,0,4170,350.532565854
balanced,minimum-wing,0,4175,350.533157891
balanced,minimum-wing,0,4180,350.533741831
balanced,minimum-wing,0,4185,350.534317786
balanced,minimum-wing,0,4190,350.534885865
balanced,minimum-wing,0,4195,350.535446175
balanced,minimum-wing,0,4200,350.535998823
balanced,minimum-wing,0,4205,350.536543914
balanced,minimum-wing,0,4210,350.53708155
balanced,minimum-wing,0,4215,350.537611834
balanced,minimum-wing,0,4220,350.538134867
balanced,minimum-wing,0,4225,350.538650747
balanced,minimum-wing,0,4230,350.539159572
balanced,minimum-wing,0,4235,350.53966144
balanced,minimum-wing,0,4240,350.540156444
balanced,minimum-wing,0,4245,350.540644679
balanced,minimum-wing,0,4250,350.541126238
balanced,minimum-wing,0,4255,350.541601211
balanced,minimum-wing,0,4260,350.542069689
balanced,minimum-wing,0,4265,350.542531761
balanced,minimum-wing,0,4270,350.542987515
balanced,minimum-wing,0,4275,350.543437035
balanced,minimum-wing,0,4280,350.543880409
balanced,minimum-wing,0,4285,350.54431772
balanced,minimum-wing,0,4290,350.544749051
balanced,minimum-wing,0,4295,350.545174483
balanced,minimum-wing,0,4300,350.545594098
balanced,minimum-wing,0,4305,350.551444868
balanced,minimum-wing,0,4310,350.557215542
balanced,minimum-wing,0,4315,350.562907219
balanced,minimum-wing,0,4320,350.568520981
balanced,minimum-wing,0,4325,350.574057898
balanced,minimum-wing,0,4330,350.579519022
balanced,minimum-wing,0,4335,350.584905392
balanced,minimum-wing,0,4340,350.590218033
balanced,minimum-wing,0,4345,350.595457956
balanced,minimum-wing,0,4350,350.600626158
balanced,minimum-wing,0,4355,350.60572362
balanced,minimum-wing,0,4360,350.610751314
balanced,minimum-wing,0,4365,350.615710195
balanced,minimum-wing,0,4370,350.620601206
balanced,minimum-wing,0,4375,350.625425278
balanced,minimum-wing,0,4380,350.630183327
balanced,minimum-wing,0,4385,350.634876259
balanced,minimum-wing,0,4390,350.639504965
balanced,minimum-wing,0,4395,350.644070326
balanced,minimum-wing,0,4400,350.64857321
balanced,minimum-wing,0,4405,350.653014472
balanced,minimum-wing,0,4410,350.657394957
balanced,minimum-wing,0,4415,350.661715498
balanced,minimum-wing,0,4420,350.665976915
balanced,minimum-wing,0,4425,350.67018002
balanced,minimum-wing,0,4430,350.67432561
balanced,minimum-wing,0,4435,350.678414474
balanced,minimum-wing,0,4440,350.682447388
balanced,minimum-wing,0,4445,350.686425119
balanced,minimum-wing,0,4450,350.690348423
balanced,minimum-wing,0,4455,350.694218046
balanced,minimum-wing,0,4460,350.698034722
balanced,minimum-wing,0,4465,350.701799177
balanced,minimum-wing,0,4470,350.705512126
balanced,minimum-wing,0,4475,350.709174274
balanced,minimum-wing,0,4480,350.712786318
balanced,minimum-wing,0,4485,350.716348942
balanced,minimum-wing,0,4490,350.719862825
balanced,minimum-wing,0,4495,350.723328634
balanced,minimum-wing,0,4500,350.726747026
balanced,minimum-wing,0,4505,350.730118652
balanced,minimum-wing,0,4510,350.733444151
balanced,minimum-wing,0,4515,350.736724155
balanced,minimum-wing,0,4520,350.739959287
balanced,minimum-wing,0,4525,350.743150162
balanced,minimum-wing,0,4530,350.746297385
balanced,minimum-wing,0,4535,350.749401555
balanced,minimum-wing,0,4540,350.75246326
balanced,minimum-wing,0,4545,350.755483082
balanced,minimum-wing,0,4550,350.758461594
balanced,minimum-wing,0,4555,350.761399362
balanced,minimum-wing,0,4560,350.764296944
balanced,minimum-wing,0,4565,350.76715489
balanced,minimum-wing,0,4570,350.769973742
balanced,minimum-wing,0,4575,350.772754036
balanced,minimum-wing,0,4580,350.775496299
balanced,minimum-wing,0,4585,350.778201052
balanced,minimum-wing,0,4590,350.780868808
balanced,minimum-wing,0,4595,350.783500074
balanced,minimum-wing,0,4600,350.78609535
balanced,minimum-wing,0,4605,350.788655127
balanced,minimum-wing,0,4610,350.791179892
balanced,minimum-wing,0,4615,350.793670125
balanced,minimum-wing,0,4620,350.796126296
balanced,minimum-wing,0,4625,350.798548874
balanced,minimum-wing,0,4630,350.800938317
balanced,minimum-wing,0,4635,350.80329508
balanced,minimum-wing,0,4640,350.805619608
balanced,minimum-wing,0,4645,350.807912344
balanced,minimum-wing,0,4650,350.810173723
balanced,minimum-wing,0,4655,350.812404173
balanced,minimum-wing,0,4660,350.814604118
balanced,minimum-wing,0,4665,350.816773976
balanced,minimum-wing,0,4670,350.818914158
balanced,minimum-wing,0,4675,350.82102507
balanced,minimum-wing,0,4680,350.823107112
balanced,minimum-wing,0,4685,350.82516068
balanced,minimum-wing,0,4690,350.827186164
balanced,minimum-wing,0,4695,350.829183948
balanced,minimum-wing,0,4700,350.83115441
balanced,minimum-wing,0,4705,350.833097924
balanced,minimum-wing,0,4710,350.83501486
balanced,minimum-wing,0,4715,350.836905581
balanced,minimum-wing,0,4720,350.838770445
balanced,minimum-wing,0,4725,350.840609807
balanced,minimum-wing,0,4730,350.842424015
balanced,minimum-wing,0,4735,350.844213414
balanced,minimum-wing,0,4740,350.845978342
balanced,minimum-wing,0,4745,350.847719135
balanced,minimum-wing,0,4750,350.849436123
balanced,minimum-wing,0,4755,350.851129632
balanced,minimum-wing,0,4760,350.852799982
balanced,minimum-wing,0,4765,350.854447491
balanced,minimum-wing,0,4770,350.856072471
balanced,minimum-wing,0,4775,350.85767523
balanced,minimum-wing,0,4780,350.859256072
balanced,minimum-wing,0,4785,350.860815298
balanced,minimum-wing,0,4790,350.862353202
balanced,minimum-wing,0,4795,350.863870077
balanced,minimum-wing,0,4800,350.86536621
balanced,minimum-wing,0,4805,350.866841885
balanced,minimum-wing,0,4810,350.868297382
balanced,minimum-wing,0,4815,350.869732976
balanced,minimum-wing,0,4820,350.87114894
balanced,minimum-wing,0,4825,350.872545543
balanced,minimum-wing,0,4830,350.873923049
balanced,minimum-wing,0,4835,350.87528172
balanced,minimum-wing,0,4840,350.876621813
balanced,minimum-wing,0,4845,350.877943583
balanced,minimum-wing,0,4850,350.879247279
balanced,minimum-wing,0,4855,350.88053315
balanced,minimum-wing,0,4860,350.881801438
balanced,minimum-wing,0,4865,350.883052385
balanced,minimum-wing,0,4870,350.884286228
balanced,minimum-wing,0,4875,350.8855032
balanced,minimum-wing,0,4880,350.886703533
balanced,minimum-wing,0,4885,350.887887453
balanced,minimum-wing,0,4890,350.889055186
balanced,minimum-wing,0,4895,350.890206953
balanced,minimum-wing,0,4900,350.891342972
balanced,minimum-wing,0,4905,350.892463459
balanced,minimum-wing,0,4910,350.893568625
balanced,minimum-wing,0,4915,350.894658681
balanced,minimum-wing,0,4920,350.895733833
balanced,minimum-wing,0,4925,350.896794286
balanced,minimum-wing,0,4930,350.897840239
balanced,minimum-wing,0,4935,350.898871892
balanced,minimum-wing,0,4940,350.899889439
balanced,minimum-wing,0,4945,350.900893074
balanced,minimum-wing,0,4950,350.901882988
balanced,minimum-wing,0,4955,350.902859367
balanced,minimum-wing,0,4960,350.903822397
balanced,minimum-wing,0,4965,350.904772261
balanced,minimum-wing,0,4970,350.905709137
balanced,minimum-wing,0,4975,350.906633205
balanced,minimum-wing,0,4980,350.907544639
balanced,minimum-wing,0,4985,350.908443612
balanced,minimum-wing,0,4990,349.054818127
balanced,minimum-wing,0,4995,340.243888191
balanced,minimum-wing,0,5000,331.287678318
balanced,minimum-wing,0,5005,331.287678318
balanced,minimum-wing,0,5010,331.287678318
balanced,minimum-wing,0,5015,331.287678318
balanced,minimum-wing,0,5020,331.287678318
balanced,minimum-wing,0,5025,331.287678318
balanced,minimum-wing,0,5030,331.287678318
balanced,minimum-wing,0,5035,331.287678318
balanced,minimum-wing,0,5040,331.287678318
balanced,minimum-wing,0,5045,331.287678318
balanced,minimum-wing,0,5050,331.287678318
balanced,minimum-wing,0,5055,331.287678318
balanced,minimum-wing,0,5060,331.287678318
balanced,minimum-wing,0,5065,331.287678318
balanced,minimum-wing,0,5070,331.351356344
balanced,minimum-wing,0,5075,331.550081062
balanced,minimum-wing,0,5080,331.796107153
balanced,minimum-wing,0,5085,332.038976223
balanced,minimum-wing,0,5090,332.278731603
balanced,minimum-wing,0,5095,332.515415955
balanced,minimum-wing,0,5100,332.749071285
balanced,minimum-wing,0,5105,332.979738949
balanced,minimum-wing,0,5110,333.207459674
balanced,minimum-wing,0,5115,333.432273563
balanced,minimum-wing,0,5120,333.654220107
balanced,minimum-wing,0,5125,333.873338199
balanced,minimum-wing,0,5130,334.089666143
balanced,minimum-wing,0,5135,334.303241664
balanced,minimum-wing,0,5140,334.514101919
balanced,minimum-wing,0,5145,334.722283508
balanced,minimum-wing,0,5150,334.927822483
balanced,minimum-wing,0,5155,335.130754356
balanced,minimum-wing,0,5160,335.331114111
balanced,minimum-wing,0,5165,335.528936214
balanced,minimum-wing,0,5170,335.724254618
balanced,minimum-wing,0,5175,335.917102776
balanced,minimum-wing,0,5180,336.107513647
balanced,minimum-wing,0,5185,336.295519706
balanced,minimum-wing,0,5190,336.481152951
balanced,minimum-wing,0,5195,336.664444913
balanced,minimum-wing,0,5200,336.845426662
balanced,minimum-wing,0,5205,337.024128816
balanced,minimum-wing,0,5210,337.200581549
balanced,minimum-wing,0,5215,337.374814596
balanced,minimum-wing,0,5220,337.546857265
balanced,minimum-wing,0,5225,337.716738438
balanced,minimum-wing,0,5230,337.884486583
balanced,minimum-wing,0,5235,338.05012976
balanced,minimum-wing,0,5240,338.213695625
balanced,minimum-wing,0,5245,338.37521144
balanced,minimum-wing,0,5250,338.534704079
balanced,minimum-wing,0,5255,338.692200031
balanced,minimum-wing,0,5260,338.847725411
balanced,minimum-wing,0,5265,339.001305962
balanced,minimum-wing,0,5270,339.152967063
balanced,minimum-wing,0,5275,339.302733737
balanced,minimum-wing,0,5280,339.450630651
balanced,minimum-wing,0,5285,339.596682128
balanced,minimum-wing,0,5290,339.740912148
balanced,minimum-wing,0,5295,339.883344355
balanced,minimum-wing,0,5300,340.024002064
balanced,minimum-wing,0,5305,340.162908262
balanced,minimum-wing,0,5310,340.300085619
balanced,minimum-wing,0,5315,340.435556487
balanced,minimum-wing,0,5320,340.569342908
balanced,minimum-wing,0,5325,340.701466622
balanced,minimum-wing,0,5330,340.831949064
balanced,minimum-wing,0,5335,340.960811375
balanced,minimum-wing,0,5340,341.088074405
balanced,minimum-wing,0,5345,341.213758717
balanced,minimum-wing,0,5350,341.33788459
balanced,minimum-wing,0,5355,341.460472027
balanced,minimum-wing,0,5360,341.581540756
balanced,minimum-wing,0,5365,341.701110236
balanced,minimum-wing,0,5370,341.819199659
balanced,minimum-wing,0,5375,341.935827958
balanced,minimum-wing,0,5380,342.051013806
balanced,minimum-wing,0,5385,342.164775624
balanced,minimum-wing,0,5390,342.277131582
balanced,minimum-wing,0,5395,342.388099604
balanced,optimum-wing,4.99675185126,0,346.490386623
balanced,optimum-wing,4.99675185126,5,346.521253072
balanced,optimum-wing,4.99675185126,10,346.551742597
balanced,optimum-wing,4.99675185126,15,346.581859841
balanced,optimum-wing,4.99675185126,20,346.611609386
balanced,optimum-wing,4.99675185126,25,346.640995761
balanced,optimum-wing,4.99675185126,30,346.670023433
balanced,optimum-wing,4.99675185126,35,346.698696817
balanced,optimum-wing,4.99675185126,40,346.727020271
balanced,optimum-wing,4.99675185126,45,346.7549981
balanced,optimum-wing,4.99675185126,50,346.782634553
balanced,optimum-wing,4.99675185126,55,346.809933829
balanced,optimum-wing,4.99675185126,60,346.836900072
balanced,optimum-wing,4.99675185126,65,346.863537374
balanced,optimum-wing,4.99675185126,70,346.889849779
balanced,optimum-wing,4.99675185126,75,346.915841279
balanced,optimum-wing,4.99675185126,80,346.941515814
balanced,optimum-wing,4.99675185126,85,346.966877278
balanced,optimum-wing,4.99675185126,90,346.991929516
balanced,optimum-wing,4.99675185126,95,347.016676323
balanced,optimum-wing,4.99675185126,100,347.04112145
balanced,optimum-wing,4.99675185126,105,347.065268598
balanced,optimum-wing,4.99675185126,110,347.089121425
balanced,optimum-wing,4.99675185126,115,347.112683542
balanced,optimum-wing,4.99675185126,120,347.135958514
balanced,optimum-wing,4.99675185126,125,347.158949864
balanced,optimum-wing,4.99675185126,130,347.18166107
balanced,optimum-wing,4.99675185126,135,347.204095567
balanced,optimum-wing,4.99675185126,140,347.226256747
balanced,optimum-wing,4.99675185126,145,347.24814796
balanced,optimum-wing,4.99675185126,150,347.269772516
balanced,optimum-wing,4.99675185126,155,347.291133682
balanced,optimum-wing,4.99675185126,160,347.312234684
balanced,optimum-wing,4.99675185126,165,347.333078711
balanced,optimum-wing,4.99675185126,170,347.35366891
balanced,optimum-wing,4.99675185126,175,347.374008388
balanced,optimum-wing,4.99675185126,180,347.394100218
balanced,optimum-wing,4.99675185126,185,347.41394743
balanced,optimum-wing,4.99675185126,190,347.433553019
balanced,optimum-wing,4.99675185126,195,347.452919944
balanced,optimum-wing,4.99675185126,200,347.472051124
balanced,optimum-wing,4.99675185126,205,347.490949444
balanced,optimum-wing,4.99675185126,210,347.509617755
balanced,optimum-wing,4.99675185126,215,347.528058869
balanced,optimum-wing,4.99675185126,220,347.546275565
balanced,optimum-wing,4.99675185126,225,347.56427059
balanced,optimum-wing,4.99675185126,230,347.582046653
balanced,optimum-wing,4.99675185126,235,347.599606432
balanced,optimum-wing,4.99675185126,240,347.616952571
balanced,optimum-wing,4.99675185126,245,347.634087682
balanced,optimum-wing,4.99675185126,250,347.651014345
balanced,optimum-wing,4.99675185126,255,347.667735107
balanced,optimum-wing,4.99675185126,260,347.684252485
balanced,optimum-wing,4.99675185126,265,347.700568963
balanced,optimum-wing,4.99675185126,270,347.716686997
balanced,optimum-wing,4.99675185126,275,347.73260901
balanced,optimum-wing,4.99675185126,280,347.748337397
balanced,optimum-wing,4.99675185126,285,347.763874523
balanced,optimum-wing,4.99675185126,290,347.779222724
balanced,optimum-wing,4.99675185126,295,347.794384306
balanced,optimum-wing,4.99675185126,300,347.809361549
balanced,optimum-wing,4.99675185126,305,347.824156703
balanced,optimum-wing,4.99675185126,310,347.83877199
balanced,optimum-wing,4.99675185126,315,347.853209607
balanced,optimum-wing,4.99675185126,320,347.867471722
balanced,optimum-wing,4.99675185126,325,347.881560476
balanced,optimum-wing,4.99675185126,330,347.895477986
balanced,optimum-wing,4.99675185126,335,347.90922634
balanced,optimum-wing,4.99675185126,340,347.922807602
balanced,optimum-wing,4.99675185126,345,347.936223811
balanced,optimum-wing,4.99675185126,350,347.94947698
balanced,optimum-wing,4.99675185126,355,347.962569098
balanced,optimum-wing,4.99675185126,360,347.975502128
balanced,optimum-wing,4.99675185126,365,347.988278012
balanced,optimum-wing,4.99675185126,370,348.000898665
balanced,optimum-wing,4.99675185126,375,348.013365979
balanced,optimum-wing,4.99675185126,380,348.025681825
balanced,optimum-wing,4.99675185126,385,348.037848049
balanced,optimum-wing,4.99675185126,390,348.049866474
balanced,optimum-wing,4.99675185126,395,348.061738902
balanced,optimum-wing,4.99675185126,400,348.073467113
balanced,optimum-wing,4.99675185126,405,348.085052864
balanced,optimum-wing,4.99675185126,410,348.096497891
balanced,optimum-wing,4.99675185126,415,348.107803909
balanced,optimum-wing,4.99675185126,420,348.118972611
balanced,optimum-wing,4.99675185126,425,348.13000567
balanced,optimum-wing,4.99675185126,430,348.140904739
balanced,optimum-wing,4.99675185126,435,348.15167145
balanced,optimum-wing,4.99675185126,440,348.162307415
balanced,optimum-wing,4.99675185126,445,348.172814226
balanced,optimum-wing,4.99675185126,450,348.183193457
balanced,optimum-wing,4.99675185126,455,348.19344666
balanced,optimum-wing,4.99675185126,460,348.203575371
balanced,optimum-wing,4.99675185126,465,348.213581105
balanced,optimum-wing,4.99675185126,470,348.22346536
balanced,optimum-wing,4.99675185126,475,348.233229614
balanced,optimum-wing,4.99675185126,480,348.242875328
balanced,optimum-wing,4.99675185126,485,348.252403946
balanced,optimum-wing,4.99675185126,490,348.261816892
balanced,optimum-wing,4.99675185126,495,348.271115574
balanced,optimum-wing,4.99675185126,500,348.280301384
balanced,optimum-wing,4.99675185126,505,348.289375694
balanced,optimum-wing,4.99675185126,510,348.298339861
balanced,optimum-wing,4.99675185126,515,348.307195226
balanced,optimum-wing,4.99675185126,520,348.315943112
balanced,optimum-wing,4.99675185126,525,348.324584827
balanced,optimum-wing,4.99675185126,530,348.333121663
balanced,optimum-wing,4.99675185126,535,348.341554896
balanced,optimum-wing,4.99675185126,540,348.349885785
balanced,optimum-wing,4.99675185126,545,348.358115576
balanced,optimum-wing,4.99675185126,550,348.366245498
balanced,optimum-wing,4.99675185126,555,348.374276767
balanced,optimum-wing,4.99675185126,560,348.382210581
balanced,optimum-wing,4.99675185126,565,348.390048126
balanced,optimum-wing,4.99675185126,570,348.397790573
balanced,optimum-wing,4.99675185126,575,348.405439077
balanced,optimum-wing,4.99675185126,580,348.412994782
balanced,optimum-wing,4.99675185126,585,348.420458815
balanced,optimum-wing,4.99675185126,590,348.427832292
balanced,optimum-wing,4.99675185126,595,348.435116312
balanced,optimum-wing,4.99675185126,600,348.442311964
balanced,optimum-wing,4.99675185126,605,348.449420321
balanced,optimum-wing,4.99675185126,610,348.456442446
balanced,optimum-wing,4.99675185126,615,348.463379385
balanced,optimum-wing,4.99675185126,620,348.470232174
balanced,optimum-wing,4.99675185126,625,348.477001836
balanced,optimum-wing,4.99675185126,630,348.483689382
balanced,optimum-wing,4.99675185126,635,348.490295808
balanced,optimum-wing,4.99675185126,640,348.496822102
balanced,optimum-wing,4.99675185126,645,348.503269236
balanced,optimum-wing,4.99675185126,650,348.509638173
balanced,optimum-wing,4.99675185126,655,348.515929863
balanced,optimum-wing,4.99675185126,660,348.522145243
balanced,optimum-wing,4.99675185126,665,348.528285242
balanced,optimum-wing,4.99675185126,670,348.534350775
balanced,optimum-wing,4.99675185126,675,348.540342747
balanced,optimum-wing,4.99675185126,680,348.546262051
balanced,optimum-wing,4.99675185126,685,348.55210957
balanced,optimum-wing,4.99675185126,690,348.557886177
balanced,optimum-wing,4.99675185126,695,348.563592731
balanced,optimum-wing,4.99675185126,700,348.569230085
balanced,optimum-wing,4.99675185126,705,348.574799079
balanced,optimum-wing,4.99675185126,710,348.580300542
balanced,optimum-wing,4.99675185126,715,348.585735296
balanced,optimum-wing,4.99675185126,720,348.591104149
balanced,optimum-wing,4.99675185126,725,348.596407904
balanced,optimum-wing,4.99675185126,730,348.601647349
balanced,optimum-wing,4.99675185126,735,348.606823266
balanced,optimum-wing,4.99675185126,740,348.611936426
balanced,optimum-wing,4.99675185126,745,348.616987591
balanced,optimum-wing,4.99675185126,750,348.621977515
balanced,optimum-wing,4.99675185126,755,348.626906939
balanced,optimum-wing,4.99675185126,760,348.6317766
balanced,optimum-wing,4.99675185126,765,348.6317766
balanced,optimum-wing,4.99675185126,770,348.6317766
balanced,optimum-wing,4.99675185126,775,348.6317766
balanced,optimum-wing,4.99675185126,780,348.6317766
balanced,optimum-wing,4.99675185126,785,348.6317766
balanced,optimum-wing,4.99675185126,790,348.6317766
balanced,optimum-wing,4.99675185126,795,348.6317766
balanced,optimum-wing,4.99675185126,800,348.6317766
balanced,optimum-wing,4.99675185126,805,348.6317766
balanced,optimum-wing,4.99675185126,810,348.6317766
balanced,optimum-wing,4.99675185126,815,348.6317766
balanced,optimum-wing,4.99675185126,820,348.6317766
balanced,optimum-wing,4.99675185126,825,348.6317766
balanced,optimum-wing,4.99675185126,830,348.6317766
balanced,optimum-wing,4.99675185126,835,348.6317766
balanced,optimum-wing,4.99675185126,840,348.6317766
balanced,optimum-wing,4.99675185126,845,348.6317766
balanced,optimum-wing,4.99675185126,850,348.6317766
balanced,optimum-wing,4.99675185126,855,348.6317766
balanced,optimum-wing,4.99675185126,860,348.6317766
balanced,optimum-wing,4.99675185126,865,348.6317766
balanced,optimum-wing,4.99675185126,870,348.6317766
balanced,optimum-wing,4.99675185126,875,348.6317766
balanced,optimum-wing,4.99675185126,880,348.6317766
balanced,optimum-wing,4.99675185126,885,348.6317766
balanced,optimum-wing,4.99675185126,890,348.6317766
balanced,optimum-wing,4.99675185126,895,348.6317766
balanced,optimum-wing,4.99675185126,900,348.6317766
balanced,optimum-wing,4.99675185126,905,348.6317766
balanced,optimum-wing,4.99675185126,910,348.6317766
balanced,optimum-wing,4.99675185126,915,348.6317766
balanced,optimum-wing,4.99675185126,920,348.6317766
balanced,optimum-wing,4.99675185126,925,348.6317766
balanced,optimum-wing,4.99675185126,930,348.6317766
balanced,optimum-wing,4.99675185126,935,348.6317766
balanced,optimum-wing,4.99675185126,940,348.6317766
balanced,optimum-wing,4.99675185126,945,348.6317766
balanced,optimum-wing,4.99675185126,950,348.6317766
balanced,optimum-wing,4.99675185126,955,348.6317766
balanced,optimum-wing,4.99675185126,960,348.6317766
balanced,optimum-wing,4.99675185126,965,348.6317766
balanced,optimum-wing,4.99675185126,970,348.6317766
balanced,optimum-wing,4.99675185126,975,348.6317766
balanced,optimum-wing,4.99675185126,980,348.6317766
balanced,optimum-wing,4.99675185126,985,348.6317766
balanced,optimum-wing,4.99675185126,990,348.6317766
balanced,optimum-wing,4.99675185126,995,348.6317766
balanced,optimum-wing,4.99675185126,1000,348.6317766
balanced,optimum-wing,4.99675185126,1005,348.6317766
balanced,optimum-wing,4.99675185126,1010,348.6317766
balanced,optimum-wing,4.99675185126,1015,348.6317766
balanced,optimum-wing,4.99675185126,1020,348.6317766
balanced,optimum-wing,4.99675185126,1025,348.6317766
balanced,optimum-wing,4.99675185126,1030,348.6317766
balanced,optimum-wing,4.99675185126,1035,348.6317766
balanced,optimum-wing,4.99675185126,1040,348.6317766
balanced,optimum-wing,4.99675185126,1045,348.6317766
balanced,optimum-wing,4.99675185126,1050,348.6317766
balanced,optimum-wing,4.99675185126,1055,348.6317766
balanced,optimum-wing,4.99675185126,1060,348.6317766
balanced,optimum-wing,4.99675185126,1065,348.6317766
balanced,optimum-wing,4.99675185126,1070,348.6317766
balanced,optimum-wing,4.99675185126,1075,348.6317766
balanced,optimum-wing,4.99675185126,1080,348.6317766
balanced,optimum-wing,4.99675185126,1085,348.6317766
balanced,optimum-wing,4.99675185126,1090,348.6317766
balanced,optimum-wing,4.99675185126,1095,348.6317766
balanced,optimum-wing,4.99675185126,1100,348.6317766
balanced,optimum-wing,4.99675185126,1105,348.6317766
balanced,optimum-wing,4.99675185126,1110,348.6317766
balanced,optimum-wing,4.99675185126,1115,348.6317766
balanced,optimum-wing,4.99675185126,1120,348.6317766
balanced,optimum-wing,4.99675185126,1125,348.6317766
balanced,optimum-wing,4.99675185126,1130,348.6317766
balanced,optimum-wing,4.99675185126,1135,348.6317766
balanced,optimum-wing,4.99675185126,1140,348.6317766
balanced,optimum-wing,4.99675185126,1145,348.6317766
balanced,optimum-wing,4.99675185126,1150,348.6317766
balanced,optimum-wing,4.99675185126,1155,348.6317766
balanced,optimum-wing,4.99675185126,1160,348.6317766
balanced,optimum-wing,4.99675185126,1165,348.6317766
balanced,optimum-wing,4.99675185126,1170,348.6317766
balanced,optimum-wing,4.99675185126,1175,348.6317766
balanced,optimum-wing,4.99675185126,1180,348.6317766
balanced,optimum-wing,4.99675185126,1185,348.649343161
balanced,optimum-wing,4.99675185126,1190,348.666696123
balanced,optimum-wing,4.99675185126,1195,348.683838095
balanced,optimum-wing,4.99675185126,1200,348.700771655
balanced,optimum-wing,4.99675185126,1205,348.71749935
balanced,optimum-wing,4.99675185126,1210,348.734023692
balanced,optimum-wing,4.99675185126,1215,348.750347166
balanced,optimum-wing,4.99675185126,1220,348.766472224
balanced,optimum-wing,4.99675185126,1225,348.782401288
balanced,optimum-wing,4.99675185126,1230,348.798136753
balanced,optimum-wing,4.99675185126,1235,348.81368098
balanced,optimum-wing,4.99675185126,1240,348.829036303
balanced,optimum-wing,4.99675185126,1245,348.844205029
balanced,optimum-wing,4.99675185126,1250,348.859189435
balanced,optimum-wing,4.99675185126,1255,348.873991769
balanced,optimum-wing,4.99675185126,1260,348.888614252
balanced,optimum-wing,4.99675185126,1265,348.903059079
balanced,optimum-wing,4.99675185126,1270,348.917328417
balanced,optimum-wing,4.99675185126,1275,348.931424406
balanced,optimum-wing,4.99675185126,1280,348.945349161
balanced,optimum-wing,4.99675185126,1285,348.959104769
balanced,optimum-wing,4.99675185126,1290,348.972693292
balanced,optimum-wing,4.99675185126,1295,348.986116769
balanced,optimum-wing,4.99675185126,1300,348.999377211
balanced,optimum-wing,4.99675185126,1305,349.012476605
balanced,optimum-wing,4.99675185126,1310,349.025416915
balanced,optimum-wing,4.99675185126,1315,349.038200079
balanced,optimum-wing,4.99675185126,1320,349.050828013
balanced,optimum-wing,4.99675185126,1325,349.063302608
balanced,optimum-wing,4.99675185126,1330,349.075625732
balanced,optimum-wing,4.99675185126,1335,349.087799231
balanced,optimum-wing,4.99675185126,1340,349.099824928
balanced,optimum-wing,4.99675185126,1345,349.111704623
balanced,optimum-wing,4.99675185126,1350,349.123440095
balanced,optimum-wing,4.99675185126,1355,349.1350331
balanced,optimum-wing,4.99675185126,1360,349.146485373
balanced,optimum-wing,4.99675185126,1365,349.157798629
balanced,optimum-wing,4.99675185126,1370,349.168974559
balanced,optimum-wing,4.99675185126,1375,349.180014836
balanced,optimum-wing,4.99675185126,1380,349.190921112
balanced,optimum-wing,4.99675185126,1385,349.201695017
balanced,optimum-wing,4.99675185126,1390,349.212338164
balanced,optimum-wing,4.99675185126,1395,349.222852144
balanced,optimum-wing,4.99675185126,1400,349.233238528
balanced,optimum-wing,4.99675185126,1405,349.243498871
balanced,optimum-wing,4.99675185126,1410,349.253634705
balanced,optimum-wing,4.99675185126,1415,349.263647546
balanced,optimum-wing,4.99675185126,1420,349.273538891
balanced,optimum-wing,4.99675185126,1425,349.283310217
balanced,optimum-wing,4.99675185126,1430,349.292962986
balanced,optimum-wing,4.99675185126,1435,349.302498638
balanced,optimum-wing,4.99675185126,1440,349.3119186
balanced,optimum-wing,4.99675185126,1445,349.321224278
balanced,optimum-wing,4.99675185126,1450,349.329410761
balanced,optimum-wing,4.99675185126,1455,349.329410761
balanced,optimum-wing,4.99675185126,1460,349.329410761
balanced,optimum-wing,4.99675185126,1465,349.329410761
balanced,optimum-wing,4.99675185126,1470,349.329410761
balanced,optimum-wing,4.99675185126,1475,349.329410761
balanced,optimum-wing,4.99675185126,1480,349.329410761
balanced,optimum-wing,4.99675185126,1485,349.329410761
balanced,optimum-wing,4.99675185126,1490,349.329410761
balanced,optimum-wing,4.99675185126,1495,349.329410761
balanced,optimum-wing,4.99675185126,1500,349.329410761
balanced,optimum-wing,4.99675185126,1505,349.329410761
balanced,optimum-wing,4.99675185126,1510,349.329410761
balanced,optimum-wing,4.99675185126,1515,349.329410761
balanced,optimum-wing,4.99675185126,1520,349.329410761
balanced,optimum-wing,4.99675185126,1525,349.329410761
balanced,optimum-wing,4.99675185126,1530,349.329410761
balanced,optimum-wing,4.99675185126,1535,349.329410761
balanced,optimum-wing,4.99675185126,1540,349.329410761
balanced,optimum-wing,4.99675185126,1545,349.329410761
balanced,optimum-wing,4.99675185126,1550,349.329410761
balanced,optimum-wing,4.99675185126,1555,349.329410761
balanced,optimum-wing,4.99675185126,1560,349.329410761
balanced,optimum-wing,4.99675185126,1565,349.329410761
balanced,optimum-wing,4.99675185126,1570,349.329410761
balanced,optimum-wing,4.99675185126,1575,349.329410761
balanced,optimum-wing,4.99675185126,1580,349.329410761
balanced,optimum-wing,4.99675185126,1585,349.329410761
balanced,optimum-wing,4.99675185126,1590,349.329410761
balanced,optimum-wing,4.99675185126,1595,349.329410761
balanced,optimum-wing,4.99675185126,1600,349.329410761
balanced,optimum-wing,4.99675185126,1605,349.329410761
balanced,optimum-wing,4.99675185126,1610,349.329410761
balanced,optimum-wing,4.99675185126,1615,349.329410761
balanced,optimum-wing,4.99675185126,1620,349.329410761
balanced,optimum-wing,4.99675185126,1625,349.329410761
balanced,optimum-wing,4.99675185126,1630,349.329410761
balanced,optimum-wing,4.99675185126,1635,349.329410761
balanced,optimum-wing,4.99675185126,1640,349.329410761
balanced,optimum-wing,4.99675185126,1645,349.329410761
balanced,optimum-wing,4.99675185126,1650,349.329410761
balanced,optimum-wing,4.99675185126,1655,349.329410761
balanced,optimum-wing,4.99675185126,1660,349.329410761
balanced,optimum-wing,4.99675185126,1665,349.329410761
balanced,optimum-wing,4.99675185126,1670,349.329410761
balanced,optimum-wing,4.99675185126,1675,349.329410761
balanced,optimum-wing,4.99675185126,1680,349.329410761
balanced,optimum-wing,4.99675185126,1685,349.329410761
balanced,optimum-wing,4.99675185126,1690,349.329410761
balanced,optimum-wing,4.99675185126,1695,349.329410761
balanced,optimum-wing,4.99675185126,1700,349.329410761
balanced,optimum-wing,4.99675185126,1705,349.329410761
balanced,optimum-wing,4.99675185126,1710,349.329410761
balanced,optimum-wing,4.99675185126,1715,349.329410761
balanced,optimum-wing,4.99675185126,1720,349.329410761
balanced,optimum-wing,4.99675185126,1725,349.329410761
balanced,optimum-wing,4.99675185126,1730,343.730806504
balanced,optimum-wing,4.99675185126,1735,334.821255847
balanced,optimum-wing,4.99675185126,1740,325.759317827
balanced,optimum-wing,4.99675185126,1745,316.530980653
balanced,optimum-wing,4.99675185126,1750,307.120301932
balanced,optimum-wing,4.99675185126,1755,297.509015203
balanced,optimum-wing,4.99675185126,1760,287.676027386
balanced,optimum-wing,4.99675185126,1765,277.596767825
balanced,optimum-wing,4.99675185126,1770,267.242331686
balanced,optimum-wing,4.99675185126,1775,256.578332376
balanced,optimum-wing,4.99675185126,1780,245.563332471
balanced,optimum-wing,4.99675185126,1785,234.146647233
balanced,optimum-wing,4.99675185126,1790,222.265184374
balanced,optimum-wing,4.99675185126,1795,222.265184374
balanced,optimum-wing,4.99675185126,1800,222.265184374
balanced,optimum-wing,4.99675185126,1805,222.265184374
balanced,optimum-wing,4.99675185126,1810,222.265184374
balanced,optimum-wing,4.99675185126,1815,222.265184374
balanced,optimum-wing,4.99675185126,1820,222.265184374
balanced,optimum-wing,4.99675185126,1825,222.265184374
balanced,optimum-wing,4.99675185126,1830,222.265184374
balanced,optimum-wing,4.99675185126,1835,222.265184374
balanced,optimum-wing,4.99675185126,1840,222.265184374
balanced,optimum-wing,4.99675185126,1845,222.265184374
balanced,optimum-wing,4.99675185126,1850,222.265184374
balanced,optimum-wing,4.99675185126,1855,222.265184374
balanced,optimum-wing,4.99675185126,1860,222.265184374
balanced,optimum-wing,4.99675185126,1865,222.265184374
balanced,optimum-wing,4.99675185126,1870,222.265184374
balanced,optimum-wing,4.99675185126,1875,222.265184374
balanced,optimum-wing,4.99675185126,1880,222.265184374
balanced,optimum-wing,4.99675185126,1885,222.265184374
balanced,optimum-wing,4.99675185126,1890,222.265184374
balanced,optimum-wing,4.99675185126,1895,222.265184374
balanced,optimum-wing,4.99675185126,1900,222.265184374
balanced,optimum-wing,4.99675185126,1905,222.265184374
balanced,optimum-wing,4.99675185126,1910,222.265184374
balanced,optimum-wing,4.99675185126,1915,222.265184374
balanced,optimum-wing,4.99675185126,1920,222.265184374
balanced,optimum-wing,4.99675185126,1925,222.265184374
balanced,optimum-wing,4.99675185126,1930,222.265184374
balanced,optimum-wing,4.99675185126,1935,222.265184374
balanced,optimum-wing,4.99675185126,1940,222.265184374
balanced,optimum-wing,4.99675185126,1945,222.265184374
balanced,optimum-wing,4.99675185126,1950,222.265184374
balanced,optimum-wing,4.99675185126,1955,222.265184374
balanced,optimum-wing,4.99675185126,1960,222.265184374
balanced,optimum-wing,4.99675185126,1965,222.265184374
balanced,optimum-wing,4.99675185126,1970,222.265184374
balanced,optimum-wing,4.99675185126,1975,222.265184374
balanced,optimum-wing,4.99675185126,1980,222.265184374
balanced,optimum-wing,4.99675185126,1985,222.265184374
balanced,optimum-wing,4.99675185126,1990,222.265184374
balanced,optimum-wing,4.99675185126,1995,222.265184374
balanced,optimum-wing,4.99675185126,2000,222.265184374
balanced,optimum-wing,4.99675185126,2005,222.265184374
balanced,optimum-wing,4.99675185126,2010,222.265184374
balanced,optimum-wing,4.99675185126,2015,222.265184374
balanced,optimum-wing,4.99675185126,2020,222.265184374
balanced,optimum-wing,4.99675185126,2025,222.265184374
balanced,optimum-wing,4.99675185126,2030,222.265184374
balanced,optimum-wing,4.99675185126,2035,222.265184374
balanced,optimum-wing,4.99675185126,2040,222.265184374
balanced,optimum-wing,4.99675185126,2045,222.265184374
balanced,optimum-wing,4.99675185126,2050,222.265184374
balanced,optimum-wing,4.99675185126,2055,222.265184374
balanced,optimum-wing,4.99675185126,2060,222.265184374
balanced,optimum-wing,4.99675185126,2065,222.265184374
balanced,optimum-wing,4.99675185126,2070,222.265184374
balanced,optimum-wing,4.99675185126,2075,225.345178542
balanced,optimum-wing,4.99675185126,2080,228.328860165
balanced,optimum-wing,4.99675185126,2085,231.221264765
balanced,optimum-wing,4.99675185126,2090,234.011460923
balanced,optimum-wing,4.99675185126,2095,236.703442112
balanced,optimum-wing,4.99675185126,2100,239.302494873
balanced,optimum-wing,4.99675185126,2105,241.813476779
balanced,optimum-wing,4.99675185126,2110,244.240863895
balanced,optimum-wing,4.99675185126,2115,246.588791666
balanced,optimum-wing,4.99675185126,2120,248.8610903
balanced,optimum-wing,4.99675185126,2125,251.061315542
balanced,optimum-wing,4.99675185126,2130,253.192775542
balanced,optimum-wing,4.99675185126,2135,255.25855442
balanced,optimum-wing,4.99675185126,2140,257.261532996
balanced,optimum-wing,4.99675185126,2145,259.204407111
balanced,optimum-wing,4.99675185126,2150,261.08970386
balanced,optimum-wing,4.99675185126,2155,262.919796026
balanced,optimum-wing,4.99675185126,2160,264.696914954
balanced,optimum-wing,4.99675185126,2165,266.249490897
balanced,optimum-wing,4.99675185126,2170,267.771095753
balanced,optimum-wing,4.99675185126,2175,269.262605007
balanced,optimum-wing,4.99675185126,2180,270.72485738
balanced,optimum-wing,4.99675185126,2185,272.158656977
balanced,optimum-wing,4.99675185126,2190,273.564775281
balanced,optimum-wing,4.99675185126,2195,274.943952996
balanced,optimum-wing,4.99675185126,2200,276.296901757
balanced,optimum-wing,4.99675185126,2205,277.624305719
balanced,optimum-wing,4.99675185126,2210,278.926823035
balanced,optimum-wing,4.99675185126,2215,280.205087229
balanced,optimum-wing,4.99675185126,2220,281.45970848
balanced,optimum-wing,4.99675185126,2225,282.691274814
balanced,optimum-wing,4.99675185126,2230,283.900353225
balanced,optimum-wing,4.99675185126,2235,285.087490718
balanced,optimum-wing,4.99675185126,2240,286.253215285
balanced,optimum-wing,4.99675185126,2245,287.398036824
balanced,optimum-wing,4.99675185126,2250,288.521937235
balanced,optimum-wing,4.99675185126,2255,289.622484185
balanced,optimum-wing,4.99675185126,2260,290.700294697
balanced,optimum-wing,4.99675185126,2265,291.755963453
balanced,optimum-wing,4.99675185126,2270,292.790063898
balanced,optimum-wing,4.99675185126,2275,293.803149269
balanced,optimum-wing,4.99675185126,2280,294.795753562
balanced,optimum-wing,4.99675185126,2285,295.768392441
balanced,optimum-wing,4.99675185126,2290,296.721564091
balanced,optimum-wing,4.99675185126,2295,297.65575002
balanced,optimum-wing,4.99675185126,2300,298.571415808
balanced,optimum-wing,4.99675185126,2305,299.469011827
balanced,optimum-wing,4.99675185126,2310,300.348973904
balanced,optimum-wing,4.99675185126,2315,301.211723954
balanced,optimum-wing,4.99675185126,2320,302.057670578
balanced,optimum-wing,4.99675185126,2325,302.887209629
balanced,optimum-wing,4.99675185126,2330,303.700724738
balanced,optimum-wing,4.99675185126,2335,304.498587827
balanced,optimum-wing,4.99675185126,2340,305.281159581
balanced,optimum-wing,4.99675185126,2345,306.048789902
balanced,optimum-wing,4.99675185126,2350,306.801818338
balanced,optimum-wing,4.99675185126,2355,307.540574493
balanced,optimum-wing,4.99675185126,2360,308.26537841
balanced,optimum-wing,4.99675185126,2365,308.976540939
balanced,optimum-wing,4.99675185126,2370,309.674364088
balanced,optimum-wing,4.99675185126,2375,310.359141356
balanced,optimum-wing,4.99675185126,2380,311.031158043
balanced,optimum-wing,4.99675185126,2385,311.690691561
balanced,optimum-wing,4.99675185126,2390,312.338011711
balanced,optimum-wing,4.99675185126,2395,312.973380963
balanced,optimum-wing,4.99675185126,2400,313.597054713
balanced,optimum-wing,4.99675185126,2405,314.209281537
balanced,optimum-wing,4.99675185126,2410,314.810303423
balanced,optimum-wing,4.99675185126,2415,315.400356
balanced,optimum-wing,4.99675185126,2420,315.979668759
balanced,optimum-wing,4.99675185126,2425,316.548465253
balanced,optimum-wing,4.99675185126,2430,317.106963304
balanced,optimum-wing,4.99675185126,2435,317.655375187
balanced,optimum-wing,4.99675185126,2440,318.193907814
balanced,optimum-wing,4.99675185126,2445,318.72276291
balanced,optimum-wing,4.99675185126,2450,319.242137176
balanced,optimum-wing,4.99675185126,2455,319.752222454
balanced,optimum-wing,4.99675185126,2460,320.25320588
balanced,optimum-wing,4.99675185126,2465,320.745270026
balanced,optimum-wing,4.99675185126,2470,321.22859305
balanced,optimum-wing,4.99675185126,2475,321.703348825
balanced,optimum-wing,4.99675185126,2480,322.169707075
balanced,optimum-wing,4.99675185126,2485,322.627833496
balanced,optimum-wing,4.99675185126,2490,323.07788988
balanced,optimum-wing,4.99675185126,2495,323.520034231
balanced,optimum-wing,4.99675185126,2500,323.954420875
balanced,optimum-wing,4.99675185126,2505,324.381200568
balanced,optimum-wing,4.99675185126,2510,324.800520601
balanced,optimum-wing,4.99675185126,2515,325.212524898
balanced,optimum-wing,4.99675185126,2520,325.617354115
balanced,optimum-wing,4.99675185126,2525,326.015145729
balanced,optimum-wing,4.99675185126,2530,326.40603413
balanced,optimum-wing,4.99675185126,2535,326.790150705
balanced,optimum-wing,4.99675185126,2540,327.167623923
balanced,optimum-wing,4.99675185126,2545,327.538579416
balanced,optimum-wing,4.99675185126,2550,327.903140054
balanced,optimum-wing,4.99675185126,2555,328.261426021
balanced,optimum-wing,4.99675185126,2560,328.613554885
balanced,optimum-wing,4.99675185126,2565,328.959641674
balanced,optimum-wing,4.99675185126,2570,329.299798937
balanced,optimum-wing,4.99675185126,2575,329.634136811
balanced,optimum-wing,4.99675185126,2580,329.962763087
balanced,optimum-wing,4.99675185126,2585,330.285783265
balanced,optimum-wing,4.99675185126,2590,330.60330062
balanced,optimum-wing,4.99675185126,2595,330.915416255
balanced,optimum-wing,4.99675185126,2600,331.222229155
balanced,optimum-wing,4.99675185126,2605,331.523836245
balanced,optimum-wing,4.99675185126,2610,331.738520673
balanced,optimum-wing,4.99675185126,2615,331.960012935
balanced,optimum-wing,4.99675185126,2620,332.178652439
balanced,optimum-wing,4.99675185126,2625,332.394478209
balanced,optimum-wing,4.99675185126,2630,332.607528674
balanced,optimum-wing,4.99675185126,2635,332.817841679
balanced,optimum-wing,4.99675185126,2640,333.025454497
balanced,optimum-wing,4.99675185126,2645,333.230403836
balanced,optimum-wing,4.99675185126,2650,333.432725851
balanced,optimum-wing,4.99675185126,2655,333.632456156
balanced,optimum-wing,4.99675185126,2660,333.829629827
balanced,optimum-wing,4.99675185126,2665,334.024281418
balanced,optimum-wing,4.99675185126,2670,334.21644497
balanced,optimum-wing,4.99675185126,2675,334.406154012
balanced,optimum-wing,4.99675185126,2680,334.593441581
balanced,optimum-wing,4.99675185126,2685,334.778340223
balanced,optimum-wing,4.99675185126,2690,334.960882001
balanced,optimum-wing,4.99675185126,2695,335.141098511
balanced,optimum-wing,4.99675185126,2700,335.31902088
balanced,optimum-wing,4.99675185126,2705,335.494679782
balanced,optimum-wing,4.99675185126,2710,335.668105441
balanced,optimum-wing,4.99675185126,2715,335.83932764
balanced,optimum-wing,4.99675185126,2720,336.008375728
balanced,optimum-wing,4.99675185126,2725,336.17527863
balanced,optimum-wing,4.99675185126,2730,336.340064849
balanced,optimum-wing,4.99675185126,2735,336.502762478
balanced,optimum-wing,4.99675185126,2740,336.663399204
balanced,optimum-wing,4.99675185126,2745,336.822002314
balanced,optimum-wing,4.99675185126,2750,336.978598707
balanced,optimum-wing,4.99675185126,2755,337.133214891
balanced,optimum-wing,4.99675185126,2760,337.285877
balanced,optimum-wing,4.99675185126,2765,337.43661079
balanced,optimum-wing,4.99675185126,2770,337.585441653
balanced,optimum-wing,4.99675185126,2775,337.732394621
balanced,optimum-wing,4.99675185126,2780,337.877494367
balanced,optimum-wing,4.99675185126,2785,338.020765217
balanced,optimum-wing,4.99675185126,2790,338.162231153
balanced,optimum-wing,4.99675185126,2795,338.301915819
balanced,optimum-wing,4.99675185126,2800,338.439842524
balanced,optimum-wing,4.99675185126,2805,338.57603425
balanced,optimum-wing,4.99675185126,2810,338.710513659
balanced,optimum-wing,4.99675185126,2815,338.843303093
balanced,optimum-wing,4.99675185126,2820,338.974424581
balanced,optimum-wing,4.99675185126,2825,339.103899848
balanced,optimum-wing,4.99675185126,2830,339.231750311
balanced,optimum-wing,4.99675185126,2835,339.357997095
balanced,optimum-wing,4.99675185126,2840,339.482661028
balanced,optimum-wing,4.99675185126,2845,339.605762649
balanced,optimum-wing,4.99675185126,2850,339.727322215
balanced,optimum-wing,4.99675185126,2855,339.847359701
balanced,optimum-wing,4.99675185126,2860,339.965894808
balanced,optimum-wing,4.99675185126,2865,340.082946965
balanced,optimum-wing,4.99675185126,2870,340.198535334
balanced,optimum-wing,4.99675185126,2875,340.312678814
balanced,optimum-wing,4.99675185126,2880,340.425396043
balanced,optimum-wing,4.99675185126,2885,340.536705407
balanced,optimum-wing,4.99675185126,2890,340.646625039
balanced,optimum-wing,4.99675185126,2895,340.755172825
balanced,optimum-wing,4.99675185126,2900,340.862366406
balanced,optimum-wing,4.99675185126,2905,340.968223185
balanced,optimum-wing,4.99675185126,2910,341.072760328
balanced,optimum-wing,4.99675185126,2915,341.175994766
balanced,optimum-wing,4.99675185126,2920,341.277943203
balanced,optimum-wing,4.99675185126,2925,341.378622116
balanced,optimum-wing,4.99675185126,2930,341.478047759
balanced,optimum-wing,4.99675185126,2935,341.576236168
balanced,optimum-wing,4.99675185126,2940,341.673203162
balanced,optimum-wing,4.99675185126,2945,341.768964346
balanced,optimum-wing,4.99675185126,2950,341.863535117
balanced,optimum-wing,4.99675185126,2955,341.956930664
balanced,optimum-wing,4.99675185126,2960,342.049165973
balanced,optimum-wing,4.99675185126,2965,342.14025583
balanced,optimum-wing,4.99675185126,2970,342.230214822
balanced,optimum-wing,4.99675185126,2975,342.319057341
balanced,optimum-wing,4.99675185126,2980,342.406797588
balanced,optimum-wing,4.99675185126,2985,342.493449575
balanced,optimum-wing,4.99675185126,2990,342.579027125
balanced,optimum-wing,4.99675185126,2995,342.663543881
balanced,optimum-wing,4.99675185126,3000,342.747013301
balanced,optimum-wing,4.99675185126,3005,342.829448667
balanced,optimum-wing,4.99675185126,3010,342.910863084
balanced,optimum-wing,4.99675185126,3015,342.991269484
balanced,optimum-wing,4.99675185126,3020,343.070680628
balanced,optimum-wing,4.99675185126,3025,343.149109108
balanced,optimum-wing,4.99675185126,3030,343.226567349
balanced,optimum-wing,4.99675185126,3035,343.303067615
balanced,optimum-wing,4.99675185126,3040,343.378622006
balanced,optimum-wing,4.99675185126,3045,343.453242464
balanced,optimum-wing,4.99675185126,3050,343.526940773
balanced,optimum-wing,4.99675185126,3055,343.599728563
balanced,optimum-wing,4.99675185126,3060,343.671617313
balanced,optimum-wing,4.99675185126,3065,343.742618349
balanced,optimum-wing,4.99675185126,3070,343.81274285
balanced,optimum-wing,4.99675185126,3075,343.88200185
balanced,optimum-wing,4.99675185126,3080,343.950406235
balanced,optimum-wing,4.99675185126,3085,344.017966754
balanced,optimum-wing,4.99675185126,3090,344.084694012
balanced,optimum-wing,4.99675185126,3095,344.150598478
balanced,optimum-wing,4.99675185126,3100,344.215690483
balanced,optimum-wing,4.99675185126,3105,344.279980226
balanced,optimum-wing,4.99675185126,3110,344.34347777
balanced,optimum-wing,4.99675185126,3115,344.406193051
balanced,optimum-wing,4.99675185126,3120,344.468135874
balanced,optimum-wing,4.99675185126,3125,344.529315917
balanced,optimum-wing,4.99675185126,3130,344.589742734
balanced,optimum-wing,4.99675185126,3135,344.649425754
balanced,optimum-wing,4.99675185126,3140,344.708374285
balanced,optimum-wing,4.99675185126,3145,344.766597513
balanced,optimum-wing,4.99675185126,3150,344.824104508
balanced,optimum-wing,4.99675185126,3155,344.880904222
balanced,optimum-wing,4.99675185126,3160,344.937005491
balanced,optimum-wing,4.99675185126,3165,344.992417038
balanced,optimum-wing,4.99675185126,3170,345.047147472
balanced,optimum-wing,4.99675185126,3175,345.101205294
balanced,optimum-wing,4.99675185126,3180,345.154598894
balanced,optimum-wing,4.99675185126,3185,345.207336554
balanced,optimum-wing,4.99675185126,3190,345.259426452
balanced,optimum-wing,4.99675185126,3195,345.310876659
balanced,optimum-wing,4.99675185126,3200,345.361695142
balanced,optimum-wing,4.99675185126,3205,345.411889769
balanced,optimum-wing,4.99675185126,3210,345.461468304
balanced,optimum-wing,4.99675185126,3215,345.510438413
balanced,optimum-wing,4.99675185126,3220,345.558807666
balanced,optimum-wing,4.99675185126,3225,345.606583533
balanced,optimum-wing,4.99675185126,3230,345.653773391
balanced,optimum-wing,4.99675185126,3235,345.700384522
balanced,optimum-wing,4.99675185126,3240,345.746424115
balanced,optimum-wing,4.99675185126,3245,345.791899268
balanced,optimum-wing,4.99675185126,3250,345.836816989
balanced,optimum-wing,4.99675185126,3255,345.881184195
balanced,optimum-wing,4.99675185126,3260,345.925007718
balanced,optimum-wing,4.99675185126,3265,345.9682943
balanced,optimum-wing,4.99675185126,3270,346.011050599
balanced,optimum-wing,4.99675185126,3275,346.053283189
balanced,optimum-wing,4.99675185126,3280,346.094998561
balanced,optimum-wing,4.99675185126,3285,346.136203121
balanced,optimum-wing,4.99675185126,3290,346.176903196
balanced,optimum-wing,4.99675185126,3295,346.217105032
balanced,optimum-wing,4.99675185126,3300,346.256814798
balanced,optimum-wing,4.99675185126,3305,346.296038582
balanced,optimum-wing,4.99675185126,3310,346.334782397
balanced,optimum-wing,4.99675185126,3315,346.373052179
balanced,optimum-wing,4.99675185126,3320,346.41085379
balanced,optimum-wing,4.99675185126,3325,346.448193016
balanced,optimum-wing,4.99675185126,3330,346.485075574
balanced,optimum-wing,4.99675185126,3335,346.521507104
balanced,optimum-wing,4.99675185126,3340,346.557493178
balanced,optimum-wing,4.99675185126,3345,346.593039298
balanced,optimum-wing,4.99675185126,3350,346.628150895
balanced,optimum-wing,4.99675185126,3355,346.662833332
balanced,optimum-wing,4.99675185126,3360,346.697091906
balanced,optimum-wing,4.99675185126,3365,346.730931846
balanced,optimum-wing,4.99675185126,3370,346.764358315
balanced,optimum-wing,4.99675185126,3375,346.797376413
balanced,optimum-wing,4.99675185126,3380,346.829991174
balanced,optimum-wing,4.99675185126,3385,346.862207569
balanced,optimum-wing,4.99675185126,3390,346.894030509
balanced,optimum-wing,4.99675185126,3395,346.925464841
balanced,optimum-wing,4.99675185126,3400,346.95651535
balanced,optimum-wing,4.99675185126,3405,346.987186766
balanced,optimum-wing,4.99675185126,3410,347.017483755
balanced,optimum-wing,4.99675185126,3415,347.047410926
balanced,optimum-wing,4.99675185126,3420,347.076972831
balanced,optimum-wing,4.99675185126,3425,347.106173965
balanced,optimum-wing,4.99675185126,3430,347.135018767
balanced,optimum-wing,4.99675185126,3435,347.163511618
balanced,optimum-wing,4.99675185126,3440,347.191656848
balanced,optimum-wing,4.99675185126,3445,347.224948008
balanced,optimum-wing,4.99675185126,3450,347.257832567
balanced,optimum-wing,4.99675185126,3455,347.290315537
balanced,optimum-wing,4.99675185126,3460,347.322401866
balanced,optimum-wing,4.99675185126,3465,347.35409644
balanced,optimum-wing,4.99675185126,3470,347.385404085
balanced,optimum-wing,4.99675185126,3475,347.416329565
balanced,optimum-wing,4.99675185126,3480,347.446877586
balanced,optimum-wing,4.99675185126,3485,347.477052792
balanced,optimum-wing,4.99675185126,3490,347.506859772
balanced,optimum-wing,4.99675185126,3495,347.536303058
balanced,optimum-wing,4.99675185126,3500,347.565387121
balanced,optimum-wing,4.99675185126,3505,347.594116381
balanced,optimum-wing,4.99675185126,3510,347.622495201
balanced,optimum-wing,4.99675185126,3515,347.650527888
balanced,optimum-wing,4.99675185126,3520,347.678218697
balanced,optimum-wing,4.99675185126,3525,347.705571829
balanced,optimum-wing,4.99675185126,3530,347.732591434
balanced,optimum-wing,4.99675185126,3535,347.759281609
balanced,optimum-wing,4.99675185126,3540,347.785646399
balanced,optimum-wing,4.99675185126,3545,347.811689802
balanced,optimum-wing,4.99675185126,3550,347.837415761
balanced,optimum-wing,4.99675185126,3555,347.862828176
balanced,optimum-wing,4.99675185126,3560,347.887930893
balanced,optimum-wing,4.99675185126,3565,347.912727714
balanced,optimum-wing,4.99675185126,3570,347.937222391
balanced,optimum-wing,4.99675185126,3575,347.961418631
balanced,optimum-wing,4.99675185126,3580,347.985320094
balanced,optimum-wing,4.99675185126,3585,348.008930396
balanced,optimum-wing,4.99675185126,3590,348.032253106
balanced,optimum-wing,4.99675185126,3595,348.055291751
balanced,optimum-wing,4.99675185126,3600,348.078049811
balanced,optimum-wing,4.99675185126,3605,348.100530726
balanced,optimum-wing,4.99675185126,3610,348.122737892
balanced,optimum-wing,4.99675185126,3615,348.144674663
balanced,optimum-wing,4.99675185126,3620,348.16634435
balanced,optimum-wing,4.99675185126,3625,348.187750226
balanced,optimum-wing,4.99675185126,3630,348.208895521
balanced,optimum-wing,4.99675185126,3635,348.229783426
balanced,optimum-wing,4.99675185126,3640,348.250417091
balanced,optimum-wing,4.99675185126,3645,348.27079963
balanced,optimum-wing,4.99675185126,3650,348.290934115
balanced,optimum-wing,4.99675185126,3655,348.310823583
balanced,optimum-wing,4.99675185126,3660,348.330471031
balanced,optimum-wing,4.99675185126,3665,348.34987942
balanced,optimum-wing,4.99675185126,3670,348.369051675
balanced,optimum-wing,4.99675185126,3675,348.387990684
balanced,optimum-wing,4.99675185126,3680,348.406699298
balanced,optimum-wing,4.99675185126,3685,348.425180337
balanced,optimum-wing,4.99675185126,3690,348.443436581
balanced,optimum-wing,4.99675185126,3695,348.46147078
balanced,optimum-wing,4.99675185126,3700,348.479285647
balanced,optimum-wing,4.99675185126,3705,348.496883863
balanced,optimum-wing,4.99675185126,3710,348.514268075
balanced,optimum-wing,4.99675185126,3715,348.531440898
balanced,optimum-wing,4.99675185126,3720,348.548404916
balanced,optimum-wing,4.99675185126,3725,348.565162678
balanced,optimum-wing,4.99675185126,3730,348.581716705
balanced,optimum-wing,4.99675185126,3735,348.598069484
balanced,optimum-wing,4.99675185126,3740,348.614223473
balanced,optimum-wing,4.99675185126,3745,348.6301811
balanced,optimum-wing,4.99675185126,3750,348.645944761
balanced,optimum-wing,4.99675185126,3755,348.661516826
balanced,optimum-wing,4.99675185126,3760,348.676899632
balanced,optimum-wing,4.99675185126,3765,348.692095489
balanced,optimum-wing,4.99675185126,3770,348.70710668
balanced,optimum-wing,4.99675185126,3775,348.721935457
balanced,optimum-wing,4.99675185126,3780,348.736584046
balanced,optimum-wing,4.99675185126,3785,348.751054647
balanced,optimum-wing,4.99675185126,3790,348.765349429
balanced,optimum-wing,4.99675185126,3795,348.779470538
balanced,optimum-wing,4.99675185126,3800,348.793420091
balanced,optimum-wing,4.99675185126,3805,348.79445017
balanced,optimum-wing,4.99675185126,3810,348.795467772
balanced,optimum-wing,4.99675185126,3815,348.796473049
balanced,optimum-wing,4.99675185126,3820,348.797466151
balanced,optimum-wing,4.99675185126,3825,348.798447224
balanced,optimum-wing,4.99675185126,3830,348.799416415
balanced,optimum-wing,4.99675185126,3835,348.800373868
balanced,optimum-wing,4.99675185126,3840,348.801319724
balanced,optimum-wing,4.99675185126,3845,348.802254124
balanced,optimum-wing,4.99675185126,3850,348.803177207
balanced,optimum-wing,4.99675185126,3855,348.804089111
balanced,optimum-wing,4.99675185126,3860,348.80498997
balanced,optimum-wing,4.99675185126,3865,348.805879918
balanced,optimum-wing,4.99675185126,3870,348.806759088
balanced,optimum-wing,4.99675185126,3875,348.80762761
balanced,optimum-wing,4.99675185126,3880,348.808485613
balanced,optimum-wing,4.99675185126,3885,348.809333224
balanced,optimum-wing,4.99675185126,3890,348.81017057
balanced,optimum-wing,4.99675185126,3895,348.810997774
balanced,optimum-wing,4.99675185126,3900,348.811814961
balanced,optimum-wing,4.99675185126,3905,348.81262225
balanced,optimum-wing,4.99675185126,3910,348.813419762
balanced,optimum-wing,4.99675185126,3915,348.814207615
balanced,optimum-wing,4.99675185126,3920,348.814985926
balanced,optimum-wing,4.99675185126,3925,348.815754812
balanced,optimum-wing,4.99675185126,3930,348.816514385
balanced,optimum-wing,4.99675185126,3935,348.817264759
balanced,optimum-wing,4.99675185126,3940,348.818006046
balanced,optimum-wing,4.99675185126,3945,348.818738355
balanced,optimum-wing,4.99675185126,3950,348.819461795
balanced,optimum-wing,4.99675185126,3955,348.820176473
balanced,optimum-wing,4.99675185126,3960,348.820882497
balanced,optimum-wing,4.99675185126,3965,348.821579969
balanced,optimum-wing,4.99675185126,3970,348.822268995
balanced,optimum-wing,4.99675185126,3975,348.822949677
balanced,optimum-wing,4.99675185126,3980,348.823622114
balanced,optimum-wing,4.99675185126,3985,348.824286408
balanced,optimum-wing,4.99675185126,3990,348.824942658
balanced,optimum-wing,4.99675185126,3995,348.825590959
balanced,optimum-wing,4.99675185126,4000,348.826231409
balanced,optimum-wing,4.99675185126,4005,348.826864103
balanced,optimum-wing,4.99675185126,4010,348.827489135
balanced,optimum-wing,4.99675185126,4015,348.828106597
balanced,optimum-wing,4.99675185126,4020,348.828716582
balanced,optimum-wing,4.99675185126,4025,348.82931918
balanced,optimum-wing,4.99675185126,4030,348.829914479
balanced,optimum-wing,4.99675185126,4035,348.83050257
balanced,optimum-wing,4.99675185126,4040,348.831083538
balanced,optimum-wing,4.99675185126,4045,348.831657471
balanced,optimum-wing,4.99675185126,4050,348.832224453
balanced,optimum-wing,4.99675185126,4055,348.832784569
balanced,optimum-wing,4.99675185126,4060,348.833337901
balanced,optimum-wing,4.99675185126,4065,348.833884533
balanced,optimum-wing,4.99675185126,4070,348.834424545
balanced,optimum-wing,4.99675185126,4075,348.834958017
balanced,optimum-wing,4.99675185126,4080,348.835485029
balanced,optimum-wing,4.99675185126,4085,348.836005659
balanced,optimum-wing,4.99675185126,4090,348.836519983
balanced,optimum-wing,4.99675185126,4095,348.837028079
balanced,optimum-wing,4.99675185126,4100,348.837530022
balanced,optimum-wing,4.99675185126,4105,348.838025887
balanced,optimum-wing,4.99675185126,4110,348.838515746
balanced,optimum-wing,4.99675185126,4115,348.838999674
balanced,optimum-wing,4.99675185126,4120,348.839477741
balanced,optimum-wing,4.99675185126,4125,348.839950018
balanced,optimum-wing,4.99675185126,4130,348.840416577
balanced,optimum-wing,4.99675185126,4135,348.840877485
balanced,optimum-wing,4.99675185126,4140,348.841332812
balanced,optimum-wing,4.99675185126,4145,348.841782624
balanced,optimum-wing,4.99675185126,4150,348.84222699
balanced,optimum-wing,4.99675185126,4155,348.842665974
balanced,optimum-wing,4.99675185126,4160,348.843099642
balanced,optimum-wing,4.99675185126,4165,348.843528059
balanced,optimum-wing,4.99675185126,4170,348.843951288
balanced,optimum-wing,4.99675185126,4175,348.844369391
balanced,optimum-wing,4.99675185126,4180,348.844782431
balanced,optimum-wing,4.99675185126,4185,348.84519047
balanced,optimum-wing,4.99675185126,4190,348.845593567
balanced,optimum-wing,4.99675185126,4195,348.845991783
balanced,optimum-wing,4.99675185126,4200,348.846385176
balanced,optimum-wing,4.99675185126,4205,348.846773806
balanced,optimum-wing,4.99675185126,4210,348.847157729
balanced,optimum-wing,4.99675185126,4215,348.847537096
balanced,optimum-wing,4.99675185126,4220,348.847911868
balanced,optimum-wing,4.99675185126,4225,348.8482821
balanced,optimum-wing,4.99675185126,4230,348.848647848
balanced,optimum-wing,4.99675185126,4235,348.849009165
balanced,optimum-wing,4.99675185126,4240,348.849366106
balanced,optimum-wing,4.99675185126,4245,348.849718724
balanced,optimum-wing,4.99675185126,4250,348.850067071
balanced,optimum-wing,4.99675185126,4255,348.850411198
balanced,optimum-wing,4.99675185126,4260,348.850751157
balanced,optimum-wing,4.99675185126,4265,348.851086998
balanced,optimum-wing,4.99675185126,4270,348.851418771
balanced,optimum-wing,4.99675185126,4275,348.851746526
balanced,optimum-wing,4.99675185126,4280,348.852070311
balanced,optimum-wing,4.99675185126,4285,348.852390174
balanced,optimum-wing,4.99675185126,4290,348.852706163
balanced,optimum-wing,4.99675185126,4295,348.853018324
balanced,optimum-wing,4.99675185126,4300,348.853326704
balanced,optimum-wing,4.99675185126,4305,348.859094543
balanced,optimum-wing,4.99675185126,4310,348.864792448
balanced,optimum-wing,4.99675185126,4315,348.870421269
balanced,optimum-wing,4.99675185126,4320,348.875981844
balanced,optimum-wing,4.99675185126,4325,348.881475002
balanced,optimum-wing,4.99675185126,4330,348.886901562
balanced,optimum-wing,4.99675185126,4335,348.892262333
balanced,optimum-wing,4.99675185126,4340,348.897558112
balanced,optimum-wing,4.99675185126,4345,348.90278969
balanced,optimum-wing,4.99675185126,4350,348.907957846
balanced,optimum-wing,4.99675185126,4355,348.913063349
balanced,optimum-wing,4.99675185126,4360,348.91810696
balanced,optimum-wing,4.99675185126,4365,348.923089431
balanced,optimum-wing,4.99675185126,4370,348.928011504
balanced,optimum-wing,4.99675185126,4375,348.932873912
balanced,optimum-wing,4.99675185126,4380,348.937677379
balanced,optimum-wing,4.99675185126,4385,348.942422621
balanced,optimum-wing,4.99675185126,4390,348.947110343
balanced,optimum-wing,4.99675185126,4395,348.951741245
balanced,optimum-wing,4.99675185126,4400,348.956316017
balanced,optimum-wing,4.99675185126,4405,348.960835338
balanced,optimum-wing,4.99675185126,4410,348.965299883
balanced,optimum-wing,4.99675185126,4415,348.969710315
balanced,optimum-wing,4.99675185126,4420,348.974067292
balanced,optimum-wing,4.99675185126,4425,348.978371463
balanced,optimum-wing,4.99675185126,4430,348.982623467
balanced,optimum-wing,4.99675185126,4435,348.986823938
balanced,optimum-wing,4.99675185126,4440,348.990973502
balanced,optimum-wing,4.99675185126,4445,348.995072775
balanced,optimum-wing,4.99675185126,4450,348.999122369
balanced,optimum-wing,4.99675185126,4455,349.003122886
balanced,optimum-wing,4.99675185126,4460,349.007074921
balanced,optimum-wing,4.99675185126,4465,349.010979062
balanced,optimum-wing,4.99675185126,4470,349.014835891
balanced,optimum-wing,4.99675185126,4475,349.018645982
balanced,optimum-wing,4.99675185126,4480,349.022409901
balanced,optimum-wing,4.99675185126,4485,349.026128209
balanced,optimum-wing,4.99675185126,4490,349.029801459
balanced,optimum-wing,4.99675185126,4495,349.033430197
balanced,optimum-wing,4.99675185126,4500,349.037014963
balanced,optimum-wing,4.99675185126,4505,349.040556291
balanced,optimum-wing,4.99675185126,4510,349.044054708
balanced,optimum-wing,4.99675185126,4515,349.047510734
balanced,optimum-wing,4.99675185126,4520,349.050924883
balanced,optimum-wing,4.99675185126,4525,349.054297664
balanced,optimum-wing,4.99675185126,4530,349.057629577
balanced,optimum-wing,4.99675185126,4535,349.060921118
balanced,optimum-wing,4.99675185126,4540,349.064172778
balanced,optimum-wing,4.99675185126,4545,349.06738504
balanced,optimum-wing,4.99675185126,4550,349.070558381
balanced,optimum-wing,4.99675185126,4555,349.073693273
balanced,optimum-wing,4.99675185126,4560,349.076790184
balanced,optimum-wing,4.99675185126,4565,349.079849573
balanced,optimum-wing,4.99675185126,4570,349.082871895
balanced,optimum-wing,4.99675185126,4575,349.0858576
balanced,optimum-wing,4.99675185126,4580,349.088807132
balanced,optimum-wing,4.99675185126,4585,349.091720929
balanced,optimum-wing,4.99675185126,4590,349.094599425
balanced,optimum-wing,4.99675185126,4595,349.097443048
balanced,optimum-wing,4.99675185126,4600,349.10025222
balanced,optimum-wing,4.99675185126,4605,349.10302736
balanced,optimum-wing,4.99675185126,4610,349.10576888
balanced,optimum-wing,4.99675185126,4615,349.108477187
balanced,optimum-wing,4.99675185126,4620,349.111152684
balanced,optimum-wing,4.99675185126,4625,349.113795769
balanced,optimum-wing,4.99675185126,4630,349.116406835
balanced,optimum-wing,4.99675185126,4635,349.11898627
balanced,optimum-wing,4.99675185126,4640,349.121534457
balanced,optimum-wing,4.99675185126,4645,349.124051776
balanced,optimum-wing,4.99675185126,4650,349.1265386
balanced,optimum-wing,4.99675185126,4655,349.1289953
balanced,optimum-wing,4.99675185126,4660,349.13142224
balanced,optimum-wing,4.99675185126,4665,349.13381978
balanced,optimum-wing,4.99675185126,4670,349.136188279
balanced,optimum-wing,4.99675185126,4675,349.138528086
balanced,optimum-wing,4.99675185126,4680,349.140839551
balanced,optimum-wing,4.99675185126,4685,349.143123017
balanced,optimum-wing,4.99675185126,4690,349.145378823
balanced,optimum-wing,4.99675185126,4695,349.147607304
balanced,optimum-wing,4.99675185126,4700,349.149808792
balanced,optimum-wing,4.99675185126,4705,349.151983614
balanced,optimum-wing,4.99675185126,4710,349.154132092
balanced,optimum-wing,4.99675185126,4715,349.156254547
balanced,optimum-wing,4.99675185126,4720,349.158351294
balanced,optimum-wing,4.99675185126,4725,349.160422643
balanced,optimum-wing,4.99675185126,4730,349.162468904
balanced,optimum-wing,4.99675185126,4735,349.16449038
balanced,optimum-wing,4.99675185126,4740,349.166487371
balanced,optimum-wing,4.99675185126,4745,349.168460174
balanced,optimum-wing,4.99675185126,4750,349.170409083
balanced,optimum-wing,4.99675185126,4755,349.172334386
balanced,optimum-wing,4.99675185126,4760,349.174236371
balanced,optimum-wing,4.99675185126,4765,349.176115319
balanced,optimum-wing,4.99675185126,4770,349.177971509
balanced,optimum-wing,4.99675185126,4775,349.179805218
balanced,optimum-wing,4.99675185126,4780,349.181616718
balanced,optimum-wing,4.99675185126,4785,349.183406278
balanced,optimum-wing,4.99675185126,4790,349.185174164
balanced,optimum-wing,4.99675185126,4795,349.186920638
balanced,optimum-wing,4.99675185126,4800,349.18864596
balanced,optimum-wing,4.99675185126,4805,349.190350386
balanced,optimum-wing,4.99675185126,4810,349.19203417
balanced,optimum-wing,4.99675185126,4815,349.193697561
balanced,optimum-wing,4.99675185126,4820,349.195340807
balanced,optimum-wing,4.99675185126,4825,349.196964152
balanced,optimum-wing,4.99675185126,4830,349.198567836
balanced,optimum-wing,4.99675185126,4835,349.200152099
balanced,optimum-wing,4.99675185126,4840,349.201717175
balanced,optimum-wing,4.99675185126,4845,349.203263296
balanced,optimum-wing,4.99675185126,4850,349.204790693
balanced,optimum-wing,4.99675185126,4855,349.206299593
balanced,optimum-wing,4.99675185126,4860,349.207790219
balanced,optimum-wing,4.99675185126,4865,349.209262793
balanced,optimum-wing,4.99675185126,4870,349.210717533
balanced,optimum-wing,4.99675185126,4875,349.212154656
balanced,optimum-wing,4.99675185126,4880,349.213574376
balanced,optimum-wing,4.99675185126,4885,349.214976902
balanced,optimum-wing,4.99675185126,4890,349.216362443
balanced,optimum-wing,4.99675185126,4895,349.217731205
balanced,optimum-wing,4.99675185126,4900,349.219083391
balanced,optimum-wing,4.99675185126,4905,349.220419203
balanced,optimum-wing,4.99675185126,4910,349.221738838
balanced,optimum-wing,4.99675185126,4915,349.223042492
balanced,optimum-wing,4.99675185126,4920,349.224330359
balanced,optimum-wing,4.99675185126,4925,349.225602631
balanced,optimum-wing,4.99675185126,4930,349.226859495
balanced,optimum-wing,4.99675185126,4935,349.22810114
balanced,optimum-wing,4.99675185126,4940,349.229327748
balanced,optimum-wing,4.99675185126,4945,349.230539503
balanced,optimum-wing,4.99675185126,4950,349.231736584
balanced,optimum-wing,4.99675185126,4955,349.23291917
balanced,optimum-wing,4.99675185126,4960,349.234087434
balanced,optimum-wing,4.99675185126,4965,349.235241552
balanced,optimum-wing,4.99675185126,4970,349.236381694
balanced,optimum-wing,4.99675185126,4975,349.23750803
balanced,optimum-wing,4.99675185126,4980,349.238620727
balanced,optimum-wing,4.99675185126,4985,349.23971995
balanced,optimum-wing,4.99675185126,4990,349.240805862
balanced,optimum-wing,4.99675185126,4995,349.241878625
balanced,optimum-wing,4.99675185126,5000,342.483010055
balanced,optimum-wing,4.99675185126,5005,342.483010055
balanced,optimum-wing,4.99675185126,5010,342.483010055
balanced,optimum-wing,4.99675185126,5015,342.483010055
balanced,optimum-wing,4.99675185126,5020,342.483010055
balanced,optimum-wing,4.99675185126,5025,342.483010055
balanced,optimum-wing,4.99675185126,5030,342.483010055
balanced,optimum-wing,4.99675185126,5035,342.483010055
balanced,optimum-wing,4.99675185126,5040,342.483010055
balanced,optimum-wing,4.99675185126,5045,342.483010055
balanced,optimum-wing,4.99675185126,5050,342.483010055
balanced,optimum-wing,4.99675185126,5055,342.483010055
balanced,optimum-wing,4.99675185126,5060,342.483010055
balanced,optimum-wing,4.99675185126,5065,342.483010055
balanced,optimum-wing,4.99675185126,5070,342.569774626
balanced,optimum-wing,4.99675185126,5075,342.656260189
balanced,optimum-wing,4.99675185126,5080,342.741673525
balanced,optimum-wing,4.99675185126,5085,342.826028247
balanced,optimum-wing,4.99675185126,5090,342.909337782
balanced,optimum-wing,4.99675185126,5095,342.991615383
balanced,optimum-wing,4.99675185126,5100,343.072874125
balanced,optimum-wing,4.99675185126,5105,343.153126911
balanced,optimum-wing,4.99675185126,5110,343.232386475
balanced,optimum-wing,4.99675185126,5115,343.310665379
balanced,optimum-wing,4.99675185126,5120,343.387976022
balanced,optimum-wing,4.99675185126,5125,343.46433064
balanced,optimum-wing,4.99675185126,5130,343.539741306
balanced,optimum-wing,4.99675185126,5135,343.614219936
balanced,optimum-wing,4.99675185126,5140,343.687778288
balanced,optimum-wing,4.99675185126,5145,343.760427967
balanced,optimum-wing,4.99675185126,5150,343.832180425
balanced,optimum-wing,4.99675185126,5155,343.903046965
balanced,optimum-wing,4.99675185126,5160,343.97303874
balanced,optimum-wing,4.99675185126,5165,344.04216676
balanced,optimum-wing,4.99675185126,5170,344.110441889
balanced,optimum-wing,4.99675185126,5175,344.177874851
balanced,optimum-wing,4.99675185126,5180,344.244476228
balanced,optimum-wing,4.99675185126,5185,344.310256466
balanced,optimum-wing,4.99675185126,5190,344.375225874
balanced,optimum-wing,4.99675185126,5195,344.439394627
balanced,optimum-wing,4.99675185126,5200,344.50277277
balanced,optimum-wing,4.99675185126,5205,344.565370215
balanced,optimum-wing,4.99675185126,5210,344.627196746
balanced,optimum-wing,4.99675185126,5215,344.688262021
balanced,optimum-wing,4.99675185126,5220,344.748575572
balanced,optimum-wing,4.99675185126,5225,344.808146808
balanced,optimum-wing,4.99675185126,5230,344.866985018
balanced,optimum-wing,4.99675185126,5235,344.925099368
balanced,optimum-wing,4.99675185126,5240,344.982498909
balanced,optimum-wing,4.99675185126,5245,345.039192571
balanced,optimum-wing,4.99675185126,5250,345.095189175
balanced,optimum-wing,4.99675185126,5255,345.150497422
balanced,optimum-wing,4.99675185126,5260,345.205125905
balanced,optimum-wing,4.99675185126,5265,345.259083107
balanced,optimum-wing,4.99675185126,5270,345.312377398
balanced,optimum-wing,4.99675185126,5275,345.365017046
balanced,optimum-wing,4.99675185126,5280,345.417010207
balanced,optimum-wing,4.99675185126,5285,345.468364938
balanced,optimum-wing,4.99675185126,5290,345.519089189
balanced,optimum-wing,4.99675185126,5295,345.56919081
balanced,optimum-wing,4.99675185126,5300,345.61867755
balanced,optimum-wing,4.99675185126,5305,345.667557058
balanced,optimum-wing,4.99675185126,5310,345.715836889
balanced,optimum-wing,4.99675185126,5315,345.763524496
balanced,optimum-wing,4.99675185126,5320,345.810627241
balanced,optimum-wing,4.99675185126,5325,345.857152391
balanced,optimum-wing,4.99675185126,5330,345.90310712
balanced,optimum-wing,4.99675185126,5335,345.948498512
balanced,optimum-wing,4.99675185126,5340,345.993333558
balanced,optimum-wing,4.99675185126,5345,346.037619162
balanced,optimum-wing,4.99675185126,5350,346.081362142
balanced,optimum-wing,4.99675185126,5355,346.124569226
balanced,optimum-wing,4.99675185126,5360,346.167247057
balanced,optimum-wing,4.99675185126,5365,346.209402197
balanced,optimum-wing,4.99675185126,5370,346.251041122
balanced,optimum-wing,4.99675185126,5375,346.292170225
balanced,optimum-wing,4.99675185126,5380,346.332795821
balanced,optimum-wing,4.99675185126,5385,346.372924143
balanced,optimum-wing,4.99675185126,5390,346.412561346
balanced,optimum-wing,4.99675185126,5395,346.451713506
balanced,maximum-wing,30,0,323.12371396
balanced,maximum-wing,30,5,323.12371396
balanced,maximum-wing,30,10,323.12371396
balanced,maximum-wing,30,15,323.12371396
balanced,maximum-wing,30,20,323.12371396
balanced,maximum-wing,30,25,323.12371396
balanced,maximum-wing,30,30,323.12371396
balanced,maximum-wing,30,35,323.12371396
balanced,maximum-wing,30,40,323.12371396
balanced,maximum-wing,30,45,323.12371396
balanced,maximum-wing,30,50,323.12371396
balanced,maximum-wing,30,55,323.12371396
balanced,maximum-wing,30,60,323.12371396
balanced,maximum-wing,30,65,323.12371396
balanced,maximum-wing,30,70,323.12371396
balanced,maximum-wing,30,75,323.12371396
balanced,maximum-wing,30,80,323.12371396
balanced,maximum-wing,30,85,323.12371396
balanced,maximum-wing,30,90,323.12371396
balanced,maximum-wing,30,95,323.12371396
balanced,maximum-wing,30,100,323.12371396
balanced,maximum-wing,30,105,323.12371396
balanced,maximum-wing,30,110,323.12371396
balanced,maximum-wing,30,115,323.12371396
balanced,maximum-wing,30,120,323.12371396
balanced,maximum-wing,30,125,323.12371396
balanced,maximum-wing,30,130,323.12371396
balanced,maximum-wing,30,135,323.12371396
balanced,maximum-wing,30,140,323.12371396
balanced,maximum-wing,30,145,323.12371396
balanced,maximum-wing,30,150,323.12371396
balanced,maximum-wing,30,155,323.12371396
balanced,maximum-wing,30,160,323.12371396
balanced,maximum-wing,30,165,323.12371396
balanced,maximum-wing,30,170,323.12371396
balanced,maximum-wing,30,175,323.12371396
balanced,maximum-wing,30,180,323.12371396
balanced,maximum-wing,30,185,323.12371396
balanced,maximum-wing,30,190,323.12371396
balanced,maximum-wing,30,195,323.12371396
balanced,maximum-wing,30,200,323.12371396
balanced,maximum-wing,30,205,323.12371396
balanced,maximum-wing,30,210,323.12371396
balanced,maximum-wing,30,215,323.12371396
balanced,maximum-wing,30,220,323.12371396
balanced,maximum-wing,30,225,323.12371396
balanced,maximum-wing,30,230,323.12371396
balanced,maximum-wing,30,235,323.12371396
balanced,maximum-wing,30,240,323.12371396
balanced,maximum-wing,30,245,323.12371396
balanced,maximum-wing,30,250,323.12371396
balanced,maximum-wing,30,255,323.12371396
balanced,maximum-wing,30,260,323.12371396
balanced,maximum-wing,30,265,323.12371396
balanced,maximum-wing,30,270,323.12371396
balanced,maximum-wing,30,275,323.12371396
balanced,maximum-wing,30,280,323.12371396
balanced,maximum-wing,30,285,323.12371396
balanced,maximum-wing,30,290,323.12371396
balanced,maximum-wing,30,295,323.12371396
balanced,maximum-wing,30,300,323.12371396
balanced,maximum-wing,30,305,323.12371396
balanced,maximum-wing,30,310,323.12371396
balanced,maximum-wing,30,315,323.12371396
balanced,maximum-wing,30,320,323.12371396
balanced,maximum-wing,30,325,323.12371396
balanced,maximum-wing,30,330,323.12371396
balanced,maximum-wing,30,335,323.12371396
balanced,maximum-wing,30,340,323.12371396
balanced,maximum-wing,30,345,323.12371396
balanced,maximum-wing,30,350,323.12371396
balanced,maximum-wing,30,355,323.12371396
balanced,maximum-wing,30,360,323.12371396
balanced,maximum-wing,30,365,323.12371396
balanced,maximum-wing,30,370,323.12371396
balanced,maximum-wing,30,375,323.12371396
balanced,maximum-wing,30,380,323.12371396
balanced,maximum-wing,30,385,323.12371396
balanced,maximum-wing,30,390,323.12371396
balanced,maximum-wing,30,395,323.12371396
balanced,maximum-wing,30,400,323.12371396
balanced,maximum-wing,30,405,323.12371396
balanced,maximum-wing,30,410,323.12371396
balanced,maximum-wing,30,415,323.12371396
balanced,maximum-wing,30,420,323.12371396
balanced,maximum-wing,30,425,323.12371396
balanced,maximum-wing,30,430,323.12371396
balanced,maximum-wing,30,435,323.12371396
balanced,maximum-wing,30,440,323.12371396
balanced,maximum-wing,30,445,323.12371396
balanced,maximum-wing,30,450,323.12371396
balanced,maximum-wing,30,455,323.12371396
balanced,maximum-wing,30,460,323.12371396
balanced,maximum-wing,30,465,323.12371396
balanced,maximum-wing,30,470,323.12371396
balanced,maximum-wing,30,475,323.12371396
balanced,maximum-wing,30,480,323.12371396
balanced,maximum-wing,30,485,323.12371396
balanced,maximum-wing,30,490,323.12371396
balanced,maximum-wing,30,495,323.12371396
balanced,maximum-wing,30,500,323.12371396
balanced,maximum-wing,30,505,323.12371396
balanced,maximum-wing,30,510,323.12371396
balanced,maximum-wing,30,515,323.12371396
balanced,maximum-wing,30,520,323.12371396
balanced,maximum-wing,30,525,323.12371396
balanced,maximum-wing,30,530,323.12371396
balanced,maximum-wing,30,535,323.12371396
balanced,maximum-wing,30,540,323.12371396
balanced,maximum-wing,30,545,323.12371396
balanced,maximum-wing,30,550,323.12371396
balanced,maximum-wing,30,555,323.12371396
balanced,maximum-wing,30,560,323.12371396
balanced,maximum-wing,30,565,323.12371396
balanced,maximum-wing,30,570,323.12371396
balanced,maximum-wing,30,575,323.12371396
balanced,maximum-wing,30,580,323.12371396
balanced,maximum-wing,30,585,323.12371396
balanced,maximum-wing,30,590,323.12371396
balanced,maximum-wing,30,595,323.12371396
balanced,maximum-wing,30,600,323.12371396
balanced,maximum-wing,30,605,323.12371396
balanced,maximum-wing,30,610,323.12371396
balanced,maximum-wing,30,615,323.12371396
balanced,maximum-wing,30,620,323.12371396
balanced,maximum-wing,30,625,323.12371396
balanced,maximum-wing,30,630,323.12371396
balanced,maximum-wing,30,635,323.12371396
balanced,maximum-wing,30,640,323.12371396
balanced,maximum-wing,30,645,323.12371396
balanced,maximum-wing,30,650,323.12371396
balanced,maximum-wing,30,655,323.12371396
balanced,maximum-wing,30,660,323.12371396
balanced,maximum-wing,30,665,323.12371396
balanced,maximum-wing,30,670,323.12371396
balanced,maximum-wing,30,675,323.12371396
balanced,maximum-wing,30,680,323.12371396
balanced,maximum-wing,30,685,323.12371396
balanced,maximum-wing,30,690,323.12371396
balanced,maximum-wing,30,695,323.12371396
balanced,maximum-wing,30,700,323.12371396
balanced,maximum-wing,30,705,323.12371396
balanced,maximum-wing,30,710,323.12371396
balanced,maximum-wing,30,715,323.12371396
balanced,maximum-wing,30,720,323.12371396
balanced,maximum-wing,30,725,323.12371396
balanced,maximum-wing,30,730,323.12371396
balanced,maximum-wing,30,735,323.12371396
balanced,maximum-wing,30,740,323.12371396
balanced,maximum-wing,30,745,323.12371396
balanced,maximum-wing,30,750,323.12371396
balanced,maximum-wing,30,755,323.12371396
balanced,maximum-wing,30,760,323.12371396
balanced,maximum-wing,30,765,323.12371396
balanced,maximum-wing,30,770,323.12371396
balanced,maximum-wing,30,775,323.12371396
balanced,maximum-wing,30,780,323.12371396
balanced,maximum-wing,30,785,323.12371396
balanced,maximum-wing,30,790,323.12371396
balanced,maximum-wing,30,795,323.12371396
balanced,maximum-wing,30,800,323.12371396
balanced,maximum-wing,30,805,323.12371396
balanced,maximum-wing,30,810,323.12371396
balanced,maximum-wing,30,815,323.12371396
balanced,maximum-wing,30,820,323.12371396
balanced,maximum-wing,30,825,323.12371396
balanced,maximum-wing,30,830,323.12371396
balanced,maximum-wing,30,835,323.12371396
balanced,maximum-wing,30,840,323.12371396
balanced,maximum-wing,30,845,323.12371396
balanced,maximum-wing,30,850,323.12371396
balanced,maximum-wing,30,855,323.12371396
balanced,maximum-wing,30,860,323.12371396
balanced,maximum-wing,30,865,323.12371396
balanced,maximum-wing,30,870,323.12371396
balanced,maximum-wing,30,875,323.12371396
balanced,maximum-wing,30,880,323.12371396
balanced,maximum-wing,30,885,323.12371396
balanced,maximum-wing,30,890,323.12371396
balanced,maximum-wing,30,895,323.12371396
balanced,maximum-wing,30,900,323.12371396
balanced,maximum-wing,30,905,323.12371396
balanced,maximum-wing,30,910,323.12371396
balanced,maximum-wing,30,915,323.12371396
balanced,maximum-wing,30,920,323.12371396
balanced,maximum-wing,30,925,323.12371396
balanced,maximum-wing,30,930,323.12371396
balanced,maximum-wing,30,935,323.12371396
balanced,maximum-wing,30,940,323.12371396
balanced,maximum-wing,30,945,323.12371396
balanced,maximum-wing,30,950,323.12371396
balanced,maximum-wing,30,955,323.12371396
balanced,maximum-wing,30,960,323.12371396
balanced,maximum-wing,30,965,323.12371396
balanced,maximum-wing,30,970,323.12371396
balanced,maximum-wing,30,975,323.12371396
balanced,maximum-wing,30,980,323.12371396
balanced,maximum-wing,30,985,323.12371396
balanced,maximum-wing,30,990,323.12371396
balanced,maximum-wing,30,995,323.12371396
balanced,maximum-wing,30,1000,323.12371396
balanced,maximum-wing,30,1005,323.12371396
balanced,maximum-wing,30,1010,323.12371396
balanced,maximum-wing,30,1015,323.12371396
balanced,maximum-wing,30,1020,323.12371396
balanced,maximum-wing,30,1025,323.12371396
balanced,maximum-wing,30,1030,323.12371396
balanced,maximum-wing,30,1035,323.12371396
balanced,maximum-wing,30,1040,323.12371396
balanced,maximum-wing,30,1045,323.12371396
balanced,maximum-wing,30,1050,323.12371396
balanced,maximum-wing,30,1055,323.12371396
balanced,maximum-wing,30,1060,323.12371396
balanced,maximum-wing,30,1065,323.12371396
balanced,maximum-wing,30,1070,323.12371396
balanced,maximum-wing,30,1075,323.12371396
balanced,maximum-wing,30,1080,323.12371396
balanced,maximum-wing,30,1085,323.12371396
balanced,maximum-wing,30,1090,323.12371396
balanced,maximum-wing,30,1095,323.12371396
balanced,maximum-wing,30,1100,323.12371396
balanced,maximum-wing,30,1105,323.12371396
balanced,maximum-wing,30,1110,323.12371396
balanced,maximum-wing,30,1115,323.12371396
balanced,maximum-wing,30,1120,323.12371396
balanced,maximum-wing,30,1125,323.12371396
balanced,maximum-wing,30,1130,323.12371396
balanced,maximum-wing,30,1135,323.12371396
balanced,maximum-wing,30,1140,323.12371396
balanced,maximum-wing,30,1145,323.12371396
balanced,maximum-wing,30,1150,323.12371396
balanced,maximum-wing,30,1155,323.12371396
balanced,maximum-wing,30,1160,323.12371396
balanced,maximum-wing,30,1165,323.12371396
balanced,maximum-wing,30,1170,323.12371396
balanced,maximum-wing,30,1175,323.12371396
balanced,maximum-wing,30,1180,323.12371396
balanced,maximum-wing,30,1185,323.12371396
balanced,maximum-wing,30,1190,323.12371396
balanced,maximum-wing,30,1195,323.12371396
balanced,maximum-wing,30,1200,323.12371396
balanced,maximum-wing,30,1205,323.12371396
balanced,maximum-wing,30,1210,323.12371396
balanced,maximum-wing,30,1215,323.12371396
balanced,maximum-wing,30,1220,323.12371396
balanced,maximum-wing,30,1225,323.12371396
balanced,maximum-wing,30,1230,323.12371396
balanced,maximum-wing,30,1235,323.12371396
balanced,maximum-wing,30,1240,323.12371396
balanced,maximum-wing,30,1245,323.12371396
balanced,maximum-wing,30,1250,323.12371396
balanced,maximum-wing,30,1255,323.12371396
balanced,maximum-wing,30,1260,323.12371396
balanced,maximum-wing,30,1265,323.12371396
balanced,maximum-wing,30,1270,323.12371396
balanced,maximum-wing,30,1275,323.12371396
balanced,maximum-wing,30,1280,323.12371396
balanced,maximum-wing,30,1285,323.12371396
balanced,maximum-wing,30,1290,323.12371396
balanced,maximum-wing,30,1295,323.12371396
balanced,maximum-wing,30,1300,323.12371396
balanced,maximum-wing,30,1305,323.12371396
balanced,maximum-wing,30,1310,323.12371396
balanced,maximum-wing,30,1315,323.12371396
balanced,maximum-wing,30,1320,323.12371396
balanced,maximum-wing,30,1325,323.12371396
balanced,maximum-wing,30,1330,323.12371396
balanced,maximum-wing,30,1335,323.12371396
balanced,maximum-wing,30,1340,323.12371396
balanced,maximum-wing,30,1345,323.12371396
balanced,maximum-wing,30,1350,323.12371396
balanced,maximum-wing,30,1355,323.12371396
balanced,maximum-wing,30,1360,323.12371396
balanced,maximum-wing,30,1365,323.12371396
balanced,maximum-wing,30,1370,323.12371396
balanced,maximum-wing,30,1375,323.12371396
balanced,maximum-wing,30,1380,323.12371396
balanced,maximum-wing,30,1385,323.12371396
balanced,maximum-wing,30,1390,323.12371396
balanced,maximum-wing,30,1395,323.12371396
balanced,maximum-wing,30,1400,323.12371396
balanced,maximum-wing,30,1405,323.12371396
balanced,maximum-wing,30,1410,323.12371396
balanced,maximum-wing,30,1415,323.12371396
balanced,maximum-wing,30,1420,323.12371396
balanced,maximum-wing,30,1425,323.12371396
balanced,maximum-wing,30,1430,323.12371396
balanced,maximum-wing,30,1435,323.12371396
balanced,maximum-wing,30,1440,323.12371396
balanced,maximum-wing,30,1445,323.12371396
balanced,maximum-wing,30,1450,323.12371396
balanced,maximum-wing,30,1455,323.12371396
balanced,maximum-wing,30,1460,323.12371396
balanced,maximum-wing,30,1465,323.12371396
balanced,maximum-wing,30,1470,323.12371396
balanced,maximum-wing,30,1475,323.12371396
balanced,maximum-wing,30,1480,323.12371396
balanced,maximum-wing,30,1485,323.12371396
balanced,maximum-wing,30,1490,323.12371396
balanced,maximum-wing,30,1495,323.12371396
balanced,maximum-wing,30,1500,323.12371396
balanced,maximum-wing,30,1505,323.12371396
balanced,maximum-wing,30,1510,323.12371396
balanced,maximum-wing,30,1515,323.12371396
balanced,maximum-wing,30,1520,323.12371396
balanced,maximum-wing,30,1525,323.12371396
balanced,maximum-wing,30,1530,323.12371396
balanced,maximum-wing,30,1535,323.12371396
balanced,maximum-wing,30,1540,323.12371396
balanced,maximum-wing,30,1545,323.12371396
balanced,maximum-wing,30,1550,323.12371396
balanced,maximum-wing,30,1555,323.12371396
balanced,maximum-wing,30,1560,323.12371396
balanced,maximum-wing,30,1565,323.12371396
balanced,maximum-wing,30,1570,323.12371396
balanced,maximum-wing,30,1575,323.12371396
balanced,maximum-wing,30,1580,323.12371396
balanced,maximum-wing,30,1585,323.12371396
balanced,maximum-wing,30,1590,323.12371396
balanced,maximum-wing,30,1595,323.12371396
balanced,maximum-wing,30,1600,323.12371396
balanced,maximum-wing,30,1605,323.12371396
balanced,maximum-wing,30,1610,323.12371396
balanced,maximum-wing,30,1615,323.12371396
balanced,maximum-wing,30,1620,323.12371396
balanced,maximum-wing,30,1625,323.12371396
balanced,maximum-wing,30,1630,323.12371396
balanced,maximum-wing,30,1635,323.12371396
balanced,maximum-wing,30,1640,323.12371396
balanced,maximum-wing,30,1645,323.12371396
balanced,maximum-wing,30,1650,323.12371396
balanced,maximum-wing,30,1655,323.12371396
balanced,maximum-wing,30,1660,323.12371396
balanced,maximum-wing,30,1665,323.12371396
balanced,maximum-wing,30,1670,323.12371396
balanced,maximum-wing,30,1675,323.12371396
balanced,maximum-wing,30,1680,323.12371396
balanced,maximum-wing,30,1685,323.12371396
balanced,maximum-wing,30,1690,323.12371396
balanced,maximum-wing,30,1695,323.12371396
balanced,maximum-wing,30,1700,323.12371396
balanced,maximum-wing,30,1705,323.12371396
balanced,maximum-wing,30,1710,323.12371396
balanced,maximum-wing,30,1715,323.12371396
balanced,maximum-wing,30,1720,323.12371396
balanced,maximum-wing,30,1725,323.12371396
balanced,maximum-wing,30,1730,323.12371396
balanced,maximum-wing,30,1735,323.12371396
balanced,maximum-wing,30,1740,323.12371396
balanced,maximum-wing,30,1745,317.86324101
balanced,maximum-wing,30,1750,308.023746232
balanced,maximum-wing,30,1755,297.989789762
balanced,maximum-wing,30,1760,287.739324542
balanced,maximum-wing,30,1765,277.246590906
balanced,maximum-wing,30,1770,266.481178704
balanced,maximum-wing,30,1775,255.406762405
balanced,maximum-wing,30,1780,243.979358284
balanced,maximum-wing,30,1785,232.144863059
balanced,maximum-wing,30,1790,219.882824932
balanced,maximum-wing,30,1795,219.882824932
balanced,maximum-wing,30,1800,219.882824932
balanced,maximum-wing,30,1805,219.882824932
balanced,maximum-wing,30,1810,219.882824932
balanced,maximum-wing,30,1815,219.882824932
balanced,maximum-wing,30,1820,219.882824932
balanced,maximum-wing,30,1825,219.882824932
balanced,maximum-wing,30,1830,219.882824932
balanced,maximum-wing,30,1835,219.882824932
balanced,maximum-wing,30,1840,219.882824932
balanced,maximum-wing,30,1845,219.882824932
balanced,maximum-wing,30,1850,219.882824932
balanced,maximum-wing,30,1855,219.882824932
balanced,maximum-wing,30,1860,219.882824932
balanced,maximum-wing,30,1865,219.882824932
balanced,maximum-wing,30,1870,219.882824932
balanced,maximum-wing,30,1875,219.882824932
balanced,maximum-wing,30,1880,219.882824932
balanced,maximum-wing,30,1885,219.882824932
balanced,maximum-wing,30,1890,219.882824932
balanced,maximum-wing,30,1895,219.882824932
balanced,maximum-wing,30,1900,219.882824932
balanced,maximum-wing,30,1905,219.882824932
balanced,maximum-wing,30,1910,219.882824932
balanced,maximum-wing,30,1915,219.882824932
balanced,maximum-wing,30,1920,219.882824932
balanced,maximum-wing,30,1925,219.882824932
balanced,maximum-wing,30,1930,219.882824932
balanced,maximum-wing,30,1935,219.882824932
balanced,maximum-wing,30,1940,219.882824932
balanced,maximum-wing,30,1945,219.882824932
balanced,maximum-wing,30,1950,219.882824932
balanced,maximum-wing,30,1955,219.882824932
balanced,maximum-wing,30,1960,219.882824932
balanced,maximum-wing,30,1965,219.882824932
balanced,maximum-wing,30,1970,219.882824932
balanced,maximum-wing,30,1975,219.882824932
balanced,maximum-wing,30,1980,219.882824932
balanced,maximum-wing,30,1985,219.882824932
balanced,maximum-wing,30,1990,219.882824932
balanced,maximum-wing,30,1995,219.882824932
balanced,maximum-wing,30,2000,219.882824932
balanced,maximum-wing,30,2005,219.882824932
balanced,maximum-wing,30,2010,219.882824932
balanced,maximum-wing,30,2015,219.882824932
balanced,maximum-wing,30,2020,219.882824932
balanced,maximum-wing,30,2025,219.882824932
balanced,maximum-wing,30,2030,219.882824932
balanced,maximum-wing,30,2035,219.882824932
balanced,maximum-wing,30,2040,219.882824932
balanced,maximum-wing,30,2045,219.882824932
balanced,maximum-wing,30,2050,219.882824932
balanced,maximum-wing,30,2055,219.882824932
balanced,maximum-wing,30,2060,219.882824932
balanced,maximum-wing,30,2065,219.882824932
balanced,maximum-wing,30,2070,219.882824932
balanced,maximum-wing,30,2075,222.737065108
balanced,maximum-wing,30,2080,225.496306269
balanced,maximum-wing,30,2085,228.165503932
balanced,maximum-wing,30,2090,230.749216157
balanced,maximum-wing,30,2095,233.238865414
balanced,maximum-wing,30,2100,235.636902231
balanced,maximum-wing,30,2105,237.948166196
balanced,maximum-wing,30,2110,240.177121486
balanced,maximum-wing,30,2115,242.327896568
balanced,maximum-wing,30,2120,244.404318617
balanced,maximum-wing,30,2125,246.409943498
balanced,maximum-wing,30,2130,248.348081982
balanced,maximum-wing,30,2135,250.22182277
balanced,maximum-wing,30,2140,252.034052786
balanced,maximum-wing,30,2145,253.787475125
balanced,maximum-wing,30,2150,255.48462498
balanced,maximum-wing,30,2155,257.127883827
balanced,maximum-wing,30,2160,258.719492091
balanced,maximum-wing,30,2165,260.26156048
balanced,maximum-wing,30,2170,261.756080178
balanced,maximum-wing,30,2175,263.204932009
balanced,maximum-wing,30,2180,264.609894715
balanced,maximum-wing,30,2185,265.798006814
balanced,maximum-wing,30,2190,266.960696072
balanced,maximum-wing,30,2195,268.098657985
balanced,maximum-wing,30,2200,269.212561714
balanced,maximum-wing,30,2205,270.303051463
balanced,maximum-wing,30,2210,271.370747749
balanced,maximum-wing,30,2215,272.416248601
balanced,maximum-wing,30,2220,273.440130672
balanced,maximum-wing,30,2225,274.442950282
balanced,maximum-wing,30,2230,275.4252444
balanced,maximum-wing,30,2235,276.387531558
balanced,maximum-wing,30,2240,277.330312716
balanced,maximum-wing,30,2245,278.254072066
balanced,maximum-wing,30,2250,279.159277796
balanced,maximum-wing,30,2255,280.046382809
balanced,maximum-wing,30,2260,280.915825394
balanced,maximum-wing,30,2265,281.768029863
balanced,maximum-wing,30,2270,282.603407155
balanced,maximum-wing,30,2275,283.422355398
balanced,maximum-wing,30,2280,284.22526045
balanced,maximum-wing,30,2285,285.012496405
balanced,maximum-wing,30,2290,285.784426071
balanced,maximum-wing,30,2295,286.541401425
balanced,maximum-wing,30,2300,287.283764049
balanced,maximum-wing,30,2305,288.011684595
balanced,maximum-wing,30,2310,288.723420827
balanced,maximum-wing,30,2315,289.419388091
balanced,maximum-wing,30,2320,290.099988447
balanced,maximum-wing,30,2325,290.76561123
balanced,maximum-wing,30,2330,291.41663357
balanced,maximum-wing,30,2335,292.053420884
balanced,maximum-wing,30,2340,292.676327353
balanced,maximum-wing,30,2345,293.285696362
balanced,maximum-wing,30,2350,293.881860926
balanced,maximum-wing,30,2355,294.46514409
balanced,maximum-wing,30,2360,295.035859315
balanced,maximum-wing,30,2365,295.594310835
balanced,maximum-wing,30,2370,296.14079401
balanced,maximum-wing,30,2375,296.67559565
balanced,maximum-wing,30,2380,297.198994331
balanced,maximum-wing,30,2385,297.711260693
balanced,maximum-wing,30,2390,298.212657727
balanced,maximum-wing,30,2395,298.703441048
balanced,maximum-wing,30,2400,299.183859149
balanced,maximum-wing,30,2405,299.654153658
balanced,maximum-wing,30,2410,300.114559569
balanced,maximum-wing,30,2415,300.565305471
balanced,maximum-wing,30,2420,301.006613767
balanced,maximum-wing,30,2425,301.438700878
balanced,maximum-wing,30,2430,301.861777445
balanced,maximum-wing,30,2435,302.27604852
balanced,maximum-wing,30,2440,302.681713746
balanced,maximum-wing,30,2445,303.078967535
balanced,maximum-wing,30,2450,303.467999236
balanced,maximum-wing,30,2455,303.848993293
balanced,maximum-wing,30,2460,304.222129404
balanced,maximum-wing,30,2465,304.58758267
balanced,maximum-wing,30,2470,304.945523731
balanced,maximum-wing,30,2475,305.296118914
balanced,maximum-wing,30,2480,305.639530356
balanced,maximum-wing,30,2485,305.975916136
balanced,maximum-wing,30,2490,306.305430397
balanced,maximum-wing,30,2495,306.62822346
balanced,maximum-wing,30,2500,306.944441942
balanced,maximum-wing,30,2505,307.254228863
balanced,maximum-wing,30,2510,307.55772375
balanced,maximum-wing,30,2515,307.855062743
balanced,maximum-wing,30,2520,308.146378685
balanced,maximum-wing,30,2525,308.431801224
balanced,maximum-wing,30,2530,308.7114569
balanced,maximum-wing,30,2535,308.985469233
balanced,maximum-wing,30,2540,309.253958808
balanced,maximum-wing,30,2545,309.517043359
balanced,maximum-wing,30,2550,309.774837844
balanced,maximum-wing,30,2555,310.027454524
balanced,maximum-wing,30,2560,310.275003038
balanced,maximum-wing,30,2565,310.517590469
balanced,maximum-wing,30,2570,310.755321421
balanced,maximum-wing,30,2575,310.988298078
balanced,maximum-wing,30,2580,311.216620273
balanced,maximum-wing,30,2585,311.44038555
balanced,maximum-wing,30,2590,311.659689224
balanced,maximum-wing,30,2595,311.874624437
balanced,maximum-wing,30,2600,312.085282219
balanced,maximum-wing,30,2605,312.291751542
balanced,maximum-wing,30,2610,312.49411937
balanced,maximum-wing,30,2615,312.70262905
balanced,maximum-wing,30,2620,312.906997364
balanced,maximum-wing,30,2625,313.107310166
balanced,maximum-wing,30,2630,313.303651385
balanced,maximum-wing,30,2635,313.496103076
balanced,maximum-wing,30,2640,313.684745464
balanced,maximum-wing,30,2645,313.869656993
balanced,maximum-wing,30,2650,314.050914368
balanced,maximum-wing,30,2655,314.228592602
balanced,maximum-wing,30,2660,314.402765056
balanced,maximum-wing,30,2665,314.57350348
balanced,maximum-wing,30,2670,314.740878052
balanced,maximum-wing,30,2675,314.904957418
balanced,maximum-wing,30,2680,315.065808729
balanced,maximum-wing,30,2685,315.223497677
balanced,maximum-wing,30,2690,315.378088531
balanced,maximum-wing,30,2695,315.529644169
balanced,maximum-wing,30,2700,315.678226114
balanced,maximum-wing,30,2705,315.823894568
balanced,maximum-wing,30,2710,315.966708436
balanced,maximum-wing,30,2715,316.106725367
balanced,maximum-wing,30,2720,316.244001775
balanced,maximum-wing,30,2725,316.378592873
balanced,maximum-wing,30,2730,316.510552699
balanced,maximum-wing,30,2735,316.639934145
balanced,maximum-wing,30,2740,316.766788982
balanced,maximum-wing,30,2745,316.891167886
balanced,maximum-wing,30,2750,317.013120467
balanced,maximum-wing,30,2755,317.132695287
balanced,maximum-wing,30,2760,317.249939891
balanced,maximum-wing,30,2765,317.364900825
balanced,maximum-wing,30,2770,317.477623661
balanced,maximum-wing,30,2775,317.58815302
balanced,maximum-wing,30,2780,317.696532592
balanced,maximum-wing,30,2785,317.802805156
balanced,maximum-wing,30,2790,317.907012603
balanced,maximum-wing,30,2795,318.009195956
balanced,maximum-wing,30,2800,318.109395387
balanced,maximum-wing,30,2805,318.207650239
balanced,maximum-wing,30,2810,318.303999039
balanced,maximum-wing,30,2815,318.398479524
balanced,maximum-wing,30,2820,318.491128653
balanced,maximum-wing,30,2825,318.581982625
balanced,maximum-wing,30,2830,318.671076896
balanced,maximum-wing,30,2835,318.758446197
balanced,maximum-wing,30,2840,318.844124547
balanced,maximum-wing,30,2845,318.928145271
balanced,maximum-wing,30,2850,319.010541013
balanced,maximum-wing,30,2855,319.091343753
balanced,maximum-wing,30,2860,319.17058482
balanced,maximum-wing,30,2865,319.248294906
balanced,maximum-wing,30,2870,319.324504079
balanced,maximum-wing,30,2875,319.399241801
balanced,maximum-wing,30,2880,319.472536935
balanced,maximum-wing,30,2885,319.544417759
balanced,maximum-wing,30,2890,319.614911983
balanced,maximum-wing,30,2895,319.684046756
balanced,maximum-wing,30,2900,319.751848681
balanced,maximum-wing,30,2905,319.818343826
balanced,maximum-wing,30,2910,319.883557732
balanced,maximum-wing,30,2915,319.94751543
balanced,maximum-wing,30,2920,320.010241448
balanced,maximum-wing,30,2925,320.071759823
balanced,maximum-wing,30,2930,320.132094108
balanced,maximum-wing,30,2935,320.191267389
balanced,maximum-wing,30,2940,320.249302287
balanced,maximum-wing,30,2945,320.306220974
balanced,maximum-wing,30,2950,320.362045178
balanced,maximum-wing,30,2955,320.416796196
balanced,maximum-wing,30,2960,320.470494899
balanced,maximum-wing,30,2965,320.523161743
balanced,maximum-wing,30,2970,320.57481678
balanced,maximum-wing,30,2975,320.625479661
balanced,maximum-wing,30,2980,320.675169648
balanced,maximum-wing,30,2985,320.723905622
balanced,maximum-wing,30,2990,320.771706089
balanced,maximum-wing,30,2995,320.81858919
balanced,maximum-wing,30,3000,320.864572705
balanced,maximum-wing,30,3005,320.909674065
balanced,maximum-wing,30,3010,320.953910356
balanced,maximum-wing,30,3015,320.997298326
balanced,maximum-wing,30,3020,321.039854394
balanced,maximum-wing,30,3025,321.081594654
balanced,maximum-wing,30,3030,321.122534886
balanced,maximum-wing,30,3035,321.162690556
balanced,maximum-wing,30,3040,321.202076828
balanced,maximum-wing,30,3045,321.240708568
balanced,maximum-wing,30,3050,321.278600349
balanced,maximum-wing,30,3055,321.315766459
balanced,maximum-wing,30,3060,321.352220904
balanced,maximum-wing,30,3065,321.387977419
balanced,maximum-wing,30,3070,321.423049466
balanced,maximum-wing,30,3075,321.457450245
balanced,maximum-wing,30,3080,321.491192699
balanced,maximum-wing,30,3085,321.524289517
balanced,maximum-wing,30,3090,321.556753139
balanced,maximum-wing,30,3095,321.588595762
balanced,maximum-wing,30,3100,321.619829347
balanced,maximum-wing,30,3105,321.650465619
balanced,maximum-wing,30,3110,321.680516076
balanced,maximum-wing,30,3115,321.709991992
balanced,maximum-wing,30,3120,321.73890442
balanced,maximum-wing,30,3125,321.767264198
balanced,maximum-wing,30,3130,321.795081954
balanced,maximum-wing,30,3135,321.822368108
balanced,maximum-wing,30,3140,321.849132879
balanced,maximum-wing,30,3145,321.875386285
balanced,maximum-wing,30,3150,321.901138152
balanced,maximum-wing,30,3155,321.926398112
balanced,maximum-wing,30,3160,321.951175614
balanced,maximum-wing,30,3165,321.975479919
balanced,maximum-wing,30,3170,321.999320113
balanced,maximum-wing,30,3175,322.022705101
balanced,maximum-wing,30,3180,322.045643621
balanced,maximum-wing,30,3185,322.068144236
balanced,maximum-wing,30,3190,322.090215347
balanced,maximum-wing,30,3195,322.111865191
balanced,maximum-wing,30,3200,322.133101845
balanced,maximum-wing,30,3205,322.153933231
balanced,maximum-wing,30,3210,322.174367117
balanced,maximum-wing,30,3215,322.194411122
balanced,maximum-wing,30,3220,322.214072714
balanced,maximum-wing,30,3225,322.233359222
balanced,maximum-wing,30,3230,322.25227783
balanced,maximum-wing,30,3235,322.270835584
balanced,maximum-wing,30,3240,322.289039394
balanced,maximum-wing,30,3245,322.306896037
balanced,maximum-wing,30,3250,322.324412158
balanced,maximum-wing,30,3255,322.341594276
balanced,maximum-wing,30,3260,322.358448784
balanced,maximum-wing,30,3265,322.374981949
balanced,maximum-wing,30,3270,322.391199919
balanced,maximum-wing,30,3275,322.407108726
balanced,maximum-wing,30,3280,322.422714281
balanced,maximum-wing,30,3285,322.438022386
balanced,maximum-wing,30,3290,322.453038727
balanced,maximum-wing,30,3295,322.467768883
balanced,maximum-wing,30,3300,322.482218327
balanced,maximum-wing,30,3305,322.496392423
balanced,maximum-wing,30,3310,322.510296434
balanced,maximum-wing,30,3315,322.523935523
balanced,maximum-wing,30,3320,322.537314751
balanced,maximum-wing,30,3325,322.550439084
balanced,maximum-wing,30,3330,322.563313391
balanced,maximum-wing,30,3335,322.575942449
balanced,maximum-wing,30,3340,322.588330941
balanced,maximum-wing,30,3345,322.600483463
balanced,maximum-wing,30,3350,322.612404521
balanced,maximum-wing,30,3355,322.624098534
balanced,maximum-wing,30,3360,322.635569837
balanced,maximum-wing,30,3365,322.646822683
balanced,maximum-wing,30,3370,322.657861241
balanced,maximum-wing,30,3375,322.668689601
balanced,maximum-wing,30,3380,322.679311776
balanced,maximum-wing,30,3385,322.689731701
balanced,maximum-wing,30,3390,322.699953234
balanced,maximum-wing,30,3395,322.709980162
balanced,maximum-wing,30,3400,322.719816197
balanced,maximum-wing,30,3405,322.729464981
balanced,maximum-wing,30,3410,322.738930086
balanced,maximum-wing,30,3415,322.748215016
balanced,maximum-wing,30,3420,322.757323207
balanced,maximum-wing,30,3425,322.76625803
balanced,maximum-wing,30,3430,322.775022792
balanced,maximum-wing,30,3435,322.783620735
balanced,maximum-wing,30,3440,322.792055039
balanced,maximum-wing,30,3445,322.806233347
balanced,maximum-wing,30,3450,322.820141577
balanced,maximum-wing,30,3455,322.83378489
balanced,maximum-wing,30,3460,322.847168346
balanced,maximum-wing,30,3465,322.860296909
balanced,maximum-wing,30,3470,322.873175446
balanced,maximum-wing,30,3475,322.885808733
balanced,maximum-wing,30,3480,322.898201451
balanced,maximum-wing,30,3485,322.910358195
balanced,maximum-wing,30,3490,322.922283469
balanced,maximum-wing,30,3495,322.933981692
balanced,maximum-wing,30,3500,322.945457197
balanced,maximum-wing,30,3505,322.956714234
balanced,maximum-wing,30,3510,322.967756974
balanced,maximum-wing,30,3515,322.978589504
balanced,maximum-wing,30,3520,322.989215836
balanced,maximum-wing,30,3525,322.999639904
balanced,maximum-wing,30,3530,323.009865566
balanced,maximum-wing,30,3535,323.019896606
balanced,maximum-wing,30,3540,323.029736737
balanced,maximum-wing,30,3545,323.0393896
balanced,maximum-wing,30,3550,323.048858765
balanced,maximum-wing,30,3555,323.058147737
balanced,maximum-wing,30,3560,323.067259949
balanced,maximum-wing,30,3565,323.076198773
balanced,maximum-wing,30,3570,323.084967515
balanced,maximum-wing,30,3575,323.093569415
balanced,maximum-wing,30,3580,323.102007655
balanced,maximum-wing,30,3585,323.110285354
balanced,maximum-wing,30,3590,323.118405571
balanced,maximum-wing,30,3595,323.12371396
balanced,maximum-wing,30,3600,323.12371396
balanced,maximum-wing,30,3605,323.12371396
balanced,maximum-wing,30,3610,323.12371396
balanced,maximum-wing,30,3615,323.12371396
balanced,maximum-wing,30,3620,323.12371396
balanced,maximum-wing,30,3625,323.12371396
balanced,maximum-wing,30,3630,323.12371396
balanced,maximum-wing,30,3635,323.12371396
balanced,maximum-wing,30,3640,323.12371396
balanced,maximum-wing,30,3645,323.12371396
balanced,maximum-wing,30,3650,323.12371396
balanced,maximum-wing,30,3655,323.12371396
balanced,maximum-wing,30,3660,323.12371396
balanced,maximum-wing,30,3665,323.12371396
balanced,maximum-wing,30,3670,323.12371396
balanced,maximum-wing,30,3675,323.12371396
balanced,maximum-wing,30,3680,323.12371396
balanced,maximum-wing,30,3685,323.12371396
balanced,maximum-wing,30,3690,323.12371396
balanced,maximum-wing,30,3695,323.12371396
balanced,maximum-wing,30,3700,323.12371396
balanced,maximum-wing,30,3705,323.12371396
balanced,maximum-wing,30,3710,323.12371396
balanced,maximum-wing,30,3715,323.12371396
balanced,maximum-wing,30,3720,323.12371396
balanced,maximum-wing,30,3725,323.12371396
balanced,maximum-wing,30,3730,323.12371396
balanced,maximum-wing,30,3735,323.12371396
balanced,maximum-wing,30,3740,323.12371396
balanced,maximum-wing,30,3745,323.12371396
balanced,maximum-wing,30,3750,323.12371396
balanced,maximum-wing,30,3755,323.12371396
balanced,maximum-wing,30,3760,323.12371396
balanced,maximum-wing,30,3765,323.12371396
balanced,maximum-wing,30,3770,323.12371396
balanced,maximum-wing,30,3775,323.12371396
balanced,maximum-wing,30,3780,323.12371396
balanced,maximum-wing,30,3785,323.12371396
balanced,maximum-wing,30,3790,323.12371396
balanced,maximum-wing,30,3795,323.12371396
balanced,maximum-wing,30,3800,323.12371396
balanced,maximum-wing,30,3805,323.12371396
balanced,maximum-wing,30,3810,323.12371396
balanced,maximum-wing,30,3815,323.12371396
balanced,maximum-wing,30,3820,323.12371396
balanced,maximum-wing,30,3825,323.12371396
balanced,maximum-wing,30,3830,323.12371396
balanced,maximum-wing,30,3835,323.12371396
balanced,maximum-wing,30,3840,323.12371396
balanced,maximum-wing,30,3845,323.12371396
balanced,maximum-wing,30,3850,323.12371396
balanced,maximum-wing,30,3855,323.12371396
balanced,maximum-wing,30,3860,323.12371396
balanced,maximum-wing,30,3865,323.12371396
balanced,maximum-wing,30,3870,323.12371396
balanced,maximum-wing,30,3875,323.12371396
balanced,maximum-wing,30,3880,323.12371396
balanced,maximum-wing,30,3885,323.12371396
balanced,maximum-wing,30,3890,323.12371396
balanced,maximum-wing,30,3895,323.12371396
balanced,maximum-wing,30,3900,323.12371396
balanced,maximum-wing,30,3905,323.12371396
balanced,maximum-wing,30,3910,323.12371396
balanced,maximum-wing,30,3915,323.12371396
balanced,maximum-wing,30,3920,323.12371396
balanced,maximum-wing,30,3925,323.12371396
balanced,maximum-wing,30,3930,323.12371396
balanced,maximum-wing,30,3935,323.12371396
balanced,maximum-wing,30,3940,323.12371396
balanced,maximum-wing,30,3945,323.12371396
balanced,maximum-wing,30,3950,323.12371396
balanced,maximum-wing,30,3955,323.12371396
balanced,maximum-wing,30,3960,323.12371396
balanced,maximum-wing,30,3965,323.12371396
balanced,maximum-wing,30,3970,323.12371396
balanced,maximum-wing,30,3975,323.12371396
balanced,maximum-wing,30,3980,323.12371396
balanced,maximum-wing,30,3985,323.12371396
balanced,maximum-wing,30,3990,323.12371396
balanced,maximum-wing,30,3995,323.12371396
balanced,maximum-wing,30,4000,323.12371396
balanced,maximum-wing,30,4005,323.12371396
balanced,maximum-wing,30,4010,323.12371396
balanced,maximum-wing,30,4015,323.12371396
balanced,maximum-wing,30,4020,323.12371396
balanced,maximum-wing,30,4025,323.12371396
balanced,maximum-wing,30,4030,323.12371396
balanced,maximum-wing,30,4035,323.12371396
balanced,maximum-wing,30,4040,323.12371396
balanced,maximum-wing,30,4045,323.12371396
balanced,maximum-wing,30,4050,323.12371396
balanced,maximum-wing,30,4055,323.12371396
balanced,maximum-wing,30,4060,323.12371396
balanced,maximum-wing,30,4065,323.12371396
balanced,maximum-wing,30,4070,323.12371396
balanced,maximum-wing,30,4075,323.12371396
balanced,maximum-wing,30,4080,323.12371396
balanced,maximum-wing,30,4085,323.12371396
balanced,maximum-wing,30,4090,323.12371396
balanced,maximum-wing,30,4095,323.12371396
balanced,maximum-wing,30,4100,323.12371396
balanced,maximum-wing,30,4105,323.12371396
balanced,maximum-wing,30,4110,323.12371396
balanced,maximum-wing,30,4115,323.12371396
balanced,maximum-wing,30,4120,323.12371396
balanced,maximum-wing,30,4125,323.12371396
balanced,maximum-wing,30,4130,323.12371396
balanced,maximum-wing,30,4135,323.12371396
balanced,maximum-wing,30,4140,323.12371396
balanced,maximum-wing,30,4145,323.12371396
balanced,maximum-wing,30,4150,323.12371396
balanced,maximum-wing,30,4155,323.12371396
balanced,maximum-wing,30,4160,323.12371396
balanced,maximum-wing,30,4165,323.12371396
balanced,maximum-wing,30,4170,323.12371396
balanced,maximum-wing,30,4175,323.12371396
balanced,maximum-wing,30,4180,323.12371396
balanced,maximum-wing,30,4185,323.12371396
balanced,maximum-wing,30,4190,323.12371396
balanced,maximum-wing,30,4195,323.12371396
balanced,maximum-wing,30,4200,323.12371396
balanced,maximum-wing,30,4205,323.12371396
balanced,maximum-wing,30,4210,323.12371396
balanced,maximum-wing,30,4215,323.12371396
balanced,maximum-wing,30,4220,323.12371396
balanced,maximum-wing,30,4225,323.12371396
balanced,maximum-wing,30,4230,323.12371396
balanced,maximum-wing,30,4235,323.12371396
balanced,maximum-wing,30,4240,323.12371396
balanced,maximum-wing,30,4245,323.12371396
balanced,maximum-wing,30,4250,323.12371396
balanced,maximum-wing,30,4255,323.12371396
balanced,maximum-wing,30,4260,323.12371396
balanced,maximum-wing,30,4265,323.12371396
balanced,maximum-wing,30,4270,323.12371396
balanced,maximum-wing,30,4275,323.12371396
balanced,maximum-wing,30,4280,323.12371396
balanced,maximum-wing,30,4285,323.12371396
balanced,maximum-wing,30,4290,323.12371396
balanced,maximum-wing,30,4295,323.12371396
balanced,maximum-wing,30,4300,323.12371396
balanced,maximum-wing,30,4305,323.12371396
balanced,maximum-wing,30,4310,323.12371396
balanced,maximum-wing,30,4315,323.12371396
balanced,maximum-wing,30,4320,323.12371396
balanced,maximum-wing,30,4325,323.12371396
balanced,maximum-wing,30,4330,323.12371396
balanced,maximum-wing,30,4335,323.12371396
balanced,maximum-wing,30,4340,323.12371396
balanced,maximum-wing,30,4345,323.12371396
balanced,maximum-wing,30,4350,323.12371396
balanced,maximum-wing,30,4355,323.12371396
balanced,maximum-wing,30,4360,323.12371396
balanced,maximum-wing,30,4365,323.12371396
balanced,maximum-wing,30,4370,323.12371396
balanced,maximum-wing,30,4375,323.12371396
balanced,maximum-wing,30,4380,323.12371396
balanced,maximum-wing,30,4385,323.12371396
balanced,maximum-wing,30,4390,323.12371396
balanced,maximum-wing,30,4395,323.12371396
balanced,maximum-wing,30,4400,323.12371396
balanced,maximum-wing,30,4405,323.12371396
balanced,maximum-wing,30,4410,323.12371396
balanced,maximum-wing,30,4415,323.12371396
balanced,maximum-wing,30,4420,323.12371396
balanced,maximum-wing,30,4425,323.12371396
balanced,maximum-wing,30,4430,323.12371396
balanced,maximum-wing,30,4435,323.12371396
balanced,maximum-wing,30,4440,323.12371396
balanced,maximum-wing,30,4445,323.12371396
balanced,maximum-wing,30,4450,323.12371396
balanced,maximum-wing,30,4455,323.12371396
balanced,maximum-wing,30,4460,323.12371396
balanced,maximum-wing,30,4465,323.12371396
balanced,maximum-wing,30,4470,323.12371396
balanced,maximum-wing,30,4475,323.12371396
balanced,maximum-wing,30,4480,323.12371396
balanced,maximum-wing,30,4485,323.12371396
balanced,maximum-wing,30,4490,323.12371396
balanced,maximum-wing,30,4495,323.12371396
balanced,maximum-wing,30,4500,323.12371396
balanced,maximum-wing,30,4505,323.12371396
balanced,maximum-wing,30,4510,323.12371396
balanced,maximum-wing,30,4515,323.12371396
balanced,maximum-wing,30,4520,323.12371396
balanced,maximum-wing,30,4525,323.12371396
balanced,maximum-wing,30,4530,323.12371396
balanced,maximum-wing,30,4535,323.12371396
balanced,maximum-wing,30,4540,323.12371396
balanced,maximum-wing,30,4545,323.12371396
balanced,maximum-wing,30,4550,323.12371396
balanced,maximum-wing,30,4555,323.12371396
balanced,maximum-wing,30,4560,323.12371396
balanced,maximum-wing,30,4565,323.12371396
balanced,maximum-wing,30,4570,323.12371396
balanced,maximum-wing,30,4575,323.12371396
balanced,maximum-wing,30,4580,323.12371396
balanced,maximum-wing,30,4585,323.12371396
balanced,maximum-wing,30,4590,323.12371396
balanced,maximum-wing,30,4595,323.12371396
balanced,maximum-wing,30,4600,323.12371396
balanced,maximum-wing,30,4605,323.12371396
balanced,maximum-wing,30,4610,323.12371396
balanced,maximum-wing,30,4615,323.12371396
balanced,maximum-wing,30,4620,323.12371396
balanced,maximum-wing,30,4625,323.12371396
balanced,maximum-wing,30,4630,323.12371396
balanced,maximum-wing,30,4635,323.12371396
balanced,maximum-wing,30,4640,323.12371396
balanced,maximum-wing,30,4645,323.12371396
balanced,maximum-wing,30,4650,323.12371396
balanced,maximum-wing,30,4655,323.12371396
balanced,maximum-wing,30,4660,323.12371396
balanced,maximum-wing,30,4665,323.12371396
balanced,maximum-wing,30,4670,323.12371396
balanced,maximum-wing,30,4675,323.12371396
balanced,maximum-wing,30,4680,323.12371396
balanced,maximum-wing,30,4685,323.12371396
balanced,maximum-wing,30,4690,323.12371396
balanced,maximum-wing,30,4695,323.12371396
balanced,maximum-wing,30,4700,323.12371396
balanced,maximum-wing,30,4705,323.12371396
balanced,maximum-wing,30,4710,323.12371396
balanced,maximum-wing,30,4715,323.12371396
balanced,maximum-wing,30,4720,323.12371396
balanced,maximum-wing,30,4725,323.12371396
balanced,maximum-wing,30,4730,323.12371396
balanced,maximum-wing,30,4735,323.12371396
balanced,maximum-wing,30,4740,323.12371396
balanced,maximum-wing,30,4745,323.12371396
balanced,maximum-wing,30,4750,323.12371396
balanced,maximum-wing,30,4755,323.12371396
balanced,maximum-wing,30,4760,323.12371396
balanced,maximum-wing,30,4765,323.12371396
balanced,maximum-wing,30,4770,323.12371396
balanced,maximum-wing,30,4775,323.12371396
balanced,maximum-wing,30,4780,323.12371396
balanced,maximum-wing,30,4785,323.12371396
balanced,maximum-wing,30,4790,323.12371396
balanced,maximum-wing,30,4795,323.12371396
balanced,maximum-wing,30,4800,323.12371396
balanced,maximum-wing,30,4805,323.12371396
balanced,maximum-wing,30,4810,323.12371396
balanced,maximum-wing,30,4815,323.12371396
balanced,maximum-wing,30,4820,323.12371396
balanced,maximum-wing,30,4825,323.12371396
balanced,maximum-wing,30,4830,323.12371396
balanced,maximum-wing,30,4835,323.12371396
balanced,maximum-wing,30,4840,323.12371396
balanced,maximum-wing,30,4845,323.12371396
balanced,maximum-wing,30,4850,323.12371396
balanced,maximum-wing,30,4855,323.12371396
balanced,maximum-wing,30,4860,323.12371396
balanced,maximum-wing,30,4865,323.12371396
balanced,maximum-wing,30,4870,323.12371396
balanced,maximum-wing,30,4875,323.12371396
balanced,maximum-wing,30,4880,323.12371396
balanced,maximum-wing,30,4885,323.12371396
balanced,maximum-wing,30,4890,323.12371396
balanced,maximum-wing,30,4895,323.12371396
balanced,maximum-wing,30,4900,323.12371396
balanced,maximum-wing,30,4905,323.12371396
balanced,maximum-wing,30,4910,323.12371396
balanced,maximum-wing,30,4915,323.12371396
balanced,maximum-wing,30,4920,323.12371396
balanced,maximum-wing,30,4925,323.12371396
balanced,maximum-wing,30,4930,323.12371396
balanced,maximum-wing,30,4935,323.12371396
balanced,maximum-wing,30,4940,323.12371396
balanced,maximum-wing,30,4945,323.12371396
balanced,maximum-wing,30,4950,323.12371396
balanced,maximum-wing,30,4955,323.12371396
balanced,maximum-wing,30,4960,323.12371396
balanced,maximum-wing,30,4965,323.12371396
balanced,maximum-wing,30,4970,323.12371396
balanced,maximum-wing,30,4975,323.12371396
balanced,maximum-wing,30,4980,323.12371396
balanced,maximum-wing,30,4985,323.12371396
balanced,maximum-wing,30,4990,323.12371396
balanced,maximum-wing,30,4995,323.12371396
balanced,maximum-wing,30,5000,323.12371396
balanced,maximum-wing,30,5005,323.12371396
balanced,maximum-wing,30,5010,323.12371396
balanced,maximum-wing,30,5015,323.12371396
balanced,maximum-wing,30,5020,323.12371396
balanced,maximum-wing,30,5025,323.12371396
balanced,maximum-wing,30,5030,323.12371396
balanced,maximum-wing,30,5035,323.12371396
balanced,maximum-wing,30,5040,323.12371396
balanced,maximum-wing,30,5045,323.12371396
balanced,maximum-wing,30,5050,323.12371396
balanced,maximum-wing,30,5055,323.12371396
balanced,maximum-wing,30,5060,323.12371396
balanced,maximum-wing,30,5065,323.12371396
balanced,maximum-wing,30,5070,323.12371396
balanced,maximum-wing,30,5075,323.12371396
balanced,maximum-wing,30,5080,323.12371396
balanced,maximum-wing,30,5085,323.12371396
balanced,maximum-wing,30,5090,323.12371396
balanced,maximum-wing,30,5095,323.12371396
balanced,maximum-wing,30,5100,323.12371396
balanced,maximum-wing,30,5105,323.12371396
balanced,maximum-wing,30,5110,323.12371396
balanced,maximum-wing,30,5115,323.12371396
balanced,maximum-wing,30,5120,323.12371396
balanced,maximum-wing,30,5125,323.12371396
balanced,maximum-wing,30,5130,323.12371396
balanced,maximum-wing,30,5135,323.12371396
balanced,maximum-wing,30,5140,323.12371396
balanced,maximum-wing,30,5145,323.12371396
balanced,maximum-wing,30,5150,323.12371396
balanced,maximum-wing,30,5155,323.12371396
balanced,maximum-wing,30,5160,323.12371396
balanced,maximum-wing,30,5165,323.12371396
balanced,maximum-wing,30,5170,323.12371396
balanced,maximum-wing,30,5175,323.12371396
balanced,maximum-wing,30,5180,323.12371396
balanced,maximum-wing,30,5185,323.12371396
balanced,maximum-wing,30,5190,323.12371396
balanced,maximum-wing,30,5195,323.12371396
balanced,maximum-wing,30,5200,323.12371396
balanced,maximum-wing,30,5205,323.12371396
balanced,maximum-wing,30,5210,323.12371396
balanced,maximum-wing,30,5215,323.12371396
balanced,maximum-wing,30,5220,323.12371396
balanced,maximum-wing,30,5225,323.12371396
balanced,maximum-wing,30,5230,323.12371396
balanced,maximum-wing,30,5235,323.12371396
balanced,maximum-wing,30,5240,323.12371396
balanced,maximum-wing,30,5245,323.12371396
balanced,maximum-wing,30,5250,323.12371396
balanced,maximum-wing,30,5255,323.12371396
balanced,maximum-wing,30,5260,323.12371396
balanced,maximum-wing,30,5265,323.12371396
balanced,maximum-wing,30,5270,323.12371396
balanced,maximum-wing,30,5275,323.12371396
balanced,maximum-wing,30,5280,323.12371396
balanced,maximum-wing,30,5285,323.12371396
balanced,maximum-wing,30,5290,323.12371396
balanced,maximum-wing,30,5295,323.12371396
balanced,maximum-wing,30,5300,323.12371396
balanced,maximum-wing,30,5305,323.12371396
balanced,maximum-wing,30,5310,323.12371396
balanced,maximum-wing,30,5315,323.12371396
balanced,maximum-wing,30,5320,323.12371396
balanced,maximum-wing,30,5325,323.12371396
balanced,maximum-wing,30,5330,323.12371396
balanced,maximum-wing,30,5335,323.12371396
balanced,maximum-wing,30,5340,323.12371396
balanced,maximum-wing,30,5345,323.12371396
balanced,maximum-wing,30,5350,323.12371396
balanced,maximum-wing,30,5355,323.12371396
balanced,maximum-wing,30,5360,323.12371396
balanced,maximum-wing,30,5365,323.12371396
balanced,maximum-wing,30,5370,323.12371396
balanced,maximum-wing,30,5375,323.12371396
balanced,maximum-wing,30,5380,323.12371396
balanced,maximum-wing,30,5385,323.12371396
balanced,maximum-wing,30,5390,323.12371396
balanced,maximum-wing,30,5395,323.12371396
high_downforce,minimum-wing,0,0,186.091635849
high_downforce,minimum-wing,0,5,191.275607797
high_downforce,minimum-wing,0,10,196.127775524
high_downforce,minimum-wing,0,15,200.683121139
high_downforce,minimum-wing,0,20,204.971131321
high_downforce,minimum-wing,0,25,208.65700723
high_downforce,minimum-wing,0,30,212.211701604
high_downforce,minimum-wing,0,35,215.643475949
high_downforce,minimum-wing,0,40,218.959770071
high_downforce,minimum-wing,0,45,222.167313303
high_downforce,minimum-wing,0,50,225.272217021
high_downforce,minimum-wing,0,55,228.280052144
high_downforce,minimum-wing,0,60,231.195914515
high_downforce,minimum-wing,0,65,234.009076967
high_downforce,minimum-wing,0,70,236.723290066
high_downforce,minimum-wing,0,75,239.343895821
high_downforce,minimum-wing,0,80,241.875800903
high_downforce,minimum-wing,0,85,244.323525011
high_downforce,minimum-wing,0,90,246.691242518
high_downforce,minimum-wing,0,95,248.982818484
high_downforce,minimum-wing,0,100,251.201839965
high_downforce,minimum-wing,0,105,253.351643332
high_downforce,minimum-wing,0,110,255.435338213
high_downforce,minimum-wing,0,115,257.455828555
high_downforce,minimum-wing,0,120,259.415831224
high_downforce,minimum-wing,0,125,261.317892477
high_downforce,minimum-wing,0,130,263.164402609
high_downforce,minimum-wing,0,135,264.957609004
high_downforce,minimum-wing,0,140,266.528168654
high_downforce,minimum-wing,0,145,268.06750198
high_downforce,minimum-wing,0,150,269.576493162
high_downforce,minimum-wing,0,155,271.055989079
high_downforce,minimum-wing,0,160,272.506801509
high_downforce,minimum-wing,0,165,273.929709154
high_downforce,minimum-wing,0,170,275.32545952
high_downforce,minimum-wing,0,175,276.694770659
high_downforce,minimum-wing,0,180,278.038332783
high_downforce,minimum-wing,0,185,279.35680977
high_downforce,minimum-wing,0,190,280.650840562
high_downforce,minimum-wing,0,195,281.921040466
high_downforce,minimum-wing,0,200,283.168002373
high_downforce,minimum-wing,0,205,284.392297891
high_downforce,minimum-wing,0,210,285.594478408
high_downforce,minimum-wing,0,215,286.775076081
high_downforce,minimum-wing,0,220,287.934604773
high_downforce,minimum-wing,0,225,289.071410324
high_downforce,minimum-wing,0,230,290.1847063
high_downforce,minimum-wing,0,235,291.275113141
high_downforce,minimum-wing,0,240,292.343228786
high_downforce,minimum-wing,0,245,293.389629777
high_downforce,minimum-wing,0,250,294.41487231
high_downforce,minimum-wing,0,255,295.419493205
high_downforce,minimum-wing,0,260,296.404010826
high_downforce,minimum-wing,0,265,297.368925939
high_downforce,minimum-wing,0,270,298.314722524
high_downforce,minimum-wing,0,275,299.241868536
high_downforce,minimum-wing,0,280,300.150816617
high_downforce,minimum-wing,0,285,301.04200478
high_downforce,minimum-wing,0,290,301.91585704
high_downforce,minimum-wing,0,295,302.77278402
high_downforce,minimum-wing,0,300,303.613183515
high_downforce,minimum-wing,0,305,304.437441034
high_downforce,minimum-wing,0,310,305.245930305
high_downforce,minimum-wing,0,315,306.03901376
high_downforce,minimum-wing,0,320,306.817042988
high_downforce,minimum-wing,0,325,307.580359169
high_downforce,minimum-wing,0,330,308.329293485
high_downforce,minimum-wing,0,335,309.064167507
high_downforce,minimum-wing,0,340,309.785293568
high_downforce,minimum-wing,0,345,310.492975113
high_downforce,minimum-wing,0,350,311.187507035
high_downforce,minimum-wing,0,355,311.869175992
high_downforce,minimum-wing,0,360,312.53826071
high_downforce,minimum-wing,0,365,313.195032273
high_downforce,minimum-wing,0,370,313.839754397
high_downforce,minimum-wing,0,375,314.472683694
high_downforce,minimum-wing,0,380,315.094069922
high_downforce,minimum-wing,0,385,315.704156224
high_downforce,minimum-wing,0,390,316.303179356
high_downforce,minimum-wing,0,395,316.891369908
high_downforce,minimum-wing,0,400,317.468952508
high_downforce,minimum-wing,0,405,318.036146029
high_downforce,minimum-wing,0,410,318.593163771
high_downforce,minimum-wing,0,415,319.140213653
high_downforce,minimum-wing,0,420,319.677498382
high_downforce,minimum-wing,0,425,320.205215626
high_downforce,minimum-wing,0,430,320.723558169
high_downforce,minimum-wing,0,435,321.232714074
high_downforce,minimum-wing,0,440,321.732866822
high_downforce,minimum-wing,0,445,314.361776278
high_downforce,minimum-wing,0,450,304.913472494
high_downforce,minimum-wing,0,455,295.259125794
high_downforce,minimum-wing,0,460,285.376858649
high_downforce,minimum-wing,0,465,275.241129611
high_downforce,minimum-wing,0,470,264.821815686
high_downforce,minimum-wing,0,475,254.082977343
high_downforce,minimum-wing,0,480,242.981160989
high_downforce,minimum-wing,0,485,242.981160989
high_downforce,minimum-wing,0,490,242.981160989
high_downforce,minimum-wing,0,495,242.981160989
high_downforce,minimum-wing,0,500,242.981160989
high_downforce,minimum-wing,0,505,242.981160989
high_downforce,minimum-wing,0,510,242.981160989
high_downforce,minimum-wing,0,515,242.981160989
high_downforce,minimum-wing,0,520,242.981160989
high_downforce,minimum-wing,0,525,242.981160989
high_downforce,minimum-wing,0,530,242.981160989
high_downforce,minimum-wing,0,535,242.981160989
high_downforce,minimum-wing,0,540,242.981160989
high_downforce,minimum-wing,0,545,242.981160989
high_downforce,minimum-wing,0,550,242.981160989
high_downforce,minimum-wing,0,555,242.981160989
high_downforce,minimum-wing,0,560,242.981160989
high_downforce,minimum-wing,0,565,242.981160989
high_downforce,minimum-wing,0,570,242.981160989
high_downforce,minimum-wing,0,575,242.981160989
high_downforce,minimum-wing,0,580,242.981160989
high_downforce,minimum-wing,0,585,242.981160989
high_downforce,minimum-wing,0,590,242.981160989
high_downforce,minimum-wing,0,595,242.981160989
high_downforce,minimum-wing,0,600,242.981160989
high_downforce,minimum-wing,0,605,242.981160989
high_downforce,minimum-wing,0,610,242.981160989
high_downforce,minimum-wing,0,615,242.981160989
high_downforce,minimum-wing,0,620,242.981160989
high_downforce,minimum-wing,0,625,242.981160989
high_downforce,minimum-wing,0,630,242.981160989
high_downforce,minimum-wing,0,635,242.981160989
high_downforce,minimum-wing,0,640,242.981160989
high_downforce,minimum-wing,0,645,242.981160989
high_downforce,minimum-wing,0,650,242.981160989
high_downforce,minimum-wing,0,655,242.981160989
high_downforce,minimum-wing,0,660,242.981160989
high_downforce,minimum-wing,0,665,242.981160989
high_downforce,minimum-wing,0,670,242.981160989
high_downforce,minimum-wing,0,675,242.981160989
high_downforce,minimum-wing,0,680,242.981160989
high_downforce,minimum-wing,0,685,242.981160989
high_downforce,minimum-wing,0,690,242.981160989
high_downforce,minimum-wing,0,695,242.981160989
high_downforce,minimum-wing,0,700,242.981160989
high_downforce,minimum-wing,0,705,242.981160989
high_downforce,minimum-wing,0,710,242.981160989
high_downforce,minimum-wing,0,715,242.981160989
high_downforce,minimum-wing,0,720,242.981160989
high_downforce,minimum-wing,0,725,242.981160989
high_downforce,minimum-wing,0,730,242.981160989
high_downforce,minimum-wing,0,735,242.981160989
high_downforce,minimum-wing,0,740,242.981160989
high_downforce,minimum-wing,0,745,242.981160989
high_downforce,minimum-wing,0,750,242.981160989
high_downforce,minimum-wing,0,755,242.981160989
high_downforce,minimum-wing,0,760,242.981160989
high_downforce,minimum-wing,0,765,242.981160989
high_downforce,minimum-wing,0,770,242.981160989
high_downforce,minimum-wing,0,775,242.981160989
high_downforce,minimum-wing,0,780,242.981160989
high_downforce,minimum-wing,0,785,245.387412298
high_downforce,minimum-wing,0,790,247.715637961
high_downforce,minimum-wing,0,795,249.969560639
high_downforce,minimum-wing,0,800,252.152639036
high_downforce,minimum-wing,0,805,254.268093474
high_downforce,minimum-wing,0,810,256.318928348
high_downforce,minimum-wing,0,815,258.307949228
high_downforce,minimum-wing,0,820,260.237759561
high_downforce,minimum-wing,0,825,262.054186051
high_downforce,minimum-wing,0,830,263.710611158
high_downforce,minimum-wing,0,835,265.202404295
high_downforce,minimum-wing,0,840,266.524499372
high_downforce,minimum-wing,0,845,267.67128534
high_downforce,minimum-wing,0,850,268.636447387
high_downforce,minimum-wing,0,855,269.412729785
high_downforce,minimum-wing,0,860,267.718461686
high_downforce,minimum-wing,0,865,262.889008841
high_downforce,minimum-wing,0,870,258.365763475
high_downforce,minimum-wing,0,875,254.210011449
high_downforce,minimum-wing,0,880,250.516622947
high_downforce,minimum-wing,0,885,247.48844148
high_downforce,minimum-wing,0,890,245.89245535
high_downforce,minimum-wing,0,895,244.396256615
high_downforce,minimum-wing,0,900,242.890841525
high_downforce,minimum-wing,0,905,241.376037638
high_downforce,minimum-wing,0,910,239.851667067
high_downforce,minimum-wing,0,915,238.336175273
high_downforce,minimum-wing,0,920,236.84492716
high_downforce,minimum-wing,0,925,235.376899674
high_downforce,minimum-wing,0,930,233.931129996
high_downforce,minimum-wing,0,935,232.50671091
high_downforce,minimum-wing,0,940,231.1027866
high_downforce,minimum-wing,0,945,229.718548836
high_downforce,minimum-wing,0,950,228.353233497
high_downforce,minimum-wing,0,955,227.00611741
high_downforce,minimum-wing,0,960,225.676515456
high_downforce,minimum-wing,0,965,224.363777926
high_downforce,minimum-wing,0,970,223.067288104
high_downforce,minimum-wing,0,975,221.786460044
high_downforce,minimum-wing,0,980,220.520736534
high_downforce,minimum-wing,0,985,219.269587221
high_downforce,minimum-wing,0,990,218.032506883
high_downforce,minimum-wing,0,995,216.23328911
high_downforce,minimum-wing,0,1000,214.770629148
high_downforce,minimum-wing,0,1005,213.546711649
high_downforce,minimum-wing,0,1010,212.385323607
high_downforce,minimum-wing,0,1015,211.297171766
high_downforce,minimum-wing,0,1020,210.214208352
high_downforce,minimum-wing,0,1025,209.136236391
high_downforce,minimum-wing,0,1030,208.063229993
high_downforce,minimum-wing,0,1035,206.995163383
high_downforce,minimum-wing,0,1040,205.932010901
high_downforce,minimum-wing,0,1045,204.873746997
high_downforce,minimum-wing,0,1050,203.820346238
high_downforce,minimum-wing,0,1055,202.771783299
high_downforce,minimum-wing,0,1060,201.728032968
high_downforce,minimum-wing,0,1065,200.689070146
high_downforce,minimum-wing,0,1070,199.65486984
high_downforce,minimum-wing,0,1075,198.625407168
high_downforce,minimum-wing,0,1080,197.600657358
high_downforce,minimum-wing,0,1085,196.580595744
high_downforce,minimum-wing,0,1090,195.565197768
high_downforce,minimum-wing,0,1095,194.55443898
high_downforce,minimum-wing,0,1100,193.548295034
high_downforce,minimum-wing,0,1105,192.546741692
high_downforce,minimum-wing,0,1110,191.549754816
high_downforce,minimum-wing,0,1115,190.557310378
high_downforce,minimum-wing,0,1120,189.56938445
high_downforce,minimum-wing,0,1125,188.585953206
high_downforce,minimum-wing,0,1130,187.606992925
high_downforce,minimum-wing,0,1135,186.632479985
high_downforce,minimum-wing,0,1140,186.632479985
high_downforce,minimum-wing,0,1145,191.807614091
high_downforce,minimum-wing,0,1150,196.652448462
high_downforce,minimum-wing,0,1155,201.201718338
high_downforce,minimum-wing,0,1160,205.484697826
high_downforce,minimum-wing,0,1165,209.17636105
high_downforce,minimum-wing,0,1170,212.736773561
high_downforce,minimum-wing,0,1175,216.174192847
high_downforce,minimum-wing,0,1180,219.496055865
high_downforce,minimum-wing,0,1185,222.709090016
high_downforce,minimum-wing,0,1190,225.819405464
high_downforce,minimum-wing,0,1195,228.832572477
high_downforce,minimum-wing,0,1200,231.752362756
high_downforce,minimum-wing,0,1205,234.567463016
high_downforce,minimum-wing,0,1210,237.283692352
high_downforce,minimum-wing,0,1215,239.906380065
high_downforce,minimum-wing,0,1220,242.440421833
high_downforce,minimum-wing,0,1225,244.890327817
high_downforce,minimum-wing,0,1230,247.260264085
high_downforce,minimum-wing,0,1235,249.554088454
high_downforce,minimum-wing,0,1240,251.775381643
high_downforce,minimum-wing,0,1245,253.927474465
high_downforce,minimum-wing,0,1250,256.013471667
high_downforce,minimum-wing,0,1255,258.036272904
high_downforce,minimum-wing,0,1260,259.998591259
high_downforce,minimum-wing,0,1265,261.902969653
high_downforce,minimum-wing,0,1270,263.751795434
high_downforce,minimum-wing,0,1275,265.547313384
high_downforce,minimum-wing,0,1280,267.125144134
high_downforce,minimum-wing,0,1285,268.671597997
high_downforce,minimum-wing,0,1290,270.187564172
high_downforce,minimum-wing,0,1295,271.673894301
high_downforce,minimum-wing,0,1300,273.131404684
high_downforce,minimum-wing,0,1305,274.560878319
high_downforce,minimum-wing,0,1310,275.963066802
high_downforce,minimum-wing,0,1315,277.338692077
high_downforce,minimum-wing,0,1320,278.688448068
high_downforce,minimum-wing,0,1325,280.013002193
high_downforce,minimum-wing,0,1330,281.312996775
high_downforce,minimum-wing,0,1335,282.589050352
high_downforce,minimum-wing,0,1340,283.841758905
high_downforce,minimum-wing,0,1345,285.071696998
high_downforce,minimum-wing,0,1350,286.279418851
high_downforce,minimum-wing,0,1355,287.465459338
high_downforce,minimum-wing,0,1360,288.629617862
high_downforce,minimum-wing,0,1365,289.769574565
high_downforce,minimum-wing,0,1370,290.8859745
high_downforce,minimum-wing,0,1375,291.979439001
high_downforce,minimum-wing,0,1380,293.050566876
high_downforce,minimum-wing,0,1385,294.099935515
high_downforce,minimum-wing,0,1390,295.12810194
high_downforce,minimum-wing,0,1395,296.135603774
high_downforce,minimum-wing,0,1400,297.122960164
high_downforce,minimum-wing,0,1405,298.090672638
high_downforce,minimum-wing,0,1410,299.039225922
high_downforce,minimum-wing,0,1415,299.969088693
high_downforce,minimum-wing,0,1420,300.880714303
high_downforce,minimum-wing,0,1425,301.774541454
high_downforce,minimum-wing,0,1430,302.650994834
high_downforce,minimum-wing,0,1435,303.510485722
high_downforce,minimum-wing,0,1440,304.353412555
high_downforce,minimum-wing,0,1445,305.180161468
high_downforce,minimum-wing,0,1450,305.991106802
high_downforce,minimum-wing,0,1455,306.786611584
high_downforce,minimum-wing,0,1460,307.567027987
high_downforce,minimum-wing,0,1465,308.332697762
high_downforce,minimum-wing,0,1470,309.083952648
high_downforce,minimum-wing,0,1475,309.821114762
high_downforce,minimum-wing,0,1480,310.544496968
high_downforce,minimum-wing,0,1485,311.254403235
high_downforce,minimum-wing,0,1490,311.951128963
high_downforce,minimum-wing,0,1495,312.634961311
high_downforce,minimum-wing,0,1500,313.306179491
high_downforce,minimum-wing,0,1505,313.965055066
high_downforce,minimum-wing,0,1510,314.611852221
high_downforce,minimum-wing,0,1515,315.246828025
high_downforce,minimum-wing,0,1520,315.870232684
high_downforce,minimum-wing,0,1525,316.482309781
high_downforce,minimum-wing,0,1530,317.083296503
high_downforce,minimum-wing,0,1535,317.673423861
high_downforce,minimum-wing,0,1540,318.252916897
high_downforce,minimum-wing,0,1545,318.821994887
high_downforce,minimum-wing,0,1550,319.38087153
high_downforce,minimum-wing,0,1555,319.929755134
high_downforce,minimum-wing,0,1560,320.468848789
high_downforce,minimum-wing,0,1565,320.98845411
high_downforce,minimum-wing,0,1570,321.498851847
high_downforce,minimum-wing,0,1575,322.000225906
high_downforce,minimum-wing,0,1580,322.49275575
high_downforce,minimum-wing,0,1585,322.97661653
high_downforce,minimum-wing,0,1590,323.451979222
high_downforce,minimum-wing,0,1595,323.919010747
high_downforce,minimum-wing,0,1600,324.3778741
high_downforce,minimum-wing,0,1605,324.828728463
high_downforce,minimum-wing,0,1610,325.271729317
high_downforce,minimum-wing,0,1615,325.707028553
high_downforce,minimum-wing,0,1620,326.134774576
high_downforce,minimum-wing,0,1625,326.555112402
high_downforce,minimum-wing,0,1630,326.968183761
high_downforce,minimum-wing,0,1635,327.374127184
high_downforce,minimum-wing,0,1640,327.773078097
high_downforce,minimum-wing,0,1645,328.165168907
high_downforce,minimum-wing,0,1650,328.550529084
high_downforce,minimum-wing,0,1655,328.929285246
high_downforce,minimum-wing,0,1660,329.30156123
high_downforce,minimum-wing,0,1665,329.667478176
high_downforce,minimum-wing,0,1670,330.027154591
high_downforce,minimum-wing,0,1675,330.380706427
high_downforce,minimum-wing,0,1680,330.728247141
high_downforce,minimum-wing,0,1685,331.06988777
high_downforce,minimum-wing,0,1690,331.405736985
high_downforce,minimum-wing,0,1695,331.735901159
high_downforce,minimum-wing,0,1700,331.979542529
high_downforce,minimum-wing,0,1705,332.220059617
high_downforce,minimum-wing,0,1710,332.457495248
high_downforce,minimum-wing,0,1715,332.691891586
high_downforce,minimum-wing,0,1720,332.923290149
high_downforce,minimum-wing,0,1725,333.151731815
high_downforce,minimum-wing,0,1730,333.37725684
high_downforce,minimum-wing,0,1735,333.599904865
high_downforce,minimum-wing,0,1740,333.819714929
high_downforce,minimum-wing,0,1745,334.03672548
high_downforce,minimum-wing,0,1750,334.250974383
high_downforce,minimum-wing,0,1755,334.462498936
high_downforce,minimum-wing,0,1760,334.671335874
high_downforce,minimum-wing,0,1765,334.877521382
high_downforce,minimum-wing,0,1770,335.081091104
high_downforce,minimum-wing,0,1775,335.282080155
high_downforce,minimum-wing,0,1780,335.480523126
high_downforce,minimum-wing,0,1785,335.676454095
high_downforce,minimum-wing,0,1790,335.869906637
high_downforce,minimum-wing,0,1795,336.060913833
high_downforce,minimum-wing,0,1800,336.249508275
high_downforce,minimum-wing,0,1805,336.435722079
high_downforce,minimum-wing,0,1810,336.619586888
high_downforce,minimum-wing,0,1815,336.801133887
high_downforce,minimum-wing,0,1820,336.980393803
high_downforce,minimum-wing,0,1825,337.157396918
high_downforce,minimum-wing,0,1830,337.332173076
high_downforce,minimum-wing,0,1835,337.504751687
high_downforce,minimum-wing,0,1840,337.675161739
high_downforce,minimum-wing,0,1845,337.843431801
high_downforce,minimum-wing,0,1850,338.009590032
high_downforce,minimum-wing,0,1855,338.173664187
high_downforce,minimum-wing,0,1860,338.335681624
high_downforce,minimum-wing,0,1865,338.495669313
high_downforce,minimum-wing,0,1870,338.653653835
high_downforce,minimum-wing,0,1875,338.809661398
high_downforce,minimum-wing,0,1880,338.963717836
high_downforce,minimum-wing,0,1885,339.115848616
high_downforce,minimum-wing,0,1890,339.266078849
high_downforce,minimum-wing,0,1895,334.490615509
high_downforce,minimum-wing,0,1900,328.084565156
high_downforce,minimum-wing,0,1905,321.668640113
high_downforce,minimum-wing,0,1910,315.246376622
high_downforce,minimum-wing,0,1915,308.821948624
high_downforce,minimum-wing,0,1920,302.400290827
high_downforce,minimum-wing,0,1925,295.987250186
high_downforce,minimum-wing,0,1930,289.589773981
high_downforce,minimum-wing,0,1935,283.216145705
high_downforce,minimum-wing,0,1940,276.876284501
high_downforce,minimum-wing,0,1945,270.581228581
high_downforce,minimum-wing,0,1950,264.339997666
high_downforce,minimum-wing,0,1955,258.16652869
high_downforce,minimum-wing,0,1960,252.07976657
high_downforce,minimum-wing,0,1965,246.10324767
high_downforce,minimum-wing,0,1970,240.266679256
high_downforce,minimum-wing,0,1975,234.608400574
high_downforce,minimum-wing,0,1980,229.179555581
high_downforce,minimum-wing,0,1985,224.052102942
high_downforce,minimum-wing,0,1990,219.337549154
high_downforce,minimum-wing,0,1995,215.250792821
high_downforce,minimum-wing,0,2000,212.576844237
high_downforce,minimum-wing,0,2005,209.869435292
high_downforce,minimum-wing,0,2010,207.126640087
high_downforce,minimum-wing,0,2015,204.347033739
high_downforce,minimum-wing,0,2020,201.529093091
high_downforce,minimum-wing,0,2025,198.671186956
high_downforce,minimum-wing,0,2030,195.771565071
high_downforce,minimum-wing,0,2035,192.828345568
high_downforce,minimum-wing,0,2040,189.839500681
high_downforce,minimum-wing,0,2045,186.802840404
high_downforce,minimum-wing,0,2050,183.715993716
high_downforce,minimum-wing,0,2055,180.576386915
high_downforce,minimum-wing,0,2060,177.41866859
high_downforce,minimum-wing,0,2065,174.242801583
high_downforce,minimum-wing,0,2070,171.046865266
high_downforce,minimum-wing,0,2075,167.828816093
high_downforce,minimum-wing,0,2080,164.586471769
high_downforce,minimum-wing,0,2085,164.586471769
high_downforce,minimum-wing,0,2090,164.586471769
high_downforce,minimum-wing,0,2095,164.586471769
high_downforce,minimum-wing,0,2100,164.586471769
high_downforce,minimum-wing,0,2105,164.586471769
high_downforce,minimum-wing,0,2110,164.586471769
high_downforce,minimum-wing,0,2115,164.586471769
high_downforce,minimum-wing,0,2120,164.586471769
high_downforce,minimum-wing,0,2125,164.586471769
high_downforce,minimum-wing,0,2130,164.586471769
high_downforce,minimum-wing,0,2135,164.586471769
high_downforce,minimum-wing,0,2140,164.586471769
high_downforce,minimum-wing,0,2145,164.586471769
high_downforce,minimum-wing,0,2150,164.586471769
high_downforce,minimum-wing,0,2155,164.586471769
high_downforce,minimum-wing,0,2160,164.586471769
high_downforce,minimum-wing,0,2165,164.586471769
high_downforce,minimum-wing,0,2170,164.586471769
high_downforce,minimum-wing,0,2175,164.586471769
high_downforce,minimum-wing,0,2180,164.586471769
high_downforce,minimum-wing,0,2185,164.586471769
high_downforce,minimum-wing,0,2190,164.586471769
high_downforce,minimum-wing,0,2195,164.586471769
high_downforce,minimum-wing,0,2200,164.586471769
high_downforce,minimum-wing,0,2205,164.586471769
high_downforce,minimum-wing,0,2210,164.586471769
high_downforce,minimum-wing,0,2215,164.586471769
high_downforce,minimum-wing,0,2220,164.586471769
high_downforce,minimum-wing,0,2225,164.586471769
high_downforce,minimum-wing,0,2230,164.586471769
high_downforce,minimum-wing,0,2235,164.586471769
high_downforce,minimum-wing,0,2240,164.586471769
high_downforce,minimum-wing,0,2245,164.586471769
high_downforce,minimum-wing,0,2250,164.586471769
high_downforce,minimum-wing,0,2255,164.586471769
high_downforce,minimum-wing,0,2260,164.586471769
high_downforce,minimum-wing,0,2265,164.586471769
high_downforce,minimum-wing,0,2270,164.586471769
high_downforce,minimum-wing,0,2275,164.586471769
high_downforce,minimum-wing,0,2280,164.586471769
high_downforce,minimum-wing,0,2285,164.586471769
high_downforce,minimum-wing,0,2290,164.586471769
high_downforce,minimum-wing,0,2295,164.586471769
high_downforce,minimum-wing,0,2300,164.586471769
high_downforce,minimum-wing,0,2305,164.586471769
high_downforce,minimum-wing,0,2310,164.586471769
high_downforce,minimum-wing,0,2315,164.586471769
high_downforce,minimum-wing,0,2320,164.586471769
high_downforce,minimum-wing,0,2325,164.586471769
high_downforce,minimum-wing,0,2330,164.586471769
high_downforce,minimum-wing,0,2335,164.586471769
high_downforce,minimum-wing,0,2340,164.586471769
high_downforce,minimum-wing,0,2345,170.315064508
high_downforce,minimum-wing,0,2350,175.94350593
high_downforce,minimum-wing,0,2355,181.482136984
high_downforce,minimum-wing,0,2360,186.939942817
high_downforce,minimum-wing,0,2365,192.0718586
high_downforce,minimum-wing,0,2370,196.877651034
high_downforce,minimum-wing,0,2375,201.391405659
high_downforce,minimum-wing,0,2380,205.641883515
high_downforce,minimum-wing,0,2385,209.306631616
high_downforce,minimum-wing,0,2390,212.841588884
high_downforce,minimum-wing,0,2395,216.254874767
high_downforce,minimum-wing,0,2400,219.55380663
high_downforce,minimum-wing,0,2405,222.745007624
high_downforce,minimum-wing,0,2410,225.834496516
high_downforce,minimum-wing,0,2415,228.827763039
high_downforce,minimum-wing,0,2420,231.728536395
high_downforce,minimum-wing,0,2425,234.525519675
high_downforce,minimum-wing,0,2430,237.224460963
high_downforce,minimum-wing,0,2435,239.830626537
high_downforce,minimum-wing,0,2440,242.348855893
high_downforce,minimum-wing,0,2445,244.783608915
high_downforce,minimum-wing,0,2450,247.139006501
high_downforce,minimum-wing,0,2455,249.418865743
high_downforce,minimum-wing,0,2460,251.626730522
high_downforce,minimum-wing,0,2465,253.765898224
high_downforce,minimum-wing,0,2470,255.839443173
high_downforce,minimum-wing,0,2475,257.85023726
high_downforce,minimum-wing,0,2480,259.800968159
high_downforce,minimum-wing,0,2485,261.694155487
high_downforce,minimum-wing,0,2490,263.53216516
high_downforce,minimum-wing,0,2495,265.31722221
high_downforce,minimum-wing,0,2500,266.882988225
high_downforce,minimum-wing,0,2505,268.417671551
high_downforce,minimum-wing,0,2510,269.92215009
high_downforce,minimum-wing,0,2515,271.397264825
high_downforce,minimum-wing,0,2520,272.843821981
high_downforce,minimum-wing,0,2525,274.26259503
high_downforce,minimum-wing,0,2530,275.654326548
high_downforce,minimum-wing,0,2535,277.01972993
high_downforce,minimum-wing,0,2540,278.359490991
high_downforce,minimum-wing,0,2545,279.67426945
high_downforce,minimum-wing,0,2550,280.96470031
high_downforce,minimum-wing,0,2555,282.231395149
high_downforce,minimum-wing,0,2560,283.47494332
high_downforce,minimum-wing,0,2565,284.695913074
high_downforce,minimum-wing,0,2570,285.894852611
high_downforce,minimum-wing,0,2575,287.072291057
high_downforce,minimum-wing,0,2580,288.228739392
high_downforce,minimum-wing,0,2585,289.361644322
high_downforce,minimum-wing,0,2590,290.471147587
high_downforce,minimum-wing,0,2595,291.55786559
high_downforce,minimum-wing,0,2600,292.622392429
high_downforce,minimum-wing,0,2605,293.665301005
high_downforce,minimum-wing,0,2610,294.687144044
high_downforce,minimum-wing,0,2615,295.688455066
high_downforce,minimum-wing,0,2620,296.669749293
high_downforce,minimum-wing,0,2625,297.631524494
high_downforce,minimum-wing,0,2630,298.574261792
high_downforce,minimum-wing,0,2635,299.498426414
high_downforce,minimum-wing,0,2640,300.4044684
high_downforce,minimum-wing,0,2645,301.292823273
high_downforce,minimum-wing,0,2650,302.16391267
high_downforce,minimum-wing,0,2655,303.018144936
high_downforce,minimum-wing,0,2660,303.85591569
high_downforce,minimum-wing,0,2665,304.677608351
high_downforce,minimum-wing,0,2670,305.483594651
high_downforce,minimum-wing,0,2675,306.274235102
high_downforce,minimum-wing,0,2680,307.049879456
high_downforce,minimum-wing,0,2685,307.810867127
high_downforce,minimum-wing,0,2690,308.557527603
high_downforce,minimum-wing,0,2695,309.290180826
high_downforce,minimum-wing,0,2700,310.009137566
high_downforce,minimum-wing,0,2705,310.714699764
high_downforce,minimum-wing,0,2710,311.407160864
high_downforce,minimum-wing,0,2715,312.086806132
high_downforce,minimum-wing,0,2720,312.753912953
high_downforce,minimum-wing,0,2725,313.408751121
high_downforce,minimum-wing,0,2730,314.051583108
high_downforce,minimum-wing,0,2735,314.682664325
high_downforce,minimum-wing,0,2740,315.302243375
high_downforce,minimum-wing,0,2745,315.910562286
high_downforce,minimum-wing,0,2750,316.507856736
high_downforce,minimum-wing,0,2755,317.094356276
high_downforce,minimum-wing,0,2760,317.670284533
high_downforce,minimum-wing,0,2765,318.235859408
high_downforce,minimum-wing,0,2770,318.791293266
high_downforce,minimum-wing,0,2775,319.33679312
high_downforce,minimum-wing,0,2780,319.872560802
high_downforce,minimum-wing,0,2785,320.398793133
high_downforce,minimum-wing,0,2790,320.91568208
high_downforce,minimum-wing,0,2795,321.42341491
high_downforce,minimum-wing,0,2800,321.922174338
high_downforce,minimum-wing,0,2805,322.412138671
high_downforce,minimum-wing,0,2810,322.893481936
high_downforce,minimum-wing,0,2815,323.366374021
high_downforce,minimum-wing,0,2820,323.830980789
high_downforce,minimum-wing,0,2825,324.28746421
high_downforce,minimum-wing,0,2830,324.735982466
high_downforce,minimum-wing,0,2835,325.176690072
high_downforce,minimum-wing,0,2840,325.609737978
high_downforce,minimum-wing,0,2845,326.035273671
high_downforce,minimum-wing,0,2850,326.45344128
high_downforce,minimum-wing,0,2855,326.864381668
high_downforce,minimum-wing,0,2860,327.268232526
high_downforce,minimum-wing,0,2865,327.65349548
high_downforce,minimum-wing,0,2870,328.032148374
high_downforce,minimum-wing,0,2875,328.404315322
high_downforce,minimum-wing,0,2880,328.77011773
high_downforce,minimum-wing,0,2885,329.129674362
high_downforce,minimum-wing,0,2890,329.483101417
high_downforce,minimum-wing,0,2895,329.830512591
high_downforce,minimum-wing,0,2900,330.17201915
high_downforce,minimum-wing,0,2905,330.507729987
high_downforce,minimum-wing,0,2910,330.837751688
high_downforce,minimum-wing,0,2915,331.16218859
high_downforce,minimum-wing,0,2920,331.48114284
high_downforce,minimum-wing,0,2925,331.712733023
high_downforce,minimum-wing,0,2930,331.94136114
high_downforce,minimum-wing,0,2935,332.167067564
high_downforce,minimum-wing,0,2940,332.389892051
high_downforce,minimum-wing,0,2945,332.609873752
high_downforce,minimum-wing,0,2950,332.827051223
high_downforce,minimum-wing,0,2955,333.04146244
high_downforce,minimum-wing,0,2960,333.253144801
high_downforce,minimum-wing,0,2965,333.462135145
high_downforce,minimum-wing,0,2970,333.668469758
high_downforce,minimum-wing,0,2975,333.87218438
high_downforce,minimum-wing,0,2980,334.073314221
high_downforce,minimum-wing,0,2985,334.271893966
high_downforce,minimum-wing,0,2990,334.467957783
high_downforce,minimum-wing,0,2995,334.661539338
high_downforce,minimum-wing,0,3000,334.852671795
high_downforce,minimum-wing,0,3005,334.679780794
high_downforce,minimum-wing,0,3010,329.784058336
high_downforce,minimum-wing,0,3015,325.078648726
high_downforce,minimum-wing,0,3020,320.599786706
high_downforce,minimum-wing,0,3025,316.395526447
high_downforce,minimum-wing,0,3030,312.534670531
high_downforce,minimum-wing,0,3035,309.131121867
high_downforce,minimum-wing,0,3040,306.46220774
high_downforce,minimum-wing,0,3045,304.635762417
high_downforce,minimum-wing,0,3050,302.79833401
high_downforce,minimum-wing,0,3055,300.949687514
high_downforce,minimum-wing,0,3060,299.089614916
high_downforce,minimum-wing,0,3065,297.217901691
high_downforce,minimum-wing,0,3070,295.334326521
high_downforce,minimum-wing,0,3075,293.438660979
high_downforce,minimum-wing,0,3080,291.539108847
high_downforce,minimum-wing,0,3085,289.661330617
high_downforce,minimum-wing,0,3090,287.804578697
high_downforce,minimum-wing,0,3095,285.9681384
high_downforce,minimum-wing,0,3100,284.15132601
high_downforce,minimum-wing,0,3105,282.353486984
high_downforce,minimum-wing,0,3110,280.573994281
high_downforce,minimum-wing,0,3115,278.812246798
high_downforce,minimum-wing,0,3120,277.067667919
high_downforce,minimum-wing,0,3125,275.339704155
high_downforce,minimum-wing,0,3130,273.627823874
high_downforce,minimum-wing,0,3135,271.931516115
high_downforce,minimum-wing,0,3140,270.250289476
high_downforce,minimum-wing,0,3145,268.583671075
high_downforce,minimum-wing,0,3150,266.931205572
high_downforce,minimum-wing,0,3155,265.292454254
high_downforce,minimum-wing,0,3160,263.666994175
high_downforce,minimum-wing,0,3165,262.054417348
high_downforce,minimum-wing,0,3170,260.454329987
high_downforce,minimum-wing,0,3175,258.866351788
high_downforce,minimum-wing,0,3180,257.290115259
high_downforce,minimum-wing,0,3185,255.725265082
high_downforce,minimum-wing,0,3190,254.171457516
high_downforce,minimum-wing,0,3195,252.628359829
high_downforce,minimum-wing,0,3200,251.095649766
high_downforce,minimum-wing,0,3205,249.573015044
high_downforce,minimum-wing,0,3210,248.060152871
high_downforce,minimum-wing,0,3215,246.556769494
high_downforce,minimum-wing,0,3220,245.062579775
high_downforce,minimum-wing,0,3225,243.577306777
high_downforce,minimum-wing,0,3230,242.100681383
high_downforce,minimum-wing,0,3235,240.632441927
high_downforce,minimum-wing,0,3240,239.172333848
high_downforce,minimum-wing,0,3245,237.720109355
high_downforce,minimum-wing,0,3250,236.275527114
high_downforce,minimum-wing,0,3255,234.838351947
high_downforce,minimum-wing,0,3260,233.408354546
high_downforce,minimum-wing,0,3265,231.985311198
high_downforce,minimum-wing,0,3270,230.569003524
high_downforce,minimum-wing,0,3275,229.159218233
high_downforce,minimum-wing,0,3280,227.755746876
high_downforce,minimum-wing,0,3285,226.358385624
high_downforce,minimum-wing,0,3290,224.966935046
high_downforce,minimum-wing,0,3295,223.581199899
high_downforce,minimum-wing,0,3300,222.200988925
high_downforce,minimum-wing,0,3305,220.826114659
high_downforce,minimum-wing,0,3310,219.456393242
high_downforce,minimum-wing,0,3315,219.456393242
high_downforce,minimum-wing,0,3320,219.456393242
high_downforce,minimum-wing,0,3325,219.456393242
high_downforce,minimum-wing,0,3330,219.456393242
high_downforce,minimum-wing,0,3335,219.456393242
high_downforce,minimum-wing,0,3340,219.456393242
high_downforce,minimum-wing,0,3345,219.456393242
high_downforce,minimum-wing,0,3350,219.456393242
high_downforce,minimum-wing,0,3355,219.456393242
high_downforce,minimum-wing,0,3360,219.456393242
high_downforce,minimum-wing,0,3365,219.456393242
high_downforce,minimum-wing,0,3370,219.48265822
high_downforce,minimum-wing,0,3375,219.671609251
high_downforce,minimum-wing,0,3380,219.989851002
high_downforce,minimum-wing,0,3385,220.415214697
high_downforce,minimum-wing,0,3390,220.931793551
high_downforce,minimum-wing,0,3395,221.527600985
high_downforce,minimum-wing,0,3400,222.193296962
high_downforce,minimum-wing,0,3405,222.921425856
high_downforce,minimum-wing,0,3410,223.70592787
high_downforce,minimum-wing,0,3415,224.541809073
high_downforce,minimum-wing,0,3420,225.424909273
high_downforce,minimum-wing,0,3425,226.351733278
high_downforce,minimum-wing,0,3430,227.319324901
high_downforce,minimum-wing,0,3435,228.325170758
high_downforce,minimum-wing,0,3440,229.367125411
high_downforce,minimum-wing,0,3445,230.443352185
high_downforce,minimum-wing,0,3450,231.552275725
high_downforce,minimum-wing,0,3455,232.692543505
high_downforce,minimum-wing,0,3460,233.862994269
high_downforce,minimum-wing,0,3465,235.062631923
high_downforce,minimum-wing,0,3470,236.29060375
high_downforce,minimum-wing,0,3475,237.546182108
high_downforce,minimum-wing,0,3480,238.828748954
high_downforce,minimum-wing,0,3485,240.137782673
high_downforce,minimum-wing,0,3490,241.472846816
high_downforce,minimum-wing,0,3495,242.833580423
high_downforce,minimum-wing,0,3500,244.21968967
high_downforce,minimum-wing,0,3505,245.630940626
high_downforce,minimum-wing,0,3510,247.067152961
high_downforce,minimum-wing,0,3515,248.528194445
high_downforce,minimum-wing,0,3520,250.01397613
high_downforce,minimum-wing,0,3525,251.524448126
high_downforce,minimum-wing,0,3530,253.05959587
high_downforce,minimum-wing,0,3535,254.619436833
high_downforce,minimum-wing,0,3540,256.204017604
high_downforce,minimum-wing,0,3545,257.813411295
high_downforce,minimum-wing,0,3550,259.447715235
high_downforce,minimum-wing,0,3555,261.107048909
high_downforce,minimum-wing,0,3560,262.791552109
high_downforce,minimum-wing,0,3565,264.501383282
high_downforce,minimum-wing,0,3570,266.090615924
high_downforce,minimum-wing,0,3575,267.648116404
high_downforce,minimum-wing,0,3580,269.17478982
high_downforce,minimum-wing,0,3585,270.671502748
high_downforce,minimum-wing,0,3590,272.139085525
high_downforce,minimum-wing,0,3595,273.578334363
high_downforce,minimum-wing,0,3600,274.990013305
high_downforce,minimum-wing,0,3605,276.374856036
high_downforce,minimum-wing,0,3610,277.73356756
high_downforce,minimum-wing,0,3615,279.06682577
high_downforce,minimum-wing,0,3620,280.375282891
high_downforce,minimum-wing,0,3625,281.655055464
high_downforce,minimum-wing,0,3630,282.911362276
high_downforce,minimum-wing,0,3635,284.144782856
high_downforce,minimum-wing,0,3640,285.355876125
high_downforce,minimum-wing,0,3645,286.545181412
high_downforce,minimum-wing,0,3650,287.713219408
high_downforce,minimum-wing,0,3655,288.859018369
high_downforce,minimum-wing,0,3660,289.981077927
high_downforce,minimum-wing,0,3665,291.080026729
high_downforce,minimum-wing,0,3670,292.15647051
high_downforce,minimum-wing,0,3675,293.210993238
high_downforce,minimum-wing,0,3680,294.244158174
high_downforce,minimum-wing,0,3685,295.256508872
high_downforce,minimum-wing,0,3690,296.248570117
high_downforce,minimum-wing,0,3695,297.220848804
high_downforce,minimum-wing,0,3700,298.173834762
high_downforce,minimum-wing,0,3705,299.108001537
high_downforce,minimum-wing,0,3710,300.023807116
high_downforce,minimum-wing,0,3715,300.921694625
high_downforce,minimum-wing,0,3720,301.802092976
high_downforce,minimum-wing,0,3725,302.665417478
high_downforce,minimum-wing,0,3730,303.512070421
high_downforce,minimum-wing,0,3735,304.342441623
high_downforce,minimum-wing,0,3740,305.156908946
high_downforce,minimum-wing,0,3745,305.955838791
high_downforce,minimum-wing,0,3750,306.739586557
high_downforce,minimum-wing,0,3755,307.508497089
high_downforce,minimum-wing,0,3760,308.262905088
high_downforce,minimum-wing,0,3765,309.003135512
high_downforce,minimum-wing,0,3770,309.729503955
high_downforce,minimum-wing,0,3775,310.442316998
high_downforce,minimum-wing,0,3780,311.141872557
high_downforce,minimum-wing,0,3785,311.8284602
high_downforce,minimum-wing,0,3790,312.502361462
high_downforce,minimum-wing,0,3795,313.163850133
high_downforce,minimum-wing,0,3800,313.813192541
high_downforce,minimum-wing,0,3805,314.450647819
high_downforce,minimum-wing,0,3810,315.076468158
high_downforce,minimum-wing,0,3815,315.690899052
high_downforce,minimum-wing,0,3820,316.294179529
high_downforce,minimum-wing,0,3825,316.886542372
high_downforce,minimum-wing,0,3830,317.468214334
high_downforce,minimum-wing,0,3835,318.039416339
high_downforce,minimum-wing,0,3840,318.600363676
high_downforce,minimum-wing,0,3845,319.151266185
high_downforce,minimum-wing,0,3850,319.692328436
high_downforce,minimum-wing,0,3855,320.223749898
high_downforce,minimum-wing,0,3860,320.745725104
high_downforce,minimum-wing,0,3865,321.258443808
high_downforce,minimum-wing,0,3870,321.762091132
high_downforce,minimum-wing,0,3875,322.256847717
high_downforce,minimum-wing,0,3880,322.742889855
high_downforce,minimum-wing,0,3885,323.220389625
high_downforce,minimum-wing,0,3890,323.689515024
high_downforce,minimum-wing,0,3895,324.150430083
high_downforce,minimum-wing,0,3900,324.603294992
high_downforce,minimum-wing,0,3905,325.048266211
high_downforce,minimum-wing,0,3910,325.485496579
high_downforce,minimum-wing,0,3915,325.91513542
high_downforce,minimum-wing,0,3920,326.337328647
high_downforce,minimum-wing,0,3925,326.752218854
high_downforce,minimum-wing,0,3930,327.159945418
high_downforce,minimum-wing,0,3935,327.560644583
high_downforce,minimum-wing,0,3940,327.954449552
high_downforce,minimum-wing,0,3945,328.341490568
high_downforce,minimum-wing,0,3950,328.721895
high_downforce,minimum-wing,0,3955,329.095787417
high_downforce,minimum-wing,0,3960,329.46328967
high_downforce,minimum-wing,0,3965,329.824520956
high_downforce,minimum-wing,0,3970,330.1795979
high_downforce,minimum-wing,0,3975,330.528634616
high_downforce,minimum-wing,0,3980,330.871742775
high_downforce,minimum-wing,0,3985,331.20903167
high_downforce,minimum-wing,0,3990,331.540608277
high_downforce,minimum-wing,0,3995,331.784841107
high_downforce,minimum-wing,0,4000,332.025941197
high_downforce,minimum-wing,0,4005,332.263951509
high_downforce,minimum-wing,0,4010,332.49891434
high_downforce,minimum-wing,0,4015,332.730871338
high_downforce,minimum-wing,0,4020,332.95986351
high_downforce,minimum-wing,0,4025,333.185931237
high_downforce,minimum-wing,0,4030,330.928829215
high_downforce,minimum-wing,0,4035,330.928829215
high_downforce,minimum-wing,0,4040,330.928829215
high_downforce,minimum-wing,0,4045,330.928829215
high_downforce,minimum-wing,0,4050,330.928829215
high_downforce,minimum-wing,0,4055,330.928829215
high_downforce,minimum-wing,0,4060,330.928829215
high_downforce,minimum-wing,0,4065,330.928829215
high_downforce,minimum-wing,0,4070,330.928829215
high_downforce,minimum-wing,0,4075,330.928829215
high_downforce,minimum-wing,0,4080,330.928829215
high_downforce,minimum-wing,0,4085,330.928829215
high_downforce,minimum-wing,0,4090,330.928829215
high_downforce,minimum-wing,0,4095,330.928829215
high_downforce,minimum-wing,0,4100,330.928829215
high_downforce,minimum-wing,0,4105,330.928829215
high_downforce,minimum-wing,0,4110,330.928829215
high_downforce,minimum-wing,0,4115,330.931282627
high_downforce,minimum-wing,0,4120,331.04605814
high_downforce,minimum-wing,0,4125,331.262525405
high_downforce,minimum-wing,0,4130,331.572038365
high_downforce,minimum-wing,0,4135,331.810123898
high_downforce,minimum-wing,0,4140,332.045159928
high_downforce,minimum-wing,0,4145,332.277188149
high_downforce,minimum-wing,0,4150,332.506249613
high_downforce,minimum-wing,0,4155,332.732384746
high_downforce,minimum-wing,0,4160,332.955633355
high_downforce,minimum-wing,0,4165,333.176034642
high_downforce,minimum-wing,0,4170,333.393627216
high_downforce,minimum-wing,0,4175,333.608449098
high_downforce,minimum-wing,0,4180,333.82053774
high_downforce,minimum-wing,0,4185,334.029930027
high_downforce,minimum-wing,0,4190,334.236662292
high_downforce,minimum-wing,0,4195,334.440770325
high_downforce,minimum-wing,0,4200,334.642289382
high_downforce,minimum-wing,0,4205,334.841254193
high_downforce,minimum-wing,0,4210,335.037698973
high_downforce,minimum-wing,0,4215,335.231657433
high_downforce,minimum-wing,0,4220,335.423162782
high_downforce,minimum-wing,0,4225,335.612247743
high_downforce,minimum-wing,0,4230,335.798944558
high_downforce,minimum-wing,0,4235,335.983284995
high_downforce,minimum-wing,0,4240,336.165300359
high_downforce,minimum-wing,0,4245,336.345021498
high_downforce,minimum-wing,0,4250,336.522478812
high_downforce,minimum-wing,0,4255,336.697702258
high_downforce,minimum-wing,0,4260,336.870721361
high_downforce,minimum-wing,0,4265,337.041565219
high_downforce,minimum-wing,0,4270,337.210262509
high_downforce,minimum-wing,0,4275,337.376841497
high_downforce,minimum-wing,0,4280,337.541330045
high_downforce,minimum-wing,0,4285,337.703755613
high_downforce,minimum-wing,0,4290,337.86414527
high_downforce,minimum-wing,0,4295,338.0225257
high_downforce,minimum-wing,0,4300,338.178923205
high_downforce,minimum-wing,0,4305,338.333363716
high_downforce,minimum-wing,0,4310,338.485872796
high_downforce,minimum-wing,0,4315,338.636475645
high_downforce,minimum-wing,0,4320,338.785197109
high_downforce,minimum-wing,0,4325,338.932061684
high_downforce,minimum-wing,0,4330,339.077093521
high_downforce,minimum-wing,0,4335,338.128886789
high_downforce,minimum-wing,0,4340,329.13242643
high_downforce,minimum-wing,0,4345,319.974164907
high_downforce,minimum-wing,0,4350,310.638880444
high_downforce,minimum-wing,0,4355,301.109177638
high_downforce,minimum-wing,0,4360,291.36502763
high_downforce,minimum-wing,0,4365,281.383175608
high_downforce,minimum-wing,0,4370,271.164132778
high_downforce,minimum-wing,0,4375,260.868337453
high_downforce,minimum-wing,0,4380,250.493332504
high_downforce,minimum-wing,0,4385,240.034384062
high_downforce,minimum-wing,0,4390,229.484084993
high_downforce,minimum-wing,0,4395,218.831821404
high_downforce,minimum-wing,0,4400,208.063045674
high_downforce,minimum-wing,0,4405,197.158269018
high_downforce,minimum-wing,0,4410,186.091635849
high_downforce,minimum-wing,0,4415,186.091635849
high_downforce,minimum-wing,0,4420,186.091635849
high_downforce,minimum-wing,0,4425,186.091635849
high_downforce,minimum-wing,0,4430,186.091635849
high_downforce,minimum-wing,0,4435,186.091635849
high_downforce,minimum-wing,0,4440,186.091635849
high_downforce,minimum-wing,0,4445,186.091635849
high_downforce,minimum-wing,0,4450,186.091635849
high_downforce,minimum-wing,0,4455,186.091635849
high_downforce,minimum-wing,0,4460,186.091635849
high_downforce,minimum-wing,0,4465,186.091635849
high_downforce,minimum-wing,0,4470,186.091635849
high_downforce,minimum-wing,0,4475,186.091635849
high_downforce,minimum-wing,0,4480,186.091635849
high_downforce,minimum-wing,0,4485,186.091635849
high_downforce,minimum-wing,0,4490,186.091635849
high_downforce,minimum-wing,0,4495,186.091635849
high_downforce,minimum-wing,0,4500,186.091635849
high_downforce,minimum-wing,0,4505,186.091635849
high_downforce,minimum-wing,0,4510,186.091635849
high_downforce,minimum-wing,0,4515,186.091635849
high_downforce,minimum-wing,0,4520,186.091635849
high_downforce,minimum-wing,0,4525,186.091635849
high_downforce,minimum-wing,0,4530,186.091635849
high_downforce,minimum-wing,0,4535,186.091635849
high_downforce,minimum-wing,0,4540,186.091635849
high_downforce,minimum-wing,0,4545,186.091635849
high_downforce,minimum-wing,0,4550,186.091635849
high_downforce,minimum-wing,0,4555,186.091635849
high_downforce,minimum-wing,0,4560,186.091635849
high_downforce,minimum-wing,0,4565,186.091635849
high_downforce,minimum-wing,0,4570,186.091635849
high_downforce,minimum-wing,0,4575,186.091635849
high_downforce,minimum-wing,0,4580,186.091635849
high_downforce,minimum-wing,0,4585,186.091635849
high_downforce,minimum-wing,0,4590,186.091635849
high_downforce,minimum-wing,0,4595,186.091635849
high_downforce,minimum-wing,0,4600,186.091635849
high_downforce,minimum-wing,0,4605,186.091635849
high_downforce,minimum-wing,0,4610,186.091635849
high_downforce,minimum-wing,0,4615,186.091635849
high_downforce,minimum-wing,0,4620,186.091635849
high_downforce,minimum-wing,0,4625,186.091635849
high_downforce,minimum-wing,0,4630,186.091635849
high_downforce,minimum-wing,0,4635,186.091635849
high_downforce,minimum-wing,0,4640,186.091635849
high_downforce,minimum-wing,0,4645,186.091635849
high_downforce,minimum-wing,0,4650,186.091635849
high_downforce,minimum-wing,0,4655,186.091635849
high_downforce,minimum-wing,0,4660,186.091635849
high_downforce,minimum-wing,0,4665,186.091635849
high_downforce,minimum-wing,0,4670,186.091635849
high_downforce,minimum-wing,0,4675,186.091635849
high_downforce,minimum-wing,0,4680,186.091635849
high_downforce,minimum-wing,0,4685,186.091635849
high_downforce,minimum-wing,0,4690,186.091635849
high_downforce,minimum-wing,0,4695,186.091635849
high_downforce,minimum-wing,0,4700,186.091635849
high_downforce,minimum-wing,0,4705,186.091635849
high_downforce,minimum-wing,0,4710,186.091635849
high_downforce,minimum-wing,0,4715,186.091635849
high_downforce,optimum-wing,18,0,194.294788688
high_downforce,optimum-wing,18,5,198.866695699
high_downforce,optimum-wing,18,10,203.163558185
high_downforce,optimum-wing,18,15,206.816304111
high_downforce,optimum-wing,18,20,210.335243519
high_downforce,optimum-wing,18,25,213.728892276
high_downforce,optimum-wing,18,30,217.004913248
high_downforce,optimum-wing,18,35,220.170232659
high_downforce,optimum-wing,18,40,223.231136698
high_downforce,optimum-wing,18,45,226.193352347
high_downforce,optimum-wing,18,50,229.062115465
high_downforce,optimum-wing,18,55,231.8395235
high_downforce,optimum-wing,18,60,234.516286542
high_downforce,optimum-wing,18,65,237.097913033
high_downforce,optimum-wing,18,70,239.589459069
high_downforce,optimum-wing,18,75,241.995579038
high_downforce,optimum-wing,18,80,244.320569152
high_downforce,optimum-wing,18,85,246.568405069
high_downforce,optimum-wing,18,90,248.742774541
high_downforce,optimum-wing,18,95,250.847105888
high_downforce,optimum-wing,18,100,252.884592924
high_downforce,optimum-wing,18,105,254.858216864
high_downforce,optimum-wing,18,110,256.770765654
high_downforce,optimum-wing,18,115,258.624851079
high_downforce,optimum-wing,18,120,260.42292396
high_downforce,optimum-wing,18,125,262.16728769
high_downforce,optimum-wing,18,130,263.860110335
high_downforce,optimum-wing,18,135,265.322610658
high_downforce,optimum-wing,18,140,266.755105635
high_downforce,optimum-wing,18,145,268.158442136
high_downforce,optimum-wing,18,150,269.533432147
high_downforce,optimum-wing,18,155,270.880854763
high_downforce,optimum-wing,18,160,272.201458045
high_downforce,optimum-wing,18,165,273.495960734
high_downforce,optimum-wing,18,170,274.765053848
high_downforce,optimum-wing,18,175,276.009402167
high_downforce,optimum-wing,18,180,277.229645615
high_downforce,optimum-wing,18,185,278.426400544
high_downforce,optimum-wing,18,190,279.600260941
high_downforce,optimum-wing,18,195,280.751799551
high_downforce,optimum-wing,18,200,281.881568923
high_downforce,optimum-wing,18,205,282.990102399
high_downforce,optimum-wing,18,210,284.077915032
high_downforce,optimum-wing,18,215,285.145504454
high_downforce,optimum-wing,18,220,286.193351683
high_downforce,optimum-wing,18,225,287.221921893
high_downforce,optimum-wing,18,230,288.231665127
high_downforce,optimum-wing,18,235,289.219959552
high_downforce,optimum-wing,18,240,290.187339328
high_downforce,optimum-wing,18,245,291.134348347
high_downforce,optimum-wing,18,250,292.061511685
high_downforce,optimum-wing,18,255,292.969336482
high_downforce,optimum-wing,18,260,293.858312767
high_downforce,optimum-wing,18,265,294.728914227
high_downforce,optimum-wing,18,270,295.581598944
high_downforce,optimum-wing,18,275,296.416810079
high_downforce,optimum-wing,18,280,297.234976522
high_downforce,optimum-wing,18,285,298.036513508
high_downforce,optimum-wing,18,290,298.82182319
high_downforce,optimum-wing,18,295,299.591295192
high_downforce,optimum-wing,18,300,300.345307124
high_downforce,optimum-wing,18,305,301.084225075
high_downforce,optimum-wing,18,310,301.808404074
high_downforce,optimum-wing,18,315,302.518188535
high_downforce,optimum-wing,18,320,303.213912675
high_downforce,optimum-wing,18,325,303.895900905
high_downforce,optimum-wing,18,330,304.564468216
high_downforce,optimum-wing,18,335,305.219920531
high_downforce,optimum-wing,18,340,305.86255505
high_downforce,optimum-wing,18,345,306.492660573
high_downforce,optimum-wing,18,350,307.110517806
high_downforce,optimum-wing,18,355,307.716399664
high_downforce,optimum-wing,18,360,308.310571544
high_downforce,optimum-wing,18,365,308.893291595
high_downforce,optimum-wing,18,370,309.464810975
high_downforce,optimum-wing,18,375,310.025374096
high_downforce,optimum-wing,18,380,310.575218854
high_downforce,optimum-wing,18,385,311.114576853
high_downforce,optimum-wing,18,390,311.643673621
high_downforce,optimum-wing,18,395,312.162728811
high_downforce,optimum-wing,18,400,312.671956396
high_downforce,optimum-wing,18,405,313.171564859
high_downforce,optimum-wing,18,410,313.661757368
high_downforce,optimum-wing,18,415,314.142731951
high_downforce,optimum-wing,18,420,314.614681659
high_downforce,optimum-wing,18,425,315.077794727
high_downforce,optimum-wing,18,430,315.532254718
high_downforce,optimum-wing,18,435,315.978240678
high_downforce,optimum-wing,18,440,316.415927269
high_downforce,optimum-wing,18,445,316.845484907
high_downforce,optimum-wing,18,450,317.267079887
high_downforce,optimum-wing,18,455,311.836667035
high_downforce,optimum-wing,18,460,302.175373803
high_downforce,optimum-wing,18,465,292.303439662
high_downforce,optimum-wing,18,470,282.197555281
high_downforce,optimum-wing,18,475,271.830392519
high_downforce,optimum-wing,18,480,261.169565542
high_downforce,optimum-wing,18,485,261.169565542
high_downforce,optimum-wing,18,490,261.169565542
high_downforce,optimum-wing,18,495,261.169565542
high_downforce,optimum-wing,18,500,261.169565542
high_downforce,optimum-wing,18,505,261.169565542
high_downforce,optimum-wing,18,510,261.169565542
high_downforce,optimum-wing,18,515,261.169565542
high_downforce,optimum-wing,18,520,261.169565542
high_downforce,optimum-wing,18,525,261.169565542
high_downforce,optimum-wing,18,530,261.169565542
high_downforce,optimum-wing,18,535,261.169565542
high_downforce,optimum-wing,18,540,261.169565542
high_downforce,optimum-wing,18,545,261.169565542
high_downforce,optimum-wing,18,550,261.169565542
high_downforce,optimum-wing,18,555,261.169565542
high_downforce,optimum-wing,18,560,261.169565542
high_downforce,optimum-wing,18,565,261.169565542
high_downforce,optimum-wing,18,570,261.169565542
high_downforce,optimum-wing,18,575,261.169565542
high_downforce,optimum-wing,18,580,261.169565542
high_downforce,optimum-wing,18,585,261.169565542
high_downforce,optimum-wing,18,590,261.169565542
high_downforce,optimum-wing,18,595,261.169565542
high_downforce,optimum-wing,18,600,261.169565542
high_downforce,optimum-wing,18,605,261.169565542
high_downforce,optimum-wing,18,610,261.169565542
high_downforce,optimum-wing,18,615,261.169565542
high_downforce,optimum-wing,18,620,261.169565542
high_downforce,optimum-wing,18,625,261.169565542
high_downforce,optimum-wing,18,630,261.169565542
high_downforce,optimum-wing,18,635,261.169565542
high_downforce,optimum-wing,18,640,261.169565542
high_downforce,optimum-wing,18,645,261.169565542
high_downforce,optimum-wing,18,650,261.169565542
high_downforce,optimum-wing,18,655,261.169565542
high_downforce,optimum-wing,18,660,261.169565542
high_downforce,optimum-wing,18,665,261.169565542
high_downforce,optimum-wing,18,670,261.169565542
high_downforce,optimum-wing,18,675,261.169565542
high_downforce,optimum-wing,18,680,261.169565542
high_downforce,optimum-wing,18,685,261.169565542
high_downforce,optimum-wing,18,690,261.169565542
high_downforce,optimum-wing,18,695,261.169565542
high_downforce,optimum-wing,18,700,261.169565542
high_downforce,optimum-wing,18,705,261.169565542
high_downforce,optimum-wing,18,710,261.169565542
high_downforce,optimum-wing,18,715,261.169565542
high_downforce,optimum-wing,18,720,261.169565542
high_downforce,optimum-wing,18,725,261.169565542
high_downforce,optimum-wing,18,730,261.169565542
high_downforce,optimum-wing,18,735,261.169565542
high_downforce,optimum-wing,18,740,261.169565542
high_downforce,optimum-wing,18,745,261.169565542
high_downforce,optimum-wing,18,750,261.169565542
high_downforce,optimum-wing,18,755,261.169565542
high_downforce,optimum-wing,18,760,261.169565542
high_downforce,optimum-wing,18,765,261.169565542
high_downforce,optimum-wing,18,770,261.169565542
high_downforce,optimum-wing,18,775,261.169565542
high_downforce,optimum-wing,18,780,261.169565542
high_downforce,optimum-wing,18,785,262.886967615
high_downforce,optimum-wing,18,790,264.553882276
high_downforce,optimum-wing,18,795,265.997342224
high_downforce,optimum-wing,18,800,267.411323347
high_downforce,optimum-wing,18,805,268.796651069
high_downforce,optimum-wing,18,810,270.15411715
high_downforce,optimum-wing,18,815,271.484481595
high_downforce,optimum-wing,18,820,272.788474427
high_downforce,optimum-wing,18,825,274.066797325
high_downforce,optimum-wing,18,830,275.320125157
high_downforce,optimum-wing,18,835,276.549107395
high_downforce,optimum-wing,18,840,277.754369447
high_downforce,optimum-wing,18,845,278.936513887
high_downforce,optimum-wing,18,850,280.096121608
high_downforce,optimum-wing,18,855,281.233752909
high_downforce,optimum-wing,18,860,282.349948492
high_downforce,optimum-wing,18,865,283.337223719
high_downforce,optimum-wing,18,870,284.106938678
high_downforce,optimum-wing,18,875,283.569224863
high_downforce,optimum-wing,18,880,278.275438072
high_downforce,optimum-wing,18,885,273.290494684
high_downforce,optimum-wing,18,890,268.675409496
high_downforce,optimum-wing,18,895,264.542724856
high_downforce,optimum-wing,18,900,261.129579838
high_downforce,optimum-wing,18,905,258.760186921
high_downforce,optimum-wing,18,910,257.030385433
high_downforce,optimum-wing,18,915,255.288922483
high_downforce,optimum-wing,18,920,253.535498203
high_downforce,optimum-wing,18,925,251.769862683
high_downforce,optimum-wing,18,930,250.027798216
high_downforce,optimum-wing,18,935,248.315986442
high_downforce,optimum-wing,18,940,246.633069647
high_downforce,optimum-wing,18,945,244.977774595
high_downforce,optimum-wing,18,950,243.348905713
high_downforce,optimum-wing,18,955,241.745338927
high_downforce,optimum-wing,18,960,240.166016094
high_downforce,optimum-wing,18,965,238.609939957
high_downforce,optimum-wing,18,970,237.076169563
high_downforce,optimum-wing,18,975,235.563816093
high_downforce,optimum-wing,18,980,234.072039076
high_downforce,optimum-wing,18,985,232.600042923
high_downforce,optimum-wing,18,990,231.147073768
high_downforce,optimum-wing,18,995,229.712416576
high_downforce,optimum-wing,18,1000,228.295392493
high_downforce,optimum-wing,18,1005,226.895356413
high_downforce,optimum-wing,18,1010,225.316146078
high_downforce,optimum-wing,18,1015,223.596670267
high_downforce,optimum-wing,18,1020,222.03176896
high_downforce,optimum-wing,18,1025,220.750604226
high_downforce,optimum-wing,18,1030,219.460543284
high_downforce,optimum-wing,18,1035,218.230426886
high_downforce,optimum-wing,18,1040,217.006681149
high_downforce,optimum-wing,18,1045,215.789205007
high_downforce,optimum-wing,18,1050,214.57796299
high_downforce,optimum-wing,18,1055,213.372919805
high_downforce,optimum-wing,18,1060,212.174040336
high_downforce,optimum-wing,18,1065,210.981289642
high_downforce,optimum-wing,18,1070,209.794632954
high_downforce,optimum-wing,18,1075,208.614035677
high_downforce,optimum-wing,18,1080,207.439463385
high_downforce,optimum-wing,18,1085,206.270881826
high_downforce,optimum-wing,18,1090,205.108256914
high_downforce,optimum-wing,18,1095,203.951554733
high_downforce,optimum-wing,18,1100,202.800741533
high_downforce,optimum-wing,18,1105,201.655783729
high_downforce,optimum-wing,18,1110,200.516647904
high_downforce,optimum-wing,18,1115,199.383300801
high_downforce,optimum-wing,18,1120,198.255709329
high_downforce,optimum-wing,18,1125,197.133840555
high_downforce,optimum-wing,18,1130,196.017661711
high_downforce,optimum-wing,18,1135,194.907140185
high_downforce,optimum-wing,18,1140,194.907140185
high_downforce,optimum-wing,18,1145,199.467046767
high_downforce,optimum-wing,18,1150,203.753546697
high_downforce,optimum-wing,18,1155,207.408920482
high_downforce,optimum-wing,18,1160,210.930614109
high_downforce,optimum-wing,18,1165,214.327119193
high_downforce,optimum-wing,18,1170,217.606078365
high_downforce,optimum-wing,18,1175,220.774400878
high_downforce,optimum-wing,18,1180,223.838358618
high_downforce,optimum-wing,18,1185,226.803666469
high_downforce,optimum-wing,18,1190,229.675550015
high_downforce,optimum-wing,18,1195,232.452422711
high_downforce,optimum-wing,18,1200,235.128860697
high_downforce,optimum-wing,18,1205,237.710348511
high_downforce,optimum-wing,18,1210,240.201921353
high_downforce,optimum-wing,18,1215,242.608215279
high_downforce,optimum-wing,18,1220,244.93351036
high_downforce,optimum-wing,18,1225,247.181767993
high_downforce,optimum-wing,18,1230,249.35666329
high_downforce,optimum-wing,18,1235,251.46161334
high_downforce,optimum-wing,18,1240,253.499801945
high_downforce,optimum-wing,18,1245,255.474201377
high_downforce,optimum-wing,18,1250,257.387591573
high_downforce,optimum-wing,18,1255,259.242577131
high_downforce,optimum-wing,18,1260,261.041602407
high_downforce,optimum-wing,18,1265,262.78696497
high_downforce,optimum-wing,18,1270,264.48082763
high_downforce,optimum-wing,18,1275,265.949675635
high_downforce,optimum-wing,18,1280,267.388387888
high_downforce,optimum-wing,18,1285,268.797815399
high_downforce,optimum-wing,18,1290,270.178774088
high_downforce,optimum-wing,18,1295,271.532046798
high_downforce,optimum-wing,18,1300,272.858385161
high_downforce,optimum-wing,18,1305,274.158511323
high_downforce,optimum-wing,18,1310,275.433119555
high_downforce,optimum-wing,18,1315,276.682877745
high_downforce,optimum-wing,18,1320,277.908428786
high_downforce,optimum-wing,18,1325,279.110391877
high_downforce,optimum-wing,18,1330,280.289363727
high_downforce,optimum-wing,18,1335,281.445919692
high_downforce,optimum-wing,18,1340,282.580614827
high_downforce,optimum-wing,18,1345,283.693984877
high_downforce,optimum-wing,18,1350,284.786547204
high_downforce,optimum-wing,18,1355,285.85880166
high_downforce,optimum-wing,18,1360,286.911231397
high_downforce,optimum-wing,18,1365,287.944303644
high_downforce,optimum-wing,18,1370,288.956289298
high_downforce,optimum-wing,18,1375,289.946768801
high_downforce,optimum-wing,18,1380,290.916306051
high_downforce,optimum-wing,18,1385,291.865445206
high_downforce,optimum-wing,18,1390,292.794711615
high_downforce,optimum-wing,18,1395,293.704612693
high_downforce,optimum-wing,18,1400,294.595638745
high_downforce,optimum-wing,18,1405,295.468263744
high_downforce,optimum-wing,18,1410,296.322946053
high_downforce,optimum-wing,18,1415,297.160129119
high_downforce,optimum-wing,18,1420,297.980242118
high_downforce,optimum-wing,18,1425,298.783700571
high_downforce,optimum-wing,18,1430,299.570906919
high_downforce,optimum-wing,18,1435,300.342251071
high_downforce,optimum-wing,18,1440,301.098110925
high_downforce,optimum-wing,18,1445,301.838852854
high_downforce,optimum-wing,18,1450,302.564832172
high_downforce,optimum-wing,18,1455,303.276393577
high_downforce,optimum-wing,18,1460,303.973871565
high_downforce,optimum-wing,18,1465,304.657590831
high_downforce,optimum-wing,18,1470,305.327866641
high_downforce,optimum-wing,18,1475,305.985005195
high_downforce,optimum-wing,18,1480,306.629303968
high_downforce,optimum-wing,18,1485,307.261052031
high_downforce,optimum-wing,18,1490,307.880530361
high_downforce,optimum-wing,18,1495,308.48801214
high_downforce,optimum-wing,18,1500,309.083763028
high_downforce,optimum-wing,18,1505,309.66804144
high_downforce,optimum-wing,18,1510,310.241098792
high_downforce,optimum-wing,18,1515,310.803179754
high_downforce,optimum-wing,18,1520,311.354522475
high_downforce,optimum-wing,18,1525,311.895358814
high_downforce,optimum-wing,18,1530,312.425914546
high_downforce,optimum-wing,18,1535,312.946409571
high_downforce,optimum-wing,18,1540,313.457058107
high_downforce,optimum-wing,18,1545,313.958068877
high_downforce,optimum-wing,18,1550,314.449645288
high_downforce,optimum-wing,18,1555,314.931985604
high_downforce,optimum-wing,18,1560,315.40528311
high_downforce,optimum-wing,18,1565,315.859669155
high_downforce,optimum-wing,18,1570,316.305586388
high_downforce,optimum-wing,18,1575,316.743209268
high_downforce,optimum-wing,18,1580,317.172708017
high_downforce,optimum-wing,18,1585,317.594248744
high_downforce,optimum-wing,18,1590,318.007993572
high_downforce,optimum-wing,18,1595,318.414100755
high_downforce,optimum-wing,18,1600,318.812724795
high_downforce,optimum-wing,18,1605,319.204016547
high_downforce,optimum-wing,18,1610,319.588123333
high_downforce,optimum-wing,18,1615,319.965189038
high_downforce,optimum-wing,18,1620,320.33535421
high_downforce,optimum-wing,18,1625,320.698756157
high_downforce,optimum-wing,18,1630,321.055529038
high_downforce,optimum-wing,18,1635,321.40580395
high_downforce,optimum-wing,18,1640,321.749709012
high_downforce,optimum-wing,18,1645,322.087369454
high_downforce,optimum-wing,18,1650,322.418907686
high_downforce,optimum-wing,18,1655,322.744443386
high_downforce,optimum-wing,18,1660,323.064093564
high_downforce,optimum-wing,18,1665,323.377972642
high_downforce,optimum-wing,18,1670,323.686192515
high_downforce,optimum-wing,18,1675,323.988862627
high_downforce,optimum-wing,18,1680,324.286090028
high_downforce,optimum-wing,18,1685,324.577979441
high_downforce,optimum-wing,18,1690,324.864633319
high_downforce,optimum-wing,18,1695,325.146151908
high_downforce,optimum-wing,18,1700,325.4226333
high_downforce,optimum-wing,18,1705,325.694173492
high_downforce,optimum-wing,18,1710,325.960866432
high_downforce,optimum-wing,18,1715,326.22280408
high_downforce,optimum-wing,18,1720,326.480076449
high_downforce,optimum-wing,18,1725,326.732771661
high_downforce,optimum-wing,18,1730,326.980975987
high_downforce,optimum-wing,18,1735,327.2247739
high_downforce,optimum-wing,18,1740,327.46424811
high_downforce,optimum-wing,18,1745,327.699479617
high_downforce,optimum-wing,18,1750,327.930547743
high_downforce,optimum-wing,18,1755,328.15753018
high_downforce,optimum-wing,18,1760,328.380503024
high_downforce,optimum-wing,18,1765,328.599540816
high_downforce,optimum-wing,18,1770,328.814716576
high_downforce,optimum-wing,18,1775,329.026101841
high_downforce,optimum-wing,18,1780,329.233766702
high_downforce,optimum-wing,18,1785,329.437779832
high_downforce,optimum-wing,18,1790,329.638208522
high_downforce,optimum-wing,18,1795,329.835118717
high_downforce,optimum-wing,18,1800,330.028575037
high_downforce,optimum-wing,18,1805,330.218640818
high_downforce,optimum-wing,18,1810,330.405378135
high_downforce,optimum-wing,18,1815,330.588847833
high_downforce,optimum-wing,18,1820,330.769109551
high_downforce,optimum-wing,18,1825,330.946221757
high_downforce,optimum-wing,18,1830,331.120241764
high_downforce,optimum-wing,18,1835,331.291225765
high_downforce,optimum-wing,18,1840,331.459228853
high_downforce,optimum-wing,18,1845,331.542197597
high_downforce,optimum-wing,18,1850,331.624059335
high_downforce,optimum-wing,18,1855,331.704829159
high_downforce,optimum-wing,18,1860,331.784521944
high_downforce,optimum-wing,18,1865,331.863152359
high_downforce,optimum-wing,18,1870,331.94073486
high_downforce,optimum-wing,18,1875,332.017283702
high_downforce,optimum-wing,18,1880,332.092812935
high_downforce,optimum-wing,18,1885,332.167336415
high_downforce,optimum-wing,18,1890,332.240867797
high_downforce,optimum-wing,18,1895,332.313420548
high_downforce,optimum-wing,18,1900,332.385007944
high_downforce,optimum-wing,18,1905,332.455643072
high_downforce,optimum-wing,18,1910,332.525338837
high_downforce,optimum-wing,18,1915,332.594107964
high_downforce,optimum-wing,18,1920,332.661962996
high_downforce,optimum-wing,18,1925,332.728916304
high_downforce,optimum-wing,18,1930,332.794980083
high_downforce,optimum-wing,18,1935,332.860166358
high_downforce,optimum-wing,18,1940,332.924486986
high_downforce,optimum-wing,18,1945,332.98795366
high_downforce,optimum-wing,18,1950,333.050577906
high_downforce,optimum-wing,18,1955,333.112371094
high_downforce,optimum-wing,18,1960,333.173344432
high_downforce,optimum-wing,18,1965,333.233508974
high_downforce,optimum-wing,18,1970,333.292875619
high_downforce,optimum-wing,18,1975,333.351455115
high_downforce,optimum-wing,18,1980,331.214193907
high_downforce,optimum-wing,18,1985,323.911231405
high_downforce,optimum-wing,18,1990,316.542626985
high_downforce,optimum-wing,18,1995,309.106330496
high_downforce,optimum-wing,18,2000,301.600205184
high_downforce,optimum-wing,18,2005,294.022030074
high_downforce,optimum-wing,18,2010,286.36950535
high_downforce,optimum-wing,18,2015,278.64026199
high_downforce,optimum-wing,18,2020,270.831877472
high_downforce,optimum-wing,18,2025,262.941900123
high_downforce,optimum-wing,18,2030,254.967885805
high_downforce,optimum-wing,18,2035,246.907452307
high_downforce,optimum-wing,18,2040,238.75835933
high_downforce,optimum-wing,18,2045,230.518625801
high_downforce,optimum-wing,18,2050,222.186702291
high_downforce,optimum-wing,18,2055,213.761725902
high_downforce,optimum-wing,18,2060,205.243404701
high_downforce,optimum-wing,18,2065,196.629859696
high_downforce,optimum-wing,18,2070,187.92400766
high_downforce,optimum-wing,18,2075,179.132163619
high_downforce,optimum-wing,18,2080,170.266052403
high_downforce,optimum-wing,18,2085,170.266052403
high_downforce,optimum-wing,18,2090,170.266052403
high_downforce,optimum-wing,18,2095,170.266052403
high_downforce,optimum-wing,18,2100,170.266052403
high_downforce,optimum-wing,18,2105,170.266052403
high_downforce,optimum-wing,18,2110,170.266052403
high_downforce,optimum-wing,18,2115,170.266052403
high_downforce,optimum-wing,18,2120,170.266052403
high_downforce,optimum-wing,18,2125,170.266052403
high_downforce,optimum-wing,18,2130,170.266052403
high_downforce,optimum-wing,18,2135,170.266052403
high_downforce,optimum-wing,18,2140,170.266052403
high_downforce,optimum-wing,18,2145,170.266052403
high_downforce,optimum-wing,18,2150,170.266052403
high_downforce,optimum-wing,18,2155,170.266052403
high_downforce,optimum-wing,18,2160,170.266052403
high_downforce,optimum-wing,18,2165,170.266052403
high_downforce,optimum-wing,18,2170,170.266052403
high_downforce,optimum-wing,18,2175,170.266052403
high_downforce,optimum-wing,18,2180,170.266052403
high_downforce,optimum-wing,18,2185,170.266052403
high_downforce,optimum-wing,18,2190,170.266052403
high_downforce,optimum-wing,18,2195,170.266052403
high_downforce,optimum-wing,18,2200,170.266052403
high_downforce,optimum-wing,18,2205,170.266052403
high_downforce,optimum-wing,18,2210,170.266052403
high_downforce,optimum-wing,18,2215,170.266052403
high_downforce,optimum-wing,18,2220,170.266052403
high_downforce,optimum-wing,18,2225,170.266052403
high_downforce,optimum-wing,18,2230,170.266052403
high_downforce,optimum-wing,18,2235,170.266052403
high_downforce,optimum-wing,18,2240,170.266052403
high_downforce,optimum-wing,18,2245,170.266052403
high_downforce,optimum-wing,18,2250,170.266052403
high_downforce,optimum-wing,18,2255,170.266052403
high_downforce,optimum-wing,18,2260,170.266052403
high_downforce,optimum-wing,18,2265,170.266052403
high_downforce,optimum-wing,18,2270,170.266052403
high_downforce,optimum-wing,18,2275,170.266052403
high_downforce,optimum-wing,18,2280,170.266052403
high_downforce,optimum-wing,18,2285,170.266052403
high_downforce,optimum-wing,18,2290,170.266052403
high_downforce,optimum-wing,18,2295,170.266052403
high_downforce,optimum-wing,18,2300,170.266052403
high_downforce,optimum-wing,18,2305,170.266052403
high_downforce,optimum-wing,18,2310,170.266052403
high_downforce,optimum-wing,18,2315,170.266052403
high_downforce,optimum-wing,18,2320,170.266052403
high_downforce,optimum-wing,18,2325,170.266052403
high_downforce,optimum-wing,18,2330,170.266052403
high_downforce,optimum-wing,18,2335,170.266052403
high_downforce,optimum-wing,18,2340,170.266052403
high_downforce,optimum-wing,18,2345,176.380412599
high_downforce,optimum-wing,18,2350,182.150546434
high_downforce,optimum-wing,18,2355,187.513772616
high_downforce,optimum-wing,18,2360,192.518118078
high_downforce,optimum-wing,18,2365,197.203162072
high_downforce,optimum-wing,18,2370,201.601981663
high_downforce,optimum-wing,18,2375,205.742526871
high_downforce,optimum-wing,18,2380,209.303431025
high_downforce,optimum-wing,18,2385,212.736446212
high_downforce,optimum-wing,18,2390,216.049490444
high_downforce,optimum-wing,18,2395,219.249710847
high_downforce,optimum-wing,18,2400,222.343585998
high_downforce,optimum-wing,18,2405,225.337011344
high_downforce,optimum-wing,18,2410,228.235371007
high_downforce,optimum-wing,18,2415,231.043598539
high_downforce,optimum-wing,18,2420,233.751717479
high_downforce,optimum-wing,18,2425,236.363023052
high_downforce,optimum-wing,18,2430,238.882706687
high_downforce,optimum-wing,18,2435,241.315543163
high_downforce,optimum-wing,18,2440,243.665936217
high_downforce,optimum-wing,18,2445,245.937957886
high_downforce,optimum-wing,18,2450,248.135382613
high_downforce,optimum-wing,18,2455,250.261716947
high_downforce,optimum-wing,18,2460,252.32022551
high_downforce,optimum-wing,18,2465,254.313953791
high_downforce,optimum-wing,18,2470,256.245748242
high_downforce,optimum-wing,18,2475,258.118274035
high_downforce,optimum-wing,18,2480,259.934030829
high_downforce,optimum-wing,18,2485,261.695366798
high_downforce,optimum-wing,18,2490,263.404491156
high_downforce,optimum-wing,18,2495,265.063485372
high_downforce,optimum-wing,18,2500,266.503663071
high_downforce,optimum-wing,18,2505,267.914472621
high_downforce,optimum-wing,18,2510,269.296734435
high_downforce,optimum-wing,18,2515,270.651235562
high_downforce,optimum-wing,18,2520,271.978731571
high_downforce,optimum-wing,18,2525,273.279948308
high_downforce,optimum-wing,18,2530,274.555583513
high_downforce,optimum-wing,18,2535,275.806308333
high_downforce,optimum-wing,18,2540,277.032768729
high_downforce,optimum-wing,18,2545,278.235586785
high_downforce,optimum-wing,18,2550,279.41536193
high_downforce,optimum-wing,18,2555,280.572672083
high_downforce,optimum-wing,18,2560,281.708074716
high_downforce,optimum-wing,18,2565,282.822107855
high_downforce,optimum-wing,18,2570,283.915291022
high_downforce,optimum-wing,18,2575,284.988126103
high_downforce,optimum-wing,18,2580,286.041098182
high_downforce,optimum-wing,18,2585,287.07467631
high_downforce,optimum-wing,18,2590,288.089314236
high_downforce,optimum-wing,18,2595,289.082827506
high_downforce,optimum-wing,18,2600,290.055293366
high_downforce,optimum-wing,18,2605,291.007260247
high_downforce,optimum-wing,18,2610,291.939257555
high_downforce,optimum-wing,18,2615,292.851796563
high_downforce,optimum-wing,18,2620,293.745371241
high_downforce,optimum-wing,18,2625,294.620459046
high_downforce,optimum-wing,18,2630,295.477521664
high_downforce,optimum-wing,18,2635,296.317005701
high_downforce,optimum-wing,18,2640,297.139343347
high_downforce,optimum-wing,18,2645,297.944952995
high_downforce,optimum-wing,18,2650,298.734239828
high_downforce,optimum-wing,18,2655,299.507596371
high_downforce,optimum-wing,18,2660,300.265403021
high_downforce,optimum-wing,18,2665,301.008028539
high_downforce,optimum-wing,18,2670,301.735830523
high_downforce,optimum-wing,18,2675,302.449155853
high_downforce,optimum-wing,18,2680,303.148341116
high_downforce,optimum-wing,18,2685,303.833713005
high_downforce,optimum-wing,18,2690,304.505588704
high_downforce,optimum-wing,18,2695,305.16427625
high_downforce,optimum-wing,18,2700,305.810074875
high_downforce,optimum-wing,18,2705,306.443275338
high_downforce,optimum-wing,18,2710,307.064160238
high_downforce,optimum-wing,18,2715,307.673004308
high_downforce,optimum-wing,18,2720,308.270074702
high_downforce,optimum-wing,18,2725,308.855631264
high_downforce,optimum-wing,18,2730,309.429926792
high_downforce,optimum-wing,18,2735,309.993207274
high_downforce,optimum-wing,18,2740,310.545712135
high_downforce,optimum-wing,18,2745,311.087674456
high_downforce,optimum-wing,18,2750,311.619321189
high_downforce,optimum-wing,18,2755,312.140873367
high_downforce,optimum-wing,18,2760,312.652546298
high_downforce,optimum-wing,18,2765,313.154549756
high_downforce,optimum-wing,18,2770,313.64708816
high_downforce,optimum-wing,18,2775,314.130360748
high_downforce,optimum-wing,18,2780,314.604561743
high_downforce,optimum-wing,18,2785,315.069880515
high_downforce,optimum-wing,18,2790,315.526501731
high_downforce,optimum-wing,18,2795,315.974605501
high_downforce,optimum-wing,18,2800,316.414367523
high_downforce,optimum-wing,18,2805,316.845959216
high_downforce,optimum-wing,18,2810,317.269547851
high_downforce,optimum-wing,18,2815,317.685296674
high_downforce,optimum-wing,18,2820,318.09336503
high_downforce,optimum-wing,18,2825,318.493908477
high_downforce,optimum-wing,18,2830,318.887078899
high_downforce,optimum-wing,18,2835,319.273024609
high_downforce,optimum-wing,18,2840,319.651890458
high_downforce,optimum-wing,18,2845,320.023817932
high_downforce,optimum-wing,18,2850,320.388945249
high_downforce,optimum-wing,18,2855,320.747407448
high_downforce,optimum-wing,18,2860,321.099336486
high_downforce,optimum-wing,18,2865,321.433003216
high_downforce,optimum-wing,18,2870,321.760619153
high_downforce,optimum-wing,18,2875,322.082302512
high_downforce,optimum-wing,18,2880,322.398168878
high_downforce,optimum-wing,18,2885,322.708331285
high_downforce,optimum-wing,18,2890,323.012900274
high_downforce,optimum-wing,18,2895,323.311983966
high_downforce,optimum-wing,18,2900,323.605688124
high_downforce,optimum-wing,18,2905,323.894116213
high_downforce,optimum-wing,18,2910,324.177369459
high_downforce,optimum-wing,18,2915,324.455546911
high_downforce,optimum-wing,18,2920,324.728745491
high_downforce,optimum-wing,18,2925,324.997060055
high_downforce,optimum-wing,18,2930,325.260583438
high_downforce,optimum-wing,18,2935,325.519406509
high_downforce,optimum-wing,18,2940,325.773618221
high_downforce,optimum-wing,18,2945,326.023305655
high_downforce,optimum-wing,18,2950,326.268554069
high_downforce,optimum-wing,18,2955,326.509446942
high_downforce,optimum-wing,18,2960,326.746066018
high_downforce,optimum-wing,18,2965,326.978491348
high_downforce,optimum-wing,18,2970,327.20680133
high_downforce,optimum-wing,18,2975,327.431072748
high_downforce,optimum-wing,18,2980,327.651380815
high_downforce,optimum-wing,18,2985,327.867799205
high_downforce,optimum-wing,18,2990,328.080400092
high_downforce,optimum-wing,18,2995,328.289254186
high_downforce,optimum-wing,18,3000,328.494430766
high_downforce,optimum-wing,18,3005,328.695997712
high_downforce,optimum-wing,18,3010,328.894021541
high_downforce,optimum-wing,18,3015,329.088567437
high_downforce,optimum-wing,18,3020,329.27969928
high_downforce,optimum-wing,18,3025,329.467479676
high_downforce,optimum-wing,18,3030,329.651969989
high_downforce,optimum-wing,18,3035,329.833230366
high_downforce,optimum-wing,18,3040,330.011319766
high_downforce,optimum-wing,18,3045,330.186295986
high_downforce,optimum-wing,18,3050,330.358215687
high_downforce,optimum-wing,18,3055,330.527134419
high_downforce,optimum-wing,18,3060,330.693106648
high_downforce,optimum-wing,18,3065,330.856185775
high_downforce,optimum-wing,18,3070,331.016424165
high_downforce,optimum-wing,18,3075,331.033322744
high_downforce,optimum-wing,18,3080,331.033322744
high_downforce,optimum-wing,18,3085,326.945136375
high_downforce,optimum-wing,18,3090,322.184413818
high_downforce,optimum-wing,18,3095,317.686973334
high_downforce,optimum-wing,18,3100,313.520637075
high_downforce,optimum-wing,18,3105,309.805719565
high_downforce,optimum-wing,18,3110,306.997415044
high_downforce,optimum-wing,18,3115,304.443212163
high_downforce,optimum-wing,18,3120,302.466212932
high_downforce,optimum-wing,18,3125,300.476632476
high_downforce,optimum-wing,18,3130,298.473790077
high_downforce,optimum-wing,18,3135,296.457416945
high_downforce,optimum-wing,18,3140,294.427235086
high_downforce,optimum-wing,18,3145,292.382956855
high_downforce,optimum-wing,18,3150,290.333018592
high_downforce,optimum-wing,18,3155,288.304325596
high_downforce,optimum-wing,18,3160,286.296147357
high_downforce,optimum-wing,18,3165,284.307783291
high_downforce,optimum-wing,18,3170,282.338561041
high_downforce,optimum-wing,18,3175,280.387834905
high_downforce,optimum-wing,18,3180,278.454984351
high_downforce,optimum-wing,18,3185,276.539412634
high_downforce,optimum-wing,18,3190,274.640545502
high_downforce,optimum-wing,18,3195,272.757829977
high_downforce,optimum-wing,18,3200,270.890733219
high_downforce,optimum-wing,18,3205,269.03874145
high_downforce,optimum-wing,18,3210,267.201358948
high_downforce,optimum-wing,18,3215,265.378107104
high_downforce,optimum-wing,18,3220,263.568523525
high_downforce,optimum-wing,18,3225,261.772161198
high_downforce,optimum-wing,18,3230,259.988587696
high_downforce,optimum-wing,18,3235,258.217384429
high_downforce,optimum-wing,18,3240,256.45814594
high_downforce,optimum-wing,18,3245,254.710479236
high_downforce,optimum-wing,18,3250,252.974003156
high_downforce,optimum-wing,18,3255,251.248347774
high_downforce,optimum-wing,18,3260,249.533153828
high_downforce,optimum-wing,18,3265,247.828072187
high_downforce,optimum-wing,18,3270,246.132763333
high_downforce,optimum-wing,18,3275,244.446896884
high_downforce,optimum-wing,18,3280,242.770151124
high_downforce,optimum-wing,18,3285,241.102212565
high_downforce,optimum-wing,18,3290,239.442775529
high_downforce,optimum-wing,18,3295,237.791541744
high_downforce,optimum-wing,18,3300,236.148219967
high_downforce,optimum-wing,18,3305,234.512525609
high_downforce,optimum-wing,18,3310,232.884180393
high_downforce,optimum-wing,18,3315,232.884180393
high_downforce,optimum-wing,18,3320,232.884180393
high_downforce,optimum-wing,18,3325,232.884180393
high_downforce,optimum-wing,18,3330,232.884180393
high_downforce,optimum-wing,18,3335,232.884180393
high_downforce,optimum-wing,18,3340,232.884180393
high_downforce,optimum-wing,18,3345,232.884180393
high_downforce,optimum-wing,18,3350,232.884180393
high_downforce,optimum-wing,18,3355,232.884180393
high_downforce,optimum-wing,18,3360,232.884180393
high_downforce,optimum-wing,18,3365,232.884180393
high_downforce,optimum-wing,18,3370,232.884180393
high_downforce,optimum-wing,18,3375,233.05731962
high_downforce,optimum-wing,18,3380,233.37996503
high_downforce,optimum-wing,18,3385,233.827059237
high_downforce,optimum-wing,18,3390,234.380629809
high_downforce,optimum-wing,18,3395,235.027133137
high_downforce,optimum-wing,18,3400,235.756012927
high_downforce,optimum-wing,18,3405,236.558839069
high_downforce,optimum-wing,18,3410,237.428756372
high_downforce,optimum-wing,18,3415,238.36011269
high_downforce,optimum-wing,18,3420,239.348197581
high_downforce,optimum-wing,18,3425,240.389052477
high_downforce,optimum-wing,18,3430,241.479329045
high_downforce,optimum-wing,18,3435,242.616181086
high_downforce,optimum-wing,18,3440,243.79718046
high_downforce,optimum-wing,18,3445,245.020250613
high_downforce,optimum-wing,18,3450,246.283613306
high_downforce,optimum-wing,18,3455,247.585745382
high_downforce,optimum-wing,18,3460,248.925343312
high_downforce,optimum-wing,18,3465,250.301293854
high_downforce,optimum-wing,18,3470,251.712649558
high_downforce,optimum-wing,18,3475,253.158608176
high_downforce,optimum-wing,18,3480,254.638495228
high_downforce,optimum-wing,18,3485,256.151749167
high_downforce,optimum-wing,18,3490,257.697908671
high_downforce,optimum-wing,18,3495,259.276601718
high_downforce,optimum-wing,18,3500,260.887536143
high_downforce,optimum-wing,18,3505,262.530491447
high_downforce,optimum-wing,18,3510,264.20531166
high_downforce,optimum-wing,18,3515,265.670273719
high_downforce,optimum-wing,18,3520,267.105185482
high_downforce,optimum-wing,18,3525,268.510895045
high_downforce,optimum-wing,18,3530,269.888215569
high_downforce,optimum-wing,18,3535,271.237927275
high_downforce,optimum-wing,18,3540,272.560779301
high_downforce,optimum-wing,18,3545,273.857491424
high_downforce,optimum-wing,18,3550,275.128755657
high_downforce,optimum-wing,18,3555,276.375237735
high_downforce,optimum-wing,18,3560,277.5975785
high_downforce,optimum-wing,18,3565,278.796395189
high_downforce,optimum-wing,18,3570,279.972282642
high_downforce,optimum-wing,18,3575,281.125814421
high_downforce,optimum-wing,18,3580,282.257543869
high_downforce,optimum-wing,18,3585,283.36800509
high_downforce,optimum-wing,18,3590,284.457713875
high_downforce,optimum-wing,18,3595,285.527168564
high_downforce,optimum-wing,18,3600,286.576850866
high_downforce,optimum-wing,18,3605,287.607226617
high_downforce,optimum-wing,18,3610,288.61759521
high_downforce,optimum-wing,18,3615,289.606485047
high_downforce,optimum-wing,18,3620,290.574459419
high_downforce,optimum-wing,18,3625,291.517703152
high_downforce,optimum-wing,18,3630,292.441204616
high_downforce,optimum-wing,18,3635,293.345467284
high_downforce,optimum-wing,18,3640,294.230977689
high_downforce,optimum-wing,18,3645,295.098206184
high_downforce,optimum-wing,18,3650,295.947607668
high_downforce,optimum-wing,18,3655,296.779622262
high_downforce,optimum-wing,18,3660,297.594675951
high_downforce,optimum-wing,18,3665,298.393181188
high_downforce,optimum-wing,18,3670,299.17553747
high_downforce,optimum-wing,18,3675,299.942131875
high_downforce,optimum-wing,18,3680,300.693339574
high_downforce,optimum-wing,18,3685,301.429524318
high_downforce,optimum-wing,18,3690,302.151038899
high_downforce,optimum-wing,18,3695,302.858225579
high_downforce,optimum-wing,18,3700,303.551416512
high_downforce,optimum-wing,18,3705,304.23093413
high_downforce,optimum-wing,18,3710,304.897091519
high_downforce,optimum-wing,18,3715,305.550192774
high_downforce,optimum-wing,18,3720,306.190533337
high_downforce,optimum-wing,18,3725,306.818400314
high_downforce,optimum-wing,18,3730,307.434072788
high_downforce,optimum-wing,18,3735,308.037822102
high_downforce,optimum-wing,18,3740,308.629912146
high_downforce,optimum-wing,18,3745,309.210599616
high_downforce,optimum-wing,18,3750,309.780134267
high_downforce,optimum-wing,18,3755,310.338759161
high_downforce,optimum-wing,18,3760,310.886710889
high_downforce,optimum-wing,18,3765,311.4242198
high_downforce,optimum-wing,18,3770,311.951510208
high_downforce,optimum-wing,18,3775,312.468800593
high_downforce,optimum-wing,18,3780,312.976303797
high_downforce,optimum-wing,18,3785,313.47422721
high_downforce,optimum-wing,18,3790,313.962772943
high_downforce,optimum-wing,18,3795,314.442138004
high_downforce,optimum-wing,18,3800,314.912514456
high_downforce,optimum-wing,18,3805,315.374089577
high_downforce,optimum-wing,18,3810,315.827046008
high_downforce,optimum-wing,18,3815,316.2715619
high_downforce,optimum-wing,18,3820,316.707811047
high_downforce,optimum-wing,18,3825,317.135963028
high_downforce,optimum-wing,18,3830,317.556183326
high_downforce,optimum-wing,18,3835,317.968633457
high_downforce,optimum-wing,18,3840,318.373471085
high_downforce,optimum-wing,18,3845,318.770850138
high_downforce,optimum-wing,18,3850,319.160920917
high_downforce,optimum-wing,18,3855,319.543830202
high_downforce,optimum-wing,18,3860,319.919721351
high_downforce,optimum-wing,18,3865,320.288734405
high_downforce,optimum-wing,18,3870,320.651006172
high_downforce,optimum-wing,18,3875,321.006670329
high_downforce,optimum-wing,18,3880,321.355857502
high_downforce,optimum-wing,18,3885,321.698695355
high_downforce,optimum-wing,18,3890,322.035308669
high_downforce,optimum-wing,18,3895,322.365819424
high_downforce,optimum-wing,18,3900,322.690346875
high_downforce,optimum-wing,18,3905,323.009007621
high_downforce,optimum-wing,18,3910,323.321915684
high_downforce,optimum-wing,18,3915,323.62918257
high_downforce,optimum-wing,18,3920,323.930917342
high_downforce,optimum-wing,18,3925,324.22722668
high_downforce,optimum-wing,18,3930,324.518214946
high_downforce,optimum-wing,18,3935,324.803984243
high_downforce,optimum-wing,18,3940,325.084634472
high_downforce,optimum-wing,18,3945,325.360263394
high_downforce,optimum-wing,18,3950,325.630966675
high_downforce,optimum-wing,18,3955,325.896837949
high_downforce,optimum-wing,18,3960,326.157968864
high_downforce,optimum-wing,18,3965,326.41444913
high_downforce,optimum-wing,18,3970,326.666366574
high_downforce,optimum-wing,18,3975,326.913807179
high_downforce,optimum-wing,18,3980,327.156855134
high_downforce,optimum-wing,18,3985,327.395592877
high_downforce,optimum-wing,18,3990,327.630101138
high_downforce,optimum-wing,18,3995,327.860458978
high_downforce,optimum-wing,18,4000,328.086743831
high_downforce,optimum-wing,18,4005,328.309031544
high_downforce,optimum-wing,18,4010,328.527396413
high_downforce,optimum-wing,18,4015,328.74191122
high_downforce,optimum-wing,18,4020,328.952647269
high_downforce,optimum-wing,18,4025,329.159674422
high_downforce,optimum-wing,18,4030,329.363061128
high_downforce,optimum-wing,18,4035,329.363061128
high_downforce,optimum-wing,18,4040,329.363061128
high_downforce,optimum-wing,18,4045,329.426347768
high_downforce,optimum-wing,18,4050,329.611221933
high_downforce,optimum-wing,18,4055,329.800900361
high_downforce,optimum-wing,18,4060,329.987255691
high_downforce,optimum-wing,18,4065,330.170348692
high_downforce,optimum-wing,18,4070,330.350238933
high_downforce,optimum-wing,18,4075,330.526984804
high_downforce,optimum-wing,18,4080,330.700643552
high_downforce,optimum-wing,18,4085,330.871271297
high_downforce,optimum-wing,18,4090,331.038923061
high_downforce,optimum-wing,18,4095,331.203652794
high_downforce,optimum-wing,18,4100,331.365513396
high_downforce,optimum-wing,18,4105,331.524556737
high_downforce,optimum-wing,18,4110,331.598990261
high_downforce,optimum-wing,18,4115,331.672432572
high_downforce,optimum-wing,18,4120,331.744897128
high_downforce,optimum-wing,18,4125,331.816397198
high_downforce,optimum-wing,18,4130,331.886945863
high_downforce,optimum-wing,18,4135,331.956556019
high_downforce,optimum-wing,18,4140,332.025240383
high_downforce,optimum-wing,18,4145,332.093011493
high_downforce,optimum-wing,18,4150,332.159881709
high_downforce,optimum-wing,18,4155,332.225863221
high_downforce,optimum-wing,18,4160,332.290968047
high_downforce,optimum-wing,18,4165,332.355208036
high_downforce,optimum-wing,18,4170,332.418594872
high_downforce,optimum-wing,18,4175,332.481140078
high_downforce,optimum-wing,18,4180,332.542855014
high_downforce,optimum-wing,18,4185,332.603750881
high_downforce,optimum-wing,18,4190,332.663838726
high_downforce,optimum-wing,18,4195,332.723129442
high_downforce,optimum-wing,18,4200,332.78163377
high_downforce,optimum-wing,18,4205,332.839362303
high_downforce,optimum-wing,18,4210,332.896325484
high_downforce,optimum-wing,18,4215,332.952533614
high_downforce,optimum-wing,18,4220,333.007996852
high_downforce,optimum-wing,18,4225,333.062725213
high_downforce,optimum-wing,18,4230,333.116728577
high_downforce,optimum-wing,18,4235,333.170016684
high_downforce,optimum-wing,18,4240,333.222599143
high_downforce,optimum-wing,18,4245,333.274485427
high_downforce,optimum-wing,18,4250,333.325684881
high_downforce,optimum-wing,18,4255,333.376206721
high_downforce,optimum-wing,18,4260,333.426060033
high_downforce,optimum-wing,18,4265,333.475253782
high_downforce,optimum-wing,18,4270,333.523796807
high_downforce,optimum-wing,18,4275,333.571697827
high_downforce,optimum-wing,18,4280,333.61896544
high_downforce,optimum-wing,18,4285,333.665608128
high_downforce,optimum-wing,18,4290,333.711634253
high_downforce,optimum-wing,18,4295,333.757052067
high_downforce,optimum-wing,18,4300,333.801869705
high_downforce,optimum-wing,18,4305,333.846095193
high_downforce,optimum-wing,18,4310,333.889736446
high_downforce,optimum-wing,18,4315,333.932801271
high_downforce,optimum-wing,18,4320,333.97529737
high_downforce,optimum-wing,18,4325,334.017232337
high_downforce,optimum-wing,18,4330,334.058613663
high_downforce,optimum-wing,18,4335,334.099448739
high_downforce,optimum-wing,18,4340,334.139744854
high_downforce,optimum-wing,18,4345,332.339307097
high_downforce,optimum-wing,18,4350,323.070608775
high_downforce,optimum-wing,18,4355,313.631701676
high_downforce,optimum-wing,18,4360,304.005587223
high_downforce,optimum-wing,18,4365,294.172717817
high_downforce,optimum-wing,18,4370,284.110428477
high_downforce,optimum-wing,18,4375,273.79219508
high_downforce,optimum-wing,18,4380,263.186649971
high_downforce,optimum-wing,18,4385,252.256250439
high_downforce,optimum-wing,18,4390,240.955437895
high_downforce,optimum-wing,18,4395,229.389482865
high_downforce,optimum-wing,18,4400,217.771081109
high_downforce,optimum-wing,18,4405,206.081156495
high_downforce,optimum-wing,18,4410,194.294788688
high_downforce,optimum-wing,18,4415,194.294788688
high_downforce,optimum-wing,18,4420,194.294788688
high_downforce,optimum-wing,18,4425,194.294788688
high_downforce,optimum-wing,18,4430,194.294788688
high_downforce,optimum-wing,18,4435,194.294788688
high_downforce,optimum-wing,18,4440,194.294788688
high_downforce,optimum-wing,18,4445,194.294788688
high_downforce,optimum-wing,18,4450,194.294788688
high_downforce,optimum-wing,18,4455,194.294788688
high_downforce,optimum-wing,18,4460,194.294788688
high_downforce,optimum-wing,18,4465,194.294788688
high_downforce,optimum-wing,18,4470,194.294788688
high_downforce,optimum-wing,18,4475,194.294788688
high_downforce,optimum-wing,18,4480,194.294788688
high_downforce,optimum-wing,18,4485,194.294788688
high_downforce,optimum-wing,18,4490,194.294788688
high_downforce,optimum-wing,18,4495,194.294788688
high_downforce,optimum-wing,18,4500,194.294788688
high_downforce,optimum-wing,18,4505,194.294788688
high_downforce,optimum-wing,18,4510,194.294788688
high_downforce,optimum-wing,18,4515,194.294788688
high_downforce,optimum-wing,18,4520,194.294788688
high_downforce,optimum-wing,18,4525,194.294788688
high_downforce,optimum-wing,18,4530,194.294788688
high_downforce,optimum-wing,18,4535,194.294788688
high_downforce,optimum-wing,18,4540,194.294788688
high_downforce,optimum-wing,18,4545,194.294788688
high_downforce,optimum-wing,18,4550,194.294788688
high_downforce,optimum-wing,18,4555,194.294788688
high_downforce,optimum-wing,18,4560,194.294788688
high_downforce,optimum-wing,18,4565,194.294788688
high_downforce,optimum-wing,18,4570,194.294788688
high_downforce,optimum-wing,18,4575,194.294788688
high_downforce,optimum-wing,18,4580,194.294788688
high_downforce,optimum-wing,18,4585,194.294788688
high_downforce,optimum-wing,18,4590,194.294788688
high_downforce,optimum-wing,18,4595,194.294788688
high_downforce,optimum-wing,18,4600,194.294788688
high_downforce,optimum-wing,18,4605,194.294788688
high_downforce,optimum-wing,18,4610,194.294788688
high_downforce,optimum-wing,18,4615,194.294788688
high_downforce,optimum-wing,18,4620,194.294788688
high_downforce,optimum-wing,18,4625,194.294788688
high_downforce,optimum-wing,18,4630,194.294788688
high_downforce,optimum-wing,18,4635,194.294788688
high_downforce,optimum-wing,18,4640,194.294788688
high_downforce,optimum-wing,18,4645,194.294788688
high_downforce,optimum-wing,18,4650,194.294788688
high_downforce,optimum-wing,18,4655,194.294788688
high_downforce,optimum-wing,18,4660,194.294788688
high_downforce,optimum-wing,18,4665,194.294788688
high_downforce,optimum-wing,18,4670,194.294788688
high_downforce,optimum-wing,18,4675,194.294788688
high_downforce,optimum-wing,18,4680,194.294788688
high_downforce,optimum-wing,18,4685,194.294788688
high_downforce,optimum-wing,18,4690,194.294788688
high_downforce,optimum-wing,18,4695,194.294788688
high_downforce,optimum-wing,18,4700,194.294788688
high_downforce,optimum-wing,18,4705,194.294788688
high_downforce,optimum-wing,18,4710,194.294788688
high_downforce,optimum-wing,18,4715,194.294788688
high_downforce,maximum-wing,30,0,186.782600382
high_downforce,maximum-wing,30,5,191.65733783
high_downforce,maximum-wing,30,10,196.214045811
high_downforce,maximum-wing,30,15,200.485577182
high_downforce,maximum-wing,30,20,204.499756828
high_downforce,maximum-wing,30,25,207.910822389
high_downforce,maximum-wing,30,30,211.194764891
high_downforce,maximum-wing,30,35,214.359426154
high_downforce,maximum-wing,30,40,217.411894224
high_downforce,maximum-wing,30,45,220.358602355
high_downforce,maximum-wing,30,50,223.205411787
high_downforce,maximum-wing,30,55,225.957681438
high_downforce,maximum-wing,30,60,228.620326982
high_downforce,maximum-wing,30,65,231.197825115
high_downforce,maximum-wing,30,70,233.679005956
high_downforce,maximum-wing,30,75,236.069083067
high_downforce,maximum-wing,30,80,238.372853948
high_downforce,maximum-wing,30,85,240.594745296
high_downforce,maximum-wing,30,90,242.738852079
high_downforce,maximum-wing,30,95,244.808971423
high_downforce,maximum-wing,30,100,246.808632156
high_downforce,maximum-wing,30,105,248.741120646
high_downforce,maximum-wing,30,110,250.609503506
high_downforce,maximum-wing,30,115,252.41664761
high_downforce,maximum-wing,30,120,254.16523781
high_downforce,maximum-wing,30,125,255.857792661
high_downforce,maximum-wing,30,130,257.496678425
high_downforce,maximum-wing,30,135,259.084121585
high_downforce,maximum-wing,30,140,260.622220053
high_downforce,maximum-wing,30,145,262.112953238
high_downforce,maximum-wing,30,150,263.558191112
high_downforce,maximum-wing,30,155,264.959702397
high_downforce,maximum-wing,30,160,266.147474047
high_downforce,maximum-wing,30,165,267.30984525
high_downforce,maximum-wing,30,170,268.447510289
high_downforce,maximum-wing,30,175,269.561137192
high_downforce,maximum-wing,30,180,270.651369094
high_downforce,maximum-wing,30,185,271.718825509
high_downforce,maximum-wing,30,190,272.764103523
high_downforce,maximum-wing,30,195,273.787778897
high_downforce,maximum-wing,30,200,274.790407114
high_downforce,maximum-wing,30,205,275.772524353
high_downforce,maximum-wing,30,210,276.734648399
high_downforce,maximum-wing,30,215,277.677279507
high_downforce,maximum-wing,30,220,278.600901204
high_downforce,maximum-wing,30,225,279.505981049
high_downforce,maximum-wing,30,230,280.39297135
high_downforce,maximum-wing,30,235,281.26230983
high_downforce,maximum-wing,30,240,282.11442027
high_downforce,maximum-wing,30,245,282.949713101
high_downforce,maximum-wing,30,250,283.768585975
high_downforce,maximum-wing,30,255,284.571424293
high_downforce,maximum-wing,30,260,285.358601719
high_downforce,maximum-wing,30,265,286.13048065
high_downforce,maximum-wing,30,270,286.887412678
high_downforce,maximum-wing,30,275,287.629739011
high_downforce,maximum-wing,30,280,288.356569542
high_downforce,maximum-wing,30,285,289.067250998
high_downforce,maximum-wing,30,290,289.762197412
high_downforce,maximum-wing,30,295,290.441809596
high_downforce,maximum-wing,30,300,291.106475689
high_downforce,maximum-wing,30,305,291.756571678
high_downforce,maximum-wing,30,310,292.39246189
high_downforce,maximum-wing,30,315,293.01449946
high_downforce,maximum-wing,30,320,293.623026774
high_downforce,maximum-wing,30,325,294.218375891
high_downforce,maximum-wing,30,330,294.80086894
high_downforce,maximum-wing,30,335,295.370818501
high_downforce,maximum-wing,30,340,295.928527968
high_downforce,maximum-wing,30,345,296.474291893
high_downforce,maximum-wing,30,350,297.00839631
high_downforce,maximum-wing,30,355,297.531119052
high_downforce,maximum-wing,30,360,298.042730046
high_downforce,maximum-wing,30,365,298.543491597
high_downforce,maximum-wing,30,370,299.033658659
high_downforce,maximum-wing,30,375,299.513479093
high_downforce,maximum-wing,30,380,299.983193918
high_downforce,maximum-wing,30,385,300.443037542
high_downforce,maximum-wing,30,390,300.89323799
high_downforce,maximum-wing,30,395,301.334017122
high_downforce,maximum-wing,30,400,301.765590838
high_downforce,maximum-wing,30,405,302.188169275
high_downforce,maximum-wing,30,410,302.601957
high_downforce,maximum-wing,30,415,303.00715319
high_downforce,maximum-wing,30,420,303.403951807
high_downforce,maximum-wing,30,425,303.792541765
high_downforce,maximum-wing,30,430,304.17310709
high_downforce,maximum-wing,30,435,304.545827078
high_downforce,maximum-wing,30,440,304.910876438
high_downforce,maximum-wing,30,445,305.268425436
high_downforce,maximum-wing,30,450,305.618640035
high_downforce,maximum-wing,30,455,298.477695636
high_downforce,maximum-wing,30,460,288.224998226
high_downforce,maximum-wing,30,465,277.730542929
high_downforce,maximum-wing,30,470,266.964027477
high_downforce,maximum-wing,30,475,255.889266503
high_downforce,maximum-wing,30,480,244.462461886
high_downforce,maximum-wing,30,485,244.462461886
high_downforce,maximum-wing,30,490,244.462461886
high_downforce,maximum-wing,30,495,244.462461886
high_downforce,maximum-wing,30,500,244.462461886
high_downforce,maximum-wing,30,505,244.462461886
high_downforce,maximum-wing,30,510,244.462461886
high_downforce,maximum-wing,30,515,244.462461886
high_downforce,maximum-wing,30,520,244.462461886
high_downforce,maximum-wing,30,525,244.462461886
high_downforce,maximum-wing,30,530,244.462461886
high_downforce,maximum-wing,30,535,244.462461886
high_downforce,maximum-wing,30,540,244.462461886
high_downforce,maximum-wing,30,545,244.462461886
high_downforce,maximum-wing,30,550,244.462461886
high_downforce,maximum-wing,30,555,244.462461886
high_downforce,maximum-wing,30,560,244.462461886
high_downforce,maximum-wing,30,565,244.462461886
high_downforce,maximum-wing,30,570,244.462461886
high_downforce,maximum-wing,30,575,244.462461886
high_downforce,maximum-wing,30,580,244.462461886
high_downforce,maximum-wing,30,585,244.462461886
high_downforce,maximum-wing,30,590,244.462461886
high_downforce,maximum-wing,30,595,244.462461886
high_downforce,maximum-wing,30,600,244.462461886
high_downforce,maximum-wing,30,605,244.462461886
high_downforce,maximum-wing,30,610,244.462461886
high_downforce,maximum-wing,30,615,244.462461886
high_downforce,maximum-wing,30,620,244.462461886
high_downforce,maximum-wing,30,625,244.462461886
high_downforce,maximum-wing,30,630,244.462461886
high_downforce,maximum-wing,30,635,244.462461886
high_downforce,maximum-wing,30,640,244.462461886
high_downforce,maximum-wing,30,645,244.462461886
high_downforce,maximum-wing,30,650,244.462461886
high_downforce,maximum-wing,30,655,244.462461886
high_downforce,maximum-wing,30,660,244.462461886
high_downforce,maximum-wing,30,665,244.462461886
high_downforce,maximum-wing,30,670,244.462461886
high_downforce,maximum-wing,30,675,244.462461886
high_downforce,maximum-wing,30,680,244.462461886
high_downforce,maximum-wing,30,685,244.462461886
high_downforce,maximum-wing,30,690,244.462461886
high_downforce,maximum-wing,30,695,244.462461886
high_downforce,maximum-wing,30,700,244.462461886
high_downforce,maximum-wing,30,705,244.462461886
high_downforce,maximum-wing,30,710,244.462461886
high_downforce,maximum-wing,30,715,244.462461886
high_downforce,maximum-wing,30,720,244.462461886
high_downforce,maximum-wing,30,725,244.462461886
high_downforce,maximum-wing,30,730,244.462461886
high_downforce,maximum-wing,30,735,244.462461886
high_downforce,maximum-wing,30,740,244.462461886
high_downforce,maximum-wing,30,745,244.462461886
high_downforce,maximum-wing,30,750,244.462461886
high_downforce,maximum-wing,30,755,244.462461886
high_downforce,maximum-wing,30,760,244.462461886
high_downforce,maximum-wing,30,765,244.462461886
high_downforce,maximum-wing,30,770,244.462461886
high_downforce,maximum-wing,30,775,244.462461886
high_downforce,maximum-wing,30,780,244.462461886
high_downforce,maximum-wing,30,785,246.468695532
high_downforce,maximum-wing,30,790,248.407427554
high_downforce,maximum-wing,30,795,250.281747216
high_downforce,maximum-wing,30,800,252.094541969
high_downforce,maximum-wing,30,805,253.848515408
high_downforce,maximum-wing,30,810,255.546203198
high_downforce,maximum-wing,30,815,257.18998726
high_downforce,maximum-wing,30,820,258.782106473
high_downforce,maximum-wing,30,825,260.324610877
high_downforce,maximum-wing,30,830,261.729167354
high_downforce,maximum-wing,30,835,262.982852279
high_downforce,maximum-wing,30,840,264.082281056
high_downforce,maximum-wing,30,845,265.023817433
high_downforce,maximum-wing,30,850,265.803514723
high_downforce,maximum-wing,30,855,266.417032653
high_downforce,maximum-wing,30,860,266.859517536
high_downforce,maximum-wing,30,865,267.125424942
high_downforce,maximum-wing,30,870,267.208247353
high_downforce,maximum-wing,30,875,267.208247353
high_downforce,maximum-wing,30,880,267.208247353
high_downforce,maximum-wing,30,885,265.393357924
high_downforce,maximum-wing,30,890,261.742488291
high_downforce,maximum-wing,30,895,258.843068824
high_downforce,maximum-wing,30,900,257.052608028
high_downforce,maximum-wing,30,905,255.249626776
high_downforce,maximum-wing,30,910,253.433819063
high_downforce,maximum-wing,30,915,251.604907186
high_downforce,maximum-wing,30,920,249.585289668
high_downforce,maximum-wing,30,925,246.947470651
high_downforce,maximum-wing,30,930,244.760653801
high_downforce,maximum-wing,30,935,243.045754274
high_downforce,maximum-wing,30,940,241.327285718
high_downforce,maximum-wing,30,945,239.751976204
high_downforce,maximum-wing,30,950,238.186749697
high_downforce,maximum-wing,30,955,236.631152412
high_downforce,maximum-wing,30,960,235.085081414
high_downforce,maximum-wing,30,965,233.548474195
high_downforce,maximum-wing,30,970,232.021268628
high_downforce,maximum-wing,30,975,230.503402958
high_downforce,maximum-wing,30,980,228.994815803
high_downforce,maximum-wing,30,985,227.495446153
high_downforce,maximum-wing,30,990,226.005233362
high_downforce,maximum-wing,30,995,224.524117151
high_downforce,maximum-wing,30,1000,223.0520376
high_downforce,maximum-wing,30,1005,221.588935153
high_downforce,maximum-wing,30,1010,220.134750608
high_downforce,maximum-wing,30,1015,218.689425118
high_downforce,maximum-wing,30,1020,217.252900187
high_downforce,maximum-wing,30,1025,215.825117672
high_downforce,maximum-wing,30,1030,214.406019774
high_downforce,maximum-wing,30,1035,212.99554904
high_downforce,maximum-wing,30,1040,211.593648358
high_downforce,maximum-wing,30,1045,210.200260959
high_downforce,maximum-wing,30,1050,208.815330407
high_downforce,maximum-wing,30,1055,207.438800605
high_downforce,maximum-wing,30,1060,206.070615787
high_downforce,maximum-wing,30,1065,204.710720516
high_downforce,maximum-wing,30,1070,203.359059686
high_downforce,maximum-wing,30,1075,202.015578514
high_downforce,maximum-wing,30,1080,200.680222542
high_downforce,maximum-wing,30,1085,199.352937631
high_downforce,maximum-wing,30,1090,198.047297847
high_downforce,maximum-wing,30,1095,196.7665113
high_downforce,maximum-wing,30,1100,195.509810865
high_downforce,maximum-wing,30,1105,194.276461763
high_downforce,maximum-wing,30,1110,193.065759846
high_downforce,maximum-wing,30,1115,191.877029994
high_downforce,maximum-wing,30,1120,190.709624604
high_downforce,maximum-wing,30,1125,189.562922186
high_downforce,maximum-wing,30,1130,188.436326029
high_downforce,maximum-wing,30,1135,187.329262966
high_downforce,maximum-wing,30,1140,187.329262966
high_downforce,maximum-wing,30,1145,192.194091401
high_downforce,maximum-wing,30,1150,196.742448817
high_downforce,maximum-wing,30,1155,201.006919448
high_downforce,maximum-wing,30,1160,205.015117648
high_downforce,maximum-wing,30,1165,208.43114678
high_downforce,maximum-wing,30,1170,211.719998176
high_downforce,maximum-wing,30,1175,214.88950862
high_downforce,maximum-wing,30,1180,217.946762373
high_downforce,maximum-wing,30,1185,220.898189904
high_downforce,maximum-wing,30,1190,223.749650456
high_downforce,maximum-wing,30,1195,226.506501586
high_downforce,maximum-wing,30,1200,229.173658113
high_downforce,maximum-wing,30,1205,231.752264741
high_downforce,maximum-wing,30,1210,234.234652055
high_downforce,maximum-wing,30,1215,236.62601971
high_downforce,maximum-wing,30,1220,238.931153117
high_downforce,maximum-wing,30,1225,241.154468422
high_downforce,maximum-wing,30,1230,243.30005136
high_downforce,maximum-wing,30,1235,245.371690958
high_downforce,maximum-wing,30,1240,247.372908918
high_downforce,maximum-wing,30,1245,249.306985325
high_downforce,maximum-wing,30,1250,251.176981244
high_downforce,maximum-wing,30,1255,252.985758638
high_downforce,maximum-wing,30,1260,254.735998006
high_downforce,maximum-wing,30,1265,256.430214036
high_downforce,maximum-wing,30,1270,258.070769557
high_downforce,maximum-wing,30,1275,259.659887997
high_downforce,maximum-wing,30,1280,261.199664546
high_downforce,maximum-wing,30,1285,262.69207619
high_downforce,maximum-wing,30,1290,264.138990738
high_downforce,maximum-wing,30,1295,265.363559722
high_downforce,maximum-wing,30,1300,266.561745369
high_downforce,maximum-wing,30,1305,267.734278798
high_downforce,maximum-wing,30,1310,268.88186295
high_downforce,maximum-wing,30,1315,270.005174087
high_downforce,maximum-wing,30,1320,271.104863177
high_downforce,maximum-wing,30,1325,272.181557198
high_downforce,maximum-wing,30,1330,273.235860345
high_downforce,maximum-wing,30,1335,274.268355166
high_downforce,maximum-wing,30,1340,275.279603621
high_downforce,maximum-wing,30,1345,276.270148077
high_downforce,maximum-wing,30,1350,277.240512236
high_downforce,maximum-wing,30,1355,278.191202013
high_downforce,maximum-wing,30,1360,279.122706354
high_downforce,maximum-wing,30,1365,280.03549801
high_downforce,maximum-wing,30,1370,280.930034266
high_downforce,maximum-wing,30,1375,281.80675762
high_downforce,maximum-wing,30,1380,282.666096433
high_downforce,maximum-wing,30,1385,283.508465539
high_downforce,maximum-wing,30,1390,284.334266816
high_downforce,maximum-wing,30,1395,285.143889732
high_downforce,maximum-wing,30,1400,285.93771186
high_downforce,maximum-wing,30,1405,286.716099362
high_downforce,maximum-wing,30,1410,287.479407452
high_downforce,maximum-wing,30,1415,288.227219991
high_downforce,maximum-wing,30,1420,288.958361287
high_downforce,maximum-wing,30,1425,289.673261743
high_downforce,maximum-wing,30,1430,290.372337861
high_downforce,maximum-wing,30,1435,291.055992834
high_downforce,maximum-wing,30,1440,291.724617092
high_downforce,maximum-wing,30,1445,292.378588834
high_downforce,maximum-wing,30,1450,293.01827452
high_downforce,maximum-wing,30,1455,293.644029343
high_downforce,maximum-wing,30,1460,294.256197675
high_downforce,maximum-wing,30,1465,294.855113494
high_downforce,maximum-wing,30,1470,295.441100782
high_downforce,maximum-wing,30,1475,296.014473914
high_downforce,maximum-wing,30,1480,296.575538017
high_downforce,maximum-wing,30,1485,297.124589319
high_downforce,maximum-wing,30,1490,297.661915478
high_downforce,maximum-wing,30,1495,298.187795899
high_downforce,maximum-wing,30,1500,298.70250203
high_downforce,maximum-wing,30,1505,299.206297652
high_downforce,maximum-wing,30,1510,299.699439148
high_downforce,maximum-wing,30,1515,300.182175767
high_downforce,maximum-wing,30,1520,300.654749869
high_downforce,maximum-wing,30,1525,301.117397168
high_downforce,maximum-wing,30,1530,301.570346955
high_downforce,maximum-wing,30,1535,302.013822318
high_downforce,maximum-wing,30,1540,302.44804035
high_downforce,maximum-wing,30,1545,302.873212348
high_downforce,maximum-wing,30,1550,303.289544006
high_downforce,maximum-wing,30,1555,303.697235594
high_downforce,maximum-wing,30,1560,304.096482138
high_downforce,maximum-wing,30,1565,304.477040511
high_downforce,maximum-wing,30,1570,304.849756732
high_downforce,maximum-wing,30,1575,305.214805362
high_downforce,maximum-wing,30,1580,305.572356527
high_downforce,maximum-wing,30,1585,305.92257605
high_downforce,maximum-wing,30,1590,306.265625589
high_downforce,maximum-wing,30,1595,306.601662757
high_downforce,maximum-wing,30,1600,306.93084125
high_downforce,maximum-wing,30,1605,307.253310958
high_downforce,maximum-wing,30,1610,307.569218081
high_downforce,maximum-wing,30,1615,307.878705238
high_downforce,maximum-wing,30,1620,308.181911569
high_downforce,maximum-wing,30,1625,308.478972837
high_downforce,maximum-wing,30,1630,308.770021527
high_downforce,maximum-wing,30,1635,309.055186937
high_downforce,maximum-wing,30,1640,309.334595271
high_downforce,maximum-wing,30,1645,309.608369725
high_downforce,maximum-wing,30,1650,309.876630568
high_downforce,maximum-wing,30,1655,310.139495232
high_downforce,maximum-wing,30,1660,310.397078382
high_downforce,maximum-wing,30,1665,310.649491996
high_downforce,maximum-wing,30,1670,310.896845439
high_downforce,maximum-wing,30,1675,311.13924553
high_downforce,maximum-wing,30,1680,311.376796617
high_downforce,maximum-wing,30,1685,311.609600637
high_downforce,maximum-wing,30,1690,311.837757185
high_downforce,maximum-wing,30,1695,312.061363573
high_downforce,maximum-wing,30,1700,312.280514892
high_downforce,maximum-wing,30,1705,312.495304069
high_downforce,maximum-wing,30,1710,312.705821926
high_downforce,maximum-wing,30,1715,312.912157231
high_downforce,maximum-wing,30,1720,313.114396752
high_downforce,maximum-wing,30,1725,313.312625312
high_downforce,maximum-wing,30,1730,313.506925833
high_downforce,maximum-wing,30,1735,313.697379389
high_downforce,maximum-wing,30,1740,313.884065249
high_downforce,maximum-wing,30,1745,314.067060926
high_downforce,maximum-wing,30,1750,314.246442219
high_downforce,maximum-wing,30,1755,314.422283254
high_downforce,maximum-wing,30,1760,314.59465653
high_downforce,maximum-wing,30,1765,314.763632954
high_downforce,maximum-wing,30,1770,314.929281885
high_downforce,maximum-wing,30,1775,315.091671168
high_downforce,maximum-wing,30,1780,315.250867173
high_downforce,maximum-wing,30,1785,315.40693483
high_downforce,maximum-wing,30,1790,315.559937666
high_downforce,maximum-wing,30,1795,315.709937833
high_downforce,maximum-wing,30,1800,315.856996147
high_downforce,maximum-wing,30,1805,316.001172117
high_downforce,maximum-wing,30,1810,316.142523978
high_downforce,maximum-wing,30,1815,316.281108718
high_downforce,maximum-wing,30,1820,316.41698211
high_downforce,maximum-wing,30,1825,316.550198739
high_downforce,maximum-wing,30,1830,316.68081203
high_downforce,maximum-wing,30,1835,316.808874279
high_downforce,maximum-wing,30,1840,316.934436671
high_downforce,maximum-wing,30,1845,317.057549314
high_downforce,maximum-wing,30,1850,317.178261258
high_downforce,maximum-wing,30,1855,317.296620524
high_downforce,maximum-wing,30,1860,317.412674123
high_downforce,maximum-wing,30,1865,317.526468083
high_downforce,maximum-wing,30,1870,317.638047468
high_downforce,maximum-wing,30,1875,317.747456403
high_downforce,maximum-wing,30,1880,317.854738093
high_downforce,maximum-wing,30,1885,317.959934844
high_downforce,maximum-wing,30,1890,318.063088086
high_downforce,maximum-wing,30,1895,318.164238388
high_downforce,maximum-wing,30,1900,318.263425479
high_downforce,maximum-wing,30,1905,318.36068827
high_downforce,maximum-wing,30,1910,318.456064868
high_downforce,maximum-wing,30,1915,318.549592595
high_downforce,maximum-wing,30,1920,318.641308006
high_downforce,maximum-wing,30,1925,318.731246905
high_downforce,maximum-wing,30,1930,318.819444364
high_downforce,maximum-wing,30,1935,318.905934733
high_downforce,maximum-wing,30,1940,318.990751665
high_downforce,maximum-wing,30,1945,319.073928122
high_downforce,maximum-wing,30,1950,319.155496395
high_downforce,maximum-wing,30,1955,314.521355562
high_downforce,maximum-wing,30,1960,307.915771373
high_downforce,maximum-wing,30,1965,301.279649952
high_downforce,maximum-wing,30,1970,294.614741751
high_downforce,maximum-wing,30,1975,287.923267524
high_downforce,maximum-wing,30,1980,281.207106982
high_downforce,maximum-wing,30,1985,274.467659265
high_downforce,maximum-wing,30,1990,267.708586795
high_downforce,maximum-wing,30,1995,260.934514482
high_downforce,maximum-wing,30,2000,254.151278766
high_downforce,maximum-wing,30,2005,247.366253564
high_downforce,maximum-wing,30,2010,240.58878296
high_downforce,maximum-wing,30,2015,233.83076557
high_downforce,maximum-wing,30,2020,227.107460845
high_downforce,maximum-wing,30,2025,220.438632471
high_downforce,maximum-wing,30,2030,213.850229629
high_downforce,maximum-wing,30,2035,207.376984791
high_downforce,maximum-wing,30,2040,201.066722084
high_downforce,maximum-wing,30,2045,194.98830347
high_downforce,maximum-wing,30,2050,189.249025412
high_downforce,maximum-wing,30,2055,184.047010447
high_downforce,maximum-wing,30,2060,180.183872163
high_downforce,maximum-wing,30,2065,176.526742118
high_downforce,maximum-wing,30,2070,172.792333613
high_downforce,maximum-wing,30,2075,168.975413678
high_downforce,maximum-wing,30,2080,165.070258678
high_downforce,maximum-wing,30,2085,165.070258678
high_downforce,maximum-wing,30,2090,165.070258678
high_downforce,maximum-wing,30,2095,165.070258678
high_downforce,maximum-wing,30,2100,165.070258678
high_downforce,maximum-wing,30,2105,165.070258678
high_downforce,maximum-wing,30,2110,165.070258678
high_downforce,maximum-wing,30,2115,165.070258678
high_downforce,maximum-wing,30,2120,165.070258678
high_downforce,maximum-wing,30,2125,165.070258678
high_downforce,maximum-wing,30,2130,165.070258678
high_downforce,maximum-wing,30,2135,165.070258678
high_downforce,maximum-wing,30,2140,165.070258678
high_downforce,maximum-wing,30,2145,165.070258678
high_downforce,maximum-wing,30,2150,165.070258678
high_downforce,maximum-wing,30,2155,165.070258678
high_downforce,maximum-wing,30,2160,165.070258678
high_downforce,maximum-wing,30,2165,165.070258678
high_downforce,maximum-wing,30,2170,165.070258678
high_downforce,maximum-wing,30,2175,165.070258678
high_downforce,maximum-wing,30,2180,165.070258678
high_downforce,maximum-wing,30,2185,165.070258678
high_downforce,maximum-wing,30,2190,165.070258678
high_downforce,maximum-wing,30,2195,165.070258678
high_downforce,maximum-wing,30,2200,165.070258678
high_downforce,maximum-wing,30,2205,165.070258678
high_downforce,maximum-wing,30,2210,165.070258678
high_downforce,maximum-wing,30,2215,165.070258678
high_downforce,maximum-wing,30,2220,165.070258678
high_downforce,maximum-wing,30,2225,165.070258678
high_downforce,maximum-wing,30,2230,165.070258678
high_downforce,maximum-wing,30,2235,165.070258678
high_downforce,maximum-wing,30,2240,165.070258678
high_downforce,maximum-wing,30,2245,165.070258678
high_downforce,maximum-wing,30,2250,165.070258678
high_downforce,maximum-wing,30,2255,165.070258678
high_downforce,maximum-wing,30,2260,165.070258678
high_downforce,maximum-wing,30,2265,165.070258678
high_downforce,maximum-wing,30,2270,165.070258678
high_downforce,maximum-wing,30,2275,165.070258678
high_downforce,maximum-wing,30,2280,165.070258678
high_downforce,maximum-wing,30,2285,165.070258678
high_downforce,maximum-wing,30,2290,165.070258678
high_downforce,maximum-wing,30,2295,165.070258678
high_downforce,maximum-wing,30,2300,165.070258678
high_downforce,maximum-wing,30,2305,165.070258678
high_downforce,maximum-wing,30,2310,165.070258678
high_downforce,maximum-wing,30,2315,165.070258678
high_downforce,maximum-wing,30,2320,165.070258678
high_downforce,maximum-wing,30,2325,165.070258678
high_downforce,maximum-wing,30,2330,165.070258678
high_downforce,maximum-wing,30,2335,165.070258678
high_downforce,maximum-wing,30,2340,165.070258678
high_downforce,maximum-wing,30,2345,170.571465221
high_downforce,maximum-wing,30,2350,175.969390283
high_downforce,maximum-wing,30,2355,181.273850546
high_downforce,maximum-wing,30,2360,186.493398777
high_downforce,maximum-wing,30,2365,191.390763109
high_downforce,maximum-wing,30,2370,195.967751883
high_downforce,maximum-wing,30,2375,200.257584125
high_downforce,maximum-wing,30,2380,204.28837459
high_downforce,maximum-wing,30,2385,207.710488143
high_downforce,maximum-wing,30,2390,211.004815314
high_downforce,maximum-wing,30,2395,214.179261761
high_downforce,maximum-wing,30,2400,217.240970888
high_downforce,maximum-wing,30,2405,220.196424234
high_downforce,maximum-wing,30,2410,223.051525379
high_downforce,maximum-wing,30,2415,225.811670563
high_downforce,maximum-wing,30,2420,228.481808507
high_downforce,maximum-wing,30,2425,231.066491392
high_downforce,maximum-wing,30,2430,233.555258404
high_downforce,maximum-wing,30,2435,235.952535051
high_downforce,maximum-wing,30,2440,238.263148528
high_downforce,maximum-wing,30,2445,240.491552079
high_downforce,maximum-wing,30,2450,242.641864489
high_downforce,maximum-wing,30,2455,244.71790433
high_downforce,maximum-wing,30,2460,246.723219799
high_downforce,maximum-wing,30,2465,248.661114815
high_downforce,maximum-wing,30,2470,250.53467194
high_downforce,maximum-wing,30,2475,252.34677258
high_downforce,maximum-wing,30,2480,254.10011486
high_downforce,maximum-wing,30,2485,255.797229493
high_downforce,maximum-wing,30,2490,257.440493898
high_downforce,maximum-wing,30,2495,259.032144825
high_downforce,maximum-wing,30,2500,260.574289647
high_downforce,maximum-wing,30,2505,262.068916514
high_downforce,maximum-wing,30,2510,263.517903486
high_downforce,maximum-wing,30,2515,264.923026786
high_downforce,maximum-wing,30,2520,266.113972622
high_downforce,maximum-wing,30,2525,267.279435067
high_downforce,maximum-wing,30,2530,268.420111448
high_downforce,maximum-wing,30,2535,269.536672681
high_downforce,maximum-wing,30,2540,270.629764643
high_downforce,maximum-wing,30,2545,271.700009456
high_downforce,maximum-wing,30,2550,272.748006683
high_downforce,maximum-wing,30,2555,273.774334445
high_downforce,maximum-wing,30,2560,274.779550476
high_downforce,maximum-wing,30,2565,275.764193095
high_downforce,maximum-wing,30,2570,276.728782135
high_downforce,maximum-wing,30,2575,277.673819802
high_downforce,maximum-wing,30,2580,278.599791488
high_downforce,maximum-wing,30,2585,279.507166538
high_downforce,maximum-wing,30,2590,280.396398964
high_downforce,maximum-wing,30,2595,281.267928125
high_downforce,maximum-wing,30,2600,282.122179365
high_downforce,maximum-wing,30,2605,282.959564616
high_downforce,maximum-wing,30,2610,283.780482966
high_downforce,maximum-wing,30,2615,284.585321198
high_downforce,maximum-wing,30,2620,285.374454299
high_downforce,maximum-wing,30,2625,286.148245941
high_downforce,maximum-wing,30,2630,286.907048937
high_downforce,maximum-wing,30,2635,287.651205673
high_downforce,maximum-wing,30,2640,288.379761468
high_downforce,maximum-wing,30,2645,289.092126192
high_downforce,maximum-wing,30,2650,289.788715166
high_downforce,maximum-wing,30,2655,290.469930439
high_downforce,maximum-wing,30,2660,291.136161337
high_downforce,maximum-wing,30,2665,291.787784986
high_downforce,maximum-wing,30,2670,292.42516681
high_downforce,maximum-wing,30,2675,293.048660996
high_downforce,maximum-wing,30,2680,293.658610943
high_downforce,maximum-wing,30,2685,294.255349684
high_downforce,maximum-wing,30,2690,294.839200286
high_downforce,maximum-wing,30,2695,295.410476233
high_downforce,maximum-wing,30,2700,295.96948179
high_downforce,maximum-wing,30,2705,296.516512347
high_downforce,maximum-wing,30,2710,297.051854748
high_downforce,maximum-wing,30,2715,297.575787606
high_downforce,maximum-wing,30,2720,298.088581602
high_downforce,maximum-wing,30,2725,298.590499768
high_downforce,maximum-wing,30,2730,299.08179776
high_downforce,maximum-wing,30,2735,299.562724119
high_downforce,maximum-wing,30,2740,300.033520518
high_downforce,maximum-wing,30,2745,300.494421999
high_downforce,maximum-wing,30,2750,300.945657203
high_downforce,maximum-wing,30,2755,301.387448581
high_downforce,maximum-wing,30,2760,301.820012607
high_downforce,maximum-wing,30,2765,302.243559976
high_downforce,maximum-wing,30,2770,302.658295791
high_downforce,maximum-wing,30,2775,303.064419752
high_downforce,maximum-wing,30,2780,303.462126324
high_downforce,maximum-wing,30,2785,303.851604913
high_downforce,maximum-wing,30,2790,304.233040019
high_downforce,maximum-wing,30,2795,304.606611397
high_downforce,maximum-wing,30,2800,304.972494202
high_downforce,maximum-wing,30,2805,305.330859136
high_downforce,maximum-wing,30,2810,305.681872579
high_downforce,maximum-wing,30,2815,306.025696729
high_downforce,maximum-wing,30,2820,306.362489722
high_downforce,maximum-wing,30,2825,306.692405757
high_downforce,maximum-wing,30,2830,307.015595215
high_downforce,maximum-wing,30,2835,307.33220477
high_downforce,maximum-wing,30,2840,307.642377499
high_downforce,maximum-wing,30,2845,307.94625299
high_downforce,maximum-wing,30,2850,308.243967437
high_downforce,maximum-wing,30,2855,308.535653742
high_downforce,maximum-wing,30,2860,308.821441611
high_downforce,maximum-wing,30,2865,309.089125991
high_downforce,maximum-wing,30,2870,309.351421163
high_downforce,maximum-wing,30,2875,309.608441742
high_downforce,maximum-wing,30,2880,309.860299655
high_downforce,maximum-wing,30,2885,310.107104212
high_downforce,maximum-wing,30,2890,310.348962182
high_downforce,maximum-wing,30,2895,310.585977857
high_downforce,maximum-wing,30,2900,310.818253119
high_downforce,maximum-wing,30,2905,311.045887508
high_downforce,maximum-wing,30,2910,311.268978279
high_downforce,maximum-wing,30,2915,311.487620466
high_downforce,maximum-wing,30,2920,311.701906941
high_downforce,maximum-wing,30,2925,311.911928465
high_downforce,maximum-wing,30,2930,312.117773749
high_downforce,maximum-wing,30,2935,312.319529505
high_downforce,maximum-wing,30,2940,312.517280494
high_downforce,maximum-wing,30,2945,312.711109581
high_downforce,maximum-wing,30,2950,312.90109778
high_downforce,maximum-wing,30,2955,313.087324302
high_downforce,maximum-wing,30,2960,313.2698666
high_downforce,maximum-wing,30,2965,313.448800413
high_downforce,maximum-wing,30,2970,313.624199808
high_downforce,maximum-wing,30,2975,313.796137224
high_downforce,maximum-wing,30,2980,313.964683511
high_downforce,maximum-wing,30,2985,314.129907965
high_downforce,maximum-wing,30,2990,314.291878375
high_downforce,maximum-wing,30,2995,314.45066105
high_downforce,maximum-wing,30,3000,314.606320862
high_downforce,maximum-wing,30,3005,314.758921278
high_downforce,maximum-wing,30,3010,314.908524392
high_downforce,maximum-wing,30,3015,315.055190961
high_downforce,maximum-wing,30,3020,315.198980438
high_downforce,maximum-wing,30,3025,315.245721273
high_downforce,maximum-wing,30,3030,315.245721273
high_downforce,maximum-wing,30,3035,315.245721273
high_downforce,maximum-wing,30,3040,315.245721273
high_downforce,maximum-wing,30,3045,315.245721273
high_downforce,maximum-wing,30,3050,315.245721273
high_downforce,maximum-wing,30,3055,315.245721273
high_downforce,maximum-wing,30,3060,315.245721273
high_downforce,maximum-wing,30,3065,315.245721273
high_downforce,maximum-wing,30,3070,315.245721273
high_downforce,maximum-wing,30,3075,312.777558122
high_downforce,maximum-wing,30,3080,310.314184698
high_downforce,maximum-wing,30,3085,308.244081588
high_downforce,maximum-wing,30,3090,306.159981779
high_downforce,maximum-wing,30,3095,303.801504507
high_downforce,maximum-wing,30,3100,301.098292185
high_downforce,maximum-wing,30,3105,298.56319304
high_downforce,maximum-wing,30,3110,296.222841267
high_downforce,maximum-wing,30,3115,294.093517284
high_downforce,maximum-wing,30,3120,292.029924945
high_downforce,maximum-wing,30,3125,290.022763514
high_downforce,maximum-wing,30,3130,288.068899612
high_downforce,maximum-wing,30,3135,286.160138038
high_downforce,maximum-wing,30,3140,284.275874909
high_downforce,maximum-wing,30,3145,282.395931536
high_downforce,maximum-wing,30,3150,280.500356845
high_downforce,maximum-wing,30,3155,278.579559276
high_downforce,maximum-wing,30,3160,276.629805441
high_downforce,maximum-wing,30,3165,274.649004282
high_downforce,maximum-wing,30,3170,272.64715013
high_downforce,maximum-wing,30,3175,270.658674961
high_downforce,maximum-wing,30,3180,268.68310713
high_downforce,maximum-wing,30,3185,266.719989213
high_downforce,maximum-wing,30,3190,264.768877246
high_downforce,maximum-wing,30,3195,262.829339997
high_downforce,maximum-wing,30,3200,260.900958274
high_downforce,maximum-wing,30,3205,258.98332428
high_downforce,maximum-wing,30,3210,257.076040983
high_downforce,maximum-wing,30,3215,255.178721532
high_downforce,maximum-wing,30,3220,253.290988693
high_downforce,maximum-wing,30,3225,251.412474311
high_downforce,maximum-wing,30,3230,249.542818796
high_downforce,maximum-wing,30,3235,247.681670636
high_downforce,maximum-wing,30,3240,245.828685925
high_downforce,maximum-wing,30,3245,243.983527911
high_downforce,maximum-wing,30,3250,242.145866566
high_downforce,maximum-wing,30,3255,240.315378166
high_downforce,maximum-wing,30,3260,238.491744889
high_downforce,maximum-wing,30,3265,236.674654429
high_downforce,maximum-wing,30,3270,234.863799617
high_downforce,maximum-wing,30,3275,233.058878058
high_downforce,maximum-wing,30,3280,231.259591774
high_downforce,maximum-wing,30,3285,229.465646863
high_downforce,maximum-wing,30,3290,227.676753159
high_downforce,maximum-wing,30,3295,225.892623902
high_downforce,maximum-wing,30,3300,224.112975417
high_downforce,maximum-wing,30,3305,222.337526794
high_downforce,maximum-wing,30,3310,220.565999575
high_downforce,maximum-wing,30,3315,220.565999575
high_downforce,maximum-wing,30,3320,220.565999575
high_downforce,maximum-wing,30,3325,220.565999575
high_downforce,maximum-wing,30,3330,220.565999575
high_downforce,maximum-wing,30,3335,220.565999575
high_downforce,maximum-wing,30,3340,220.565999575
high_downforce,maximum-wing,30,3345,220.565999575
high_downforce,maximum-wing,30,3350,220.565999575
high_downforce,maximum-wing,30,3355,220.565999575
high_downforce,maximum-wing,30,3360,220.565999575
high_downforce,maximum-wing,30,3365,220.565999575
high_downforce,maximum-wing,30,3370,220.565999575
high_downforce,maximum-wing,30,3375,220.565999575
high_downforce,maximum-wing,30,3380,220.59798624
high_downforce,maximum-wing,30,3385,220.761628534
high_downforce,maximum-wing,30,3390,221.03612465
high_downforce,maximum-wing,30,3395,221.406064729
high_downforce,maximum-wing,30,3400,221.85955516
high_downforce,maximum-wing,30,3405,222.387147181
high_downforce,maximum-wing,30,3410,222.981172702
high_downforce,maximum-wing,30,3415,223.635306875
high_downforce,maximum-wing,30,3420,224.344266253
high_downforce,maximum-wing,30,3425,225.103592663
high_downforce,maximum-wing,30,3430,225.909493722
high_downforce,maximum-wing,30,3435,226.758722209
high_downforce,maximum-wing,30,3440,227.648482899
high_downforce,maximum-wing,30,3445,228.576359318
high_downforce,maximum-wing,30,3450,229.540255299
high_downforce,maximum-wing,30,3455,230.538347712
high_downforce,maximum-wing,30,3460,231.569047812
high_downforce,maximum-wing,30,3465,232.630969303
high_downforce,maximum-wing,30,3470,233.722901718
high_downforce,maximum-wing,30,3475,234.843788066
high_downforce,maximum-wing,30,3480,235.992705912
high_downforce,maximum-wing,30,3485,237.168851279
high_downforce,maximum-wing,30,3490,238.371524862
high_downforce,maximum-wing,30,3495,239.600120164
high_downforce,maximum-wing,30,3500,240.85411324
high_downforce,maximum-wing,30,3505,242.13305379
high_downforce,maximum-wing,30,3510,243.436557395
high_downforce,maximum-wing,30,3515,244.764298721
high_downforce,maximum-wing,30,3520,246.116005557
high_downforce,maximum-wing,30,3525,247.491453559
high_downforce,maximum-wing,30,3530,248.890461606
high_downforce,maximum-wing,30,3535,250.312887694
high_downforce,maximum-wing,30,3540,251.758625276
high_downforce,maximum-wing,30,3545,253.227600009
high_downforce,maximum-wing,30,3550,254.719766851
high_downforce,maximum-wing,30,3555,256.235107456
high_downforce,maximum-wing,30,3560,257.77362784
high_downforce,maximum-wing,30,3565,259.335356282
high_downforce,maximum-wing,30,3570,260.875414039
high_downforce,maximum-wing,30,3575,262.368077862
high_downforce,maximum-wing,30,3580,263.815202769
high_downforce,maximum-wing,30,3585,265.037187653
high_downforce,maximum-wing,30,3590,266.232843032
high_downforce,maximum-wing,30,3595,267.402898435
high_downforce,maximum-wing,30,3600,268.548055284
high_downforce,maximum-wing,30,3605,269.668988387
high_downforce,maximum-wing,30,3610,270.76634732
high_downforce,maximum-wing,30,3615,271.840757727
high_downforce,maximum-wing,30,3620,272.892822523
high_downforce,maximum-wing,30,3625,273.918484238
high_downforce,maximum-wing,30,3630,274.923054618
high_downforce,maximum-wing,30,3635,275.907071192
high_downforce,maximum-wing,30,3640,276.871053037
high_downforce,maximum-wing,30,3645,277.815501647
high_downforce,maximum-wing,30,3650,278.740901732
high_downforce,maximum-wing,30,3655,279.647721989
high_downforce,maximum-wing,30,3660,280.536415814
high_downforce,maximum-wing,30,3665,281.407421978
high_downforce,maximum-wing,30,3670,282.261165264
high_downforce,maximum-wing,30,3675,283.098057069
high_downforce,maximum-wing,30,3680,283.918495971
high_downforce,maximum-wing,30,3685,284.722868266
high_downforce,maximum-wing,30,3690,285.511548473
high_downforce,maximum-wing,30,3695,286.284899819
high_downforce,maximum-wing,30,3700,287.043274691
high_downforce,maximum-wing,30,3705,287.787015065
high_downforce,maximum-wing,30,3710,288.514750372
high_downforce,maximum-wing,30,3715,289.22631811
high_downforce,maximum-wing,30,3720,289.922132789
high_downforce,maximum-wing,30,3725,290.602595677
high_downforce,maximum-wing,30,3730,291.268095355
high_downforce,maximum-wing,30,3735,291.919008237
high_downforce,maximum-wing,30,3740,292.555699062
high_downforce,maximum-wing,30,3745,293.178521365
high_downforce,maximum-wing,30,3750,293.787817917
high_downforce,maximum-wing,30,3755,294.383921147
high_downforce,maximum-wing,30,3760,294.967153547
high_downforce,maximum-wing,30,3765,295.537828045
high_downforce,maximum-wing,30,3770,296.096248374
high_downforce,maximum-wing,30,3775,296.642709412
high_downforce,maximum-wing,30,3780,297.177497512
high_downforce,maximum-wing,30,3785,297.700890815
high_downforce,maximum-wing,30,3790,298.213159545
high_downforce,maximum-wing,30,3795,298.714566297
high_downforce,maximum-wing,30,3800,299.205366307
high_downforce,maximum-wing,30,3805,299.685807708
high_downforce,maximum-wing,30,3810,300.156131784
high_downforce,maximum-wing,30,3815,300.6165732
high_downforce,maximum-wing,30,3820,301.067360232
high_downforce,maximum-wing,30,3825,301.508714983
high_downforce,maximum-wing,30,3830,301.940853589
high_downforce,maximum-wing,30,3835,302.363986417
high_downforce,maximum-wing,30,3840,302.778318258
high_downforce,maximum-wing,30,3845,303.184048507
high_downforce,maximum-wing,30,3850,303.581371337
high_downforce,maximum-wing,30,3855,303.970475867
high_downforce,maximum-wing,30,3860,304.351546327
high_downforce,maximum-wing,30,3865,304.724762206
high_downforce,maximum-wing,30,3870,305.090298403
high_downforce,maximum-wing,30,3875,305.448325373
high_downforce,maximum-wing,30,3880,305.799009257
high_downforce,maximum-wing,30,3885,306.142512019
high_downforce,maximum-wing,30,3890,306.478991573
high_downforce,maximum-wing,30,3895,306.808601901
high_downforce,maximum-wing,30,3900,307.131493174
high_downforce,maximum-wing,30,3905,307.447811862
high_downforce,maximum-wing,30,3910,307.757700845
high_downforce,maximum-wing,30,3915,308.06129952
high_downforce,maximum-wing,30,3920,308.358743896
high_downforce,maximum-wing,30,3925,308.650166697
high_downforce,maximum-wing,30,3930,308.935697454
high_downforce,maximum-wing,30,3935,309.215462594
high_downforce,maximum-wing,30,3940,309.489585532
high_downforce,maximum-wing,30,3945,309.758186751
high_downforce,maximum-wing,30,3950,310.021383887
high_downforce,maximum-wing,30,3955,310.279291806
high_downforce,maximum-wing,30,3960,310.532022678
high_downforce,maximum-wing,30,3965,310.779686058
high_downforce,maximum-wing,30,3970,311.022388949
high_downforce,maximum-wing,30,3975,311.260235874
high_downforce,maximum-wing,30,3980,311.493328946
high_downforce,maximum-wing,30,3985,311.721767925
high_downforce,maximum-wing,30,3990,311.945650289
high_downforce,maximum-wing,30,3995,312.165071285
high_downforce,maximum-wing,30,4000,312.380123997
high_downforce,maximum-wing,30,4005,312.590899395
high_downforce,maximum-wing,30,4010,312.797486393
high_downforce,maximum-wing,30,4015,312.999971902
high_downforce,maximum-wing,30,4020,313.198440883
high_downforce,maximum-wing,30,4025,313.392976391
high_downforce,maximum-wing,30,4030,313.583659633
high_downforce,maximum-wing,30,4035,313.583659633
high_downforce,maximum-wing,30,4040,313.583659633
high_downforce,maximum-wing,30,4045,313.583659633
high_downforce,maximum-wing,30,4050,313.583659633
high_downforce,maximum-wing,30,4055,313.583659633
high_downforce,maximum-wing,30,4060,313.583659633
high_downforce,maximum-wing,30,4065,313.583659633
high_downforce,maximum-wing,30,4070,313.583659633
high_downforce,maximum-wing,30,4075,313.583659633
high_downforce,maximum-wing,30,4080,313.583659633
high_downforce,maximum-wing,30,4085,313.583659633
high_downforce,maximum-wing,30,4090,313.583659633
high_downforce,maximum-wing,30,4095,313.583659633
high_downforce,maximum-wing,30,4100,313.649730102
high_downforce,maximum-wing,30,4105,313.798909406
high_downforce,maximum-wing,30,4110,313.975494271
high_downforce,maximum-wing,30,4115,314.148594516
high_downforce,maximum-wing,30,4120,314.318281452
high_downforce,maximum-wing,30,4125,314.484624829
high_downforce,maximum-wing,30,4130,314.647692876
high_downforce,maximum-wing,30,4135,314.807552333
high_downforce,maximum-wing,30,4140,314.964268495
high_downforce,maximum-wing,30,4145,315.117905239
high_downforce,maximum-wing,30,4150,315.268525064
high_downforce,maximum-wing,30,4155,315.41618912
high_downforce,maximum-wing,30,4160,315.560957244
high_downforce,maximum-wing,30,4165,315.702887986
high_downforce,maximum-wing,30,4170,315.842038647
high_downforce,maximum-wing,30,4175,315.978465302
high_downforce,maximum-wing,30,4180,316.11222283
high_downforce,maximum-wing,30,4185,316.243364944
high_downforce,maximum-wing,30,4190,316.37194422
high_downforce,maximum-wing,30,4195,316.498012116
high_downforce,maximum-wing,30,4200,316.621619006
high_downforce,maximum-wing,30,4205,316.742814201
high_downforce,maximum-wing,30,4210,316.861645974
high_downforce,maximum-wing,30,4215,316.978161583
high_downforce,maximum-wing,30,4220,317.092407298
high_downforce,maximum-wing,30,4225,317.204428418
high_downforce,maximum-wing,30,4230,317.314269296
high_downforce,maximum-wing,30,4235,317.421973362
high_downforce,maximum-wing,30,4240,317.527583141
high_downforce,maximum-wing,30,4245,317.631140274
high_downforce,maximum-wing,30,4250,317.732685539
high_downforce,maximum-wing,30,4255,317.832258868
high_downforce,maximum-wing,30,4260,317.92989937
high_downforce,maximum-wing,30,4265,318.025645344
high_downforce,maximum-wing,30,4270,318.119534302
high_downforce,maximum-wing,30,4275,318.211602983
high_downforce,maximum-wing,30,4280,318.30188737
high_downforce,maximum-wing,30,4285,318.390422709
high_downforce,maximum-wing,30,4290,318.477243525
high_downforce,maximum-wing,30,4295,318.562383635
high_downforce,maximum-wing,30,4300,318.645876165
high_downforce,maximum-wing,30,4305,318.727753567
high_downforce,maximum-wing,30,4310,318.80804763
high_downforce,maximum-wing,30,4315,318.886789497
high_downforce,maximum-wing,30,4320,318.964009678
high_downforce,maximum-wing,30,4325,319.039738064
high_downforce,maximum-wing,30,4330,319.11400394
high_downforce,maximum-wing,30,4335,319.186835999
high_downforce,maximum-wing,30,4340,319.258262351
high_downforce,maximum-wing,30,4345,319.328310542
high_downforce,maximum-wing,30,4350,316.055925411
high_downforce,maximum-wing,30,4355,306.167438449
high_downforce,maximum-wing,30,4360,296.079852615
high_downforce,maximum-wing,30,4365,285.770370793
high_downforce,maximum-wing,30,4370,275.212300581
high_downforce,maximum-wing,30,4375,264.425938723
high_downforce,maximum-wing,30,4380,253.580953651
high_downforce,maximum-wing,30,4385,242.672614741
high_downforce,maximum-wing,30,4390,231.693399655
high_downforce,maximum-wing,30,4395,220.63244847
high_downforce,maximum-wing,30,4400,209.474815509
high_downforce,maximum-wing,30,4405,198.200427234
high_downforce,maximum-wing,30,4410,186.782600382
high_downforce,maximum-wing,30,4415,186.782600382
high_downforce,maximum-wing,30,4420,186.782600382
high_downforce,maximum-wing,30,4425,186.782600382
high_downforce,maximum-wing,30,4430,186.782600382
high_downforce,maximum-wing,30,4435,186.782600382
high_downforce,maximum-wing,30,4440,186.782600382
high_downforce,maximum-wing,30,4445,186.782600382
high_downforce,maximum-wing,30,4450,186.782600382
high_downforce,maximum-wing,30,4455,186.782600382
high_downforce,maximum-wing,30,4460,186.782600382
high_downforce,maximum-wing,30,4465,186.782600382
high_downforce,maximum-wing,30,4470,186.782600382
high_downforce,maximum-wing,30,4475,186.782600382
high_downforce,maximum-wing,30,4480,186.782600382
high_downforce,maximum-wing,30,4485,186.782600382
high_downforce,maximum-wing,30,4490,186.782600382
high_downforce,maximum-wing,30,4495,186.782600382
high_downforce,maximum-wing,30,4500,186.782600382
high_downforce,maximum-wing,30,4505,186.782600382
high_downforce,maximum-wing,30,4510,186.782600382
high_downforce,maximum-wing,30,4515,186.782600382
high_downforce,maximum-wing,30,4520,186.782600382
high_downforce,maximum-wing,30,4525,186.782600382
high_downforce,maximum-wing,30,4530,186.782600382
high_downforce,maximum-wing,30,4535,186.782600382
high_downforce,maximum-wing,30,4540,186.782600382
high_downforce,maximum-wing,30,4545,186.782600382
high_downforce,maximum-wing,30,4550,186.782600382
high_downforce,maximum-wing,30,4555,186.782600382
high_downforce,maximum-wing,30,4560,186.782600382
high_downforce,maximum-wing,30,4565,186.782600382
high_downforce,maximum-wing,30,4570,186.782600382
high_downforce,maximum-wing,30,4575,186.782600382
high_downforce,maximum-wing,30,4580,186.782600382
high_downforce,maximum-wing,30,4585,186.782600382
high_downforce,maximum-wing,30,4590,186.782600382
high_downforce,maximum-wing,30,4595,186.782600382
high_downforce,maximum-wing,30,4600,186.782600382
high_downforce,maximum-wing,30,4605,186.782600382
high_downforce,maximum-wing,30,4610,186.782600382
high_downforce,maximum-wing,30,4615,186.782600382
high_downforce,maximum-wing,30,4620,186.782600382
high_downforce,maximum-wing,30,4625,186.782600382
high_downforce,maximum-wing,30,4630,186.782600382
high_downforce,maximum-wing,30,4635,186.782600382
high_downforce,maximum-wing,30,4640,186.782600382
high_downforce,maximum-wing,30,4645,186.782600382
high_downforce,maximum-wing,30,4650,186.782600382
high_downforce,maximum-wing,30,4655,186.782600382
high_downforce,maximum-wing,30,4660,186.782600382
high_downforce,maximum-wing,30,4665,186.782600382
high_downforce,maximum-wing,30,4670,186.782600382
high_downforce,maximum-wing,30,4675,186.782600382
high_downforce,maximum-wing,30,4680,186.782600382
high_downforce,maximum-wing,30,4685,186.782600382
high_downforce,maximum-wing,30,4690,186.782600382
high_downforce,maximum-wing,30,4695,186.782600382
high_downforce,maximum-wing,30,4700,186.782600382
high_downforce,maximum-wing,30,4705,186.782600382
high_downforce,maximum-wing,30,4710,186.782600382
high_downforce,maximum-wing,30,4715,186.782600382
